FRAME:211:06304b0760bc3a24
{"type":"MISSION_INITIALIZED","mission_id":"WINDOWS_COURIER_DURABLE_AUTONOMY_RUNTIME_MULTI_HOUR_V1","host":"PC2_WINDOWS_10_X64","started_at_utc":"2026-09-10T04:33:35.021Z","timestamp":"2026-09-10T04:33:35.023Z"}
FRAME:754:af61edec588e7d2f
{"type":"GOAL_CREATED","goal":{"goal_id":"GOAL-DURABLE-AUTONOMY-V1","goal_version":1,"owner":"CHIEF","title":"Autonomous Courier Multi-Hour Runtime Verification & Hardening","acceptance_criteria":["CRIT_CONSTITUTION_VALIDATED","CRIT_EVENT_SOURCED_DURABILITY_PROVEN","CRIT_HIERARCHICAL_NTFS_MUTEX_ASSERTED","CRIT_SUBPROCESS_ORPHAN_REAPED","CRIT_10K_DIFFERENTIAL_LADDER_PASSED","CRIT_AUTHORITY_MUTATIONS_KILLED","CRIT_CROSS_REPO_NORMALIZED","CRIT_10K_JOURNAL_COMPACTED","CRIT_MONEY_FACTORY_CONTRACT_VERIFIED","CRIT_POST_FREEZE_PACKAGE_EMITTED","CRIT_LOW_WATER_REPLENISHMENT_PROVEN"],"evidence_requirements":[],"dependencies":[],"human_gates":[],"risk":"LOW","status":"ACTIVE","created_at":"2026-09-10T04:33:35.026Z"},"timestamp":"2026-09-10T04:33:35.026Z"}
FRAME:781:be8b0492932c7ebb
{"type":"TASK_PROPOSED","task":{"task_id":"TASK-1789014815030-1","task_version":1,"title":"Constitution Integrity & Environmental Confinement Probe","priority":"P0","goal_id":"GOAL-DURABLE-AUTONOMY-V1","working_dir":"C:\\Users\\lol\\2026-workspace\\courier\\scratch\\durable_autonomy_runtime_multi_hour_v1\\scratch\\TASK-1789014815030-1","required_capability":"WORKSPACE_WRITE","scope_paths":["C:\\Users\\lol\\2026-workspace\\courier\\scratch\\durable_autonomy_runtime_multi_hour_v1\\scratch\\TASK-1789014815030-1"],"fingerprint":"8183d24318e99eeac354dcdf4aa8509ea7c33a98fdbb8df4351adf4d9d899526","payload":{},"state":"PROPOSED","created_at":"2026-09-10T04:33:35.031Z","history":[{"state":"PROPOSED","timestamp":"2026-09-10T04:33:35.031Z"}]},"timestamp":"2026-09-10T04:33:35.031Z"}
FRAME:212:973e1c5113460435
{"type":"TASK_NEGOTIATED","task_id":"TASK-1789014815030-1","negotiation":{"action":"PROCEED_TO_STAMP","task_id":"TASK-1789014815030-1","next_state":"APPROVED_FOR_DISPATCH"},"timestamp":"2026-09-10T04:33:35.032Z"}
FRAME:478:7b375b1f873d8c15
{"type":"TASK_STAMPED","task_id":"TASK-1789014815030-1","passport":{"task_id":"TASK-1789014815030-1","task_version":1,"goal_id":"GOAL-DURABLE-AUTONOMY-V1","scope_paths":["c:/users/lol/2026-workspace/courier/scratch/durable_autonomy_runtime_multi_hour_v1/scratch/task-1789014815030-1"],"max_capability":"WORKSPACE_WRITE","signature":"7c4b1516b709ea0ab233072bf08a9f253d294946ab229c1f4b918e833f38e712","issued_at":"2026-09-10T04:33:35.033Z"},"timestamp":"2026-09-10T04:33:35.033Z"}
FRAME:781:909014585538f40f
{"type":"TASK_PROPOSED","task":{"task_id":"TASK-1789014815035-1","task_version":1,"title":"Constitution Integrity & Environmental Confinement Probe","priority":"P0","goal_id":"GOAL-DURABLE-AUTONOMY-V1","working_dir":"C:\\Users\\lol\\2026-workspace\\courier\\scratch\\durable_autonomy_runtime_multi_hour_v1\\scratch\\TASK-1789014815035-1","required_capability":"WORKSPACE_WRITE","scope_paths":["C:\\Users\\lol\\2026-workspace\\courier\\scratch\\durable_autonomy_runtime_multi_hour_v1\\scratch\\TASK-1789014815035-1"],"fingerprint":"a52e63f8f9f8b4bc15d014f27c7ba30a5e318566d4117e41d390863f36d5a28e","payload":{},"state":"PROPOSED","created_at":"2026-09-10T04:33:35.035Z","history":[{"state":"PROPOSED","timestamp":"2026-09-10T04:33:35.035Z"}]},"timestamp":"2026-09-10T04:33:35.035Z"}
FRAME:212:816103784ca641e6
{"type":"TASK_NEGOTIATED","task_id":"TASK-1789014815035-1","negotiation":{"action":"PROCEED_TO_STAMP","task_id":"TASK-1789014815035-1","next_state":"APPROVED_FOR_DISPATCH"},"timestamp":"2026-09-10T04:33:35.036Z"}
FRAME:478:b3d346b58c216393
{"type":"TASK_STAMPED","task_id":"TASK-1789014815035-1","passport":{"task_id":"TASK-1789014815035-1","task_version":1,"goal_id":"GOAL-DURABLE-AUTONOMY-V1","scope_paths":["c:/users/lol/2026-workspace/courier/scratch/durable_autonomy_runtime_multi_hour_v1/scratch/task-1789014815035-1"],"max_capability":"WORKSPACE_WRITE","signature":"7f02d0589ee2aa59aea8215b63636e186f8b791c87eb2126a10c536e71196f1f","issued_at":"2026-09-10T04:33:35.036Z"},"timestamp":"2026-09-10T04:33:35.036Z"}
FRAME:781:247cffe35488d708
{"type":"TASK_PROPOSED","task":{"task_id":"TASK-1789014815038-1","task_version":1,"title":"Constitution Integrity & Environmental Confinement Probe","priority":"P0","goal_id":"GOAL-DURABLE-AUTONOMY-V1","working_dir":"C:\\Users\\lol\\2026-workspace\\courier\\scratch\\durable_autonomy_runtime_multi_hour_v1\\scratch\\TASK-1789014815038-1","required_capability":"WORKSPACE_WRITE","scope_paths":["C:\\Users\\lol\\2026-workspace\\courier\\scratch\\durable_autonomy_runtime_multi_hour_v1\\scratch\\TASK-1789014815038-1"],"fingerprint":"2ee4403200286fcb4a1d6443b8d97544e13bc4bcd392e98f1282bcc0ca8f7aa7","payload":{},"state":"PROPOSED","created_at":"2026-09-10T04:33:35.039Z","history":[{"state":"PROPOSED","timestamp":"2026-09-10T04:33:35.039Z"}]},"timestamp":"2026-09-10T04:33:35.039Z"}
FRAME:212:5cb86413a1c1a6ac
{"type":"TASK_NEGOTIATED","task_id":"TASK-1789014815038-1","negotiation":{"action":"PROCEED_TO_STAMP","task_id":"TASK-1789014815038-1","next_state":"APPROVED_FOR_DISPATCH"},"timestamp":"2026-09-10T04:33:35.039Z"}
FRAME:478:e7a6738a25496bff
{"type":"TASK_STAMPED","task_id":"TASK-1789014815038-1","passport":{"task_id":"TASK-1789014815038-1","task_version":1,"goal_id":"GOAL-DURABLE-AUTONOMY-V1","scope_paths":["c:/users/lol/2026-workspace/courier/scratch/durable_autonomy_runtime_multi_hour_v1/scratch/task-1789014815038-1"],"max_capability":"WORKSPACE_WRITE","signature":"fba669fc4fb58e6da06a0d4f1c268447ed73208f3277b371a6640e835982b614","issued_at":"2026-09-10T04:33:35.040Z"},"timestamp":"2026-09-10T04:33:35.040Z"}
FRAME:781:06bfbb4f45a533f5
{"type":"TASK_PROPOSED","task":{"task_id":"TASK-1789014815040-1","task_version":1,"title":"Constitution Integrity & Environmental Confinement Probe","priority":"P0","goal_id":"GOAL-DURABLE-AUTONOMY-V1","working_dir":"C:\\Users\\lol\\2026-workspace\\courier\\scratch\\durable_autonomy_runtime_multi_hour_v1\\scratch\\TASK-1789014815040-1","required_capability":"WORKSPACE_WRITE","scope_paths":["C:\\Users\\lol\\2026-workspace\\courier\\scratch\\durable_autonomy_runtime_multi_hour_v1\\scratch\\TASK-1789014815040-1"],"fingerprint":"4af7badac2040263535184f924023548d5fef157b64af44f62710225321d9c30","payload":{},"state":"PROPOSED","created_at":"2026-09-10T04:33:35.041Z","history":[{"state":"PROPOSED","timestamp":"2026-09-10T04:33:35.041Z"}]},"timestamp":"2026-09-10T04:33:35.041Z"}
FRAME:212:2439880b8e5c7776
{"type":"TASK_NEGOTIATED","task_id":"TASK-1789014815040-1","negotiation":{"action":"PROCEED_TO_STAMP","task_id":"TASK-1789014815040-1","next_state":"APPROVED_FOR_DISPATCH"},"timestamp":"2026-09-10T04:33:35.041Z"}
FRAME:478:8cede5fe3ab14eb3
{"type":"TASK_STAMPED","task_id":"TASK-1789014815040-1","passport":{"task_id":"TASK-1789014815040-1","task_version":1,"goal_id":"GOAL-DURABLE-AUTONOMY-V1","scope_paths":["c:/users/lol/2026-workspace/courier/scratch/durable_autonomy_runtime_multi_hour_v1/scratch/task-1789014815040-1"],"max_capability":"WORKSPACE_WRITE","signature":"0812bf87eadab021f1f0b532059983059c9ef3c039cb6e7f59426be51ab1b47b","issued_at":"2026-09-10T04:33:35.041Z"},"timestamp":"2026-09-10T04:33:35.041Z"}
FRAME:781:81cbc2fd2bbdc6ca
{"type":"TASK_PROPOSED","task":{"task_id":"TASK-1789014815042-1","task_version":1,"title":"Constitution Integrity & Environmental Confinement Probe","priority":"P0","goal_id":"GOAL-DURABLE-AUTONOMY-V1","working_dir":"C:\\Users\\lol\\2026-workspace\\courier\\scratch\\durable_autonomy_runtime_multi_hour_v1\\scratch\\TASK-1789014815042-1","required_capability":"WORKSPACE_WRITE","scope_paths":["C:\\Users\\lol\\2026-workspace\\courier\\scratch\\durable_autonomy_runtime_multi_hour_v1\\scratch\\TASK-1789014815042-1"],"fingerprint":"bb75a4393a410657254727d94185bc49333750e2392c7ec8749c4367e7a4da3a","payload":{},"state":"PROPOSED","created_at":"2026-09-10T04:33:35.042Z","history":[{"state":"PROPOSED","timestamp":"2026-09-10T04:33:35.042Z"}]},"timestamp":"2026-09-10T04:33:35.042Z"}
FRAME:212:9a4f2c755f9401a4
{"type":"TASK_NEGOTIATED","task_id":"TASK-1789014815042-1","negotiation":{"action":"PROCEED_TO_STAMP","task_id":"TASK-1789014815042-1","next_state":"APPROVED_FOR_DISPATCH"},"timestamp":"2026-09-10T04:33:35.043Z"}
FRAME:478:9d1e510045a4cbad
{"type":"TASK_STAMPED","task_id":"TASK-1789014815042-1","passport":{"task_id":"TASK-1789014815042-1","task_version":1,"goal_id":"GOAL-DURABLE-AUTONOMY-V1","scope_paths":["c:/users/lol/2026-workspace/courier/scratch/durable_autonomy_runtime_multi_hour_v1/scratch/task-1789014815042-1"],"max_capability":"WORKSPACE_WRITE","signature":"059c29a469e160779d2e2a3d41d13e168a322f8254ac7d18f2c5c36d1fe3f0e2","issued_at":"2026-09-10T04:33:35.043Z"},"timestamp":"2026-09-10T04:33:35.043Z"}
FRAME:781:415bf146c436204a
{"type":"TASK_PROPOSED","task":{"task_id":"TASK-1789014815044-1","task_version":1,"title":"Constitution Integrity & Environmental Confinement Probe","priority":"P0","goal_id":"GOAL-DURABLE-AUTONOMY-V1","working_dir":"C:\\Users\\lol\\2026-workspace\\courier\\scratch\\durable_autonomy_runtime_multi_hour_v1\\scratch\\TASK-1789014815044-1","required_capability":"WORKSPACE_WRITE","scope_paths":["C:\\Users\\lol\\2026-workspace\\courier\\scratch\\durable_autonomy_runtime_multi_hour_v1\\scratch\\TASK-1789014815044-1"],"fingerprint":"4755a83d954d0897fa2ab7f05e2245e80cc96cd1ee7d18578be23a7959e5abad","payload":{},"state":"PROPOSED","created_at":"2026-09-10T04:33:35.044Z","history":[{"state":"PROPOSED","timestamp":"2026-09-10T04:33:35.044Z"}]},"timestamp":"2026-09-10T04:33:35.044Z"}
FRAME:212:e27a3641f403cb87
{"type":"TASK_NEGOTIATED","task_id":"TASK-1789014815044-1","negotiation":{"action":"PROCEED_TO_STAMP","task_id":"TASK-1789014815044-1","next_state":"APPROVED_FOR_DISPATCH"},"timestamp":"2026-09-10T04:33:35.044Z"}
FRAME:478:509a3b586aef84b7
{"type":"TASK_STAMPED","task_id":"TASK-1789014815044-1","passport":{"task_id":"TASK-1789014815044-1","task_version":1,"goal_id":"GOAL-DURABLE-AUTONOMY-V1","scope_paths":["c:/users/lol/2026-workspace/courier/scratch/durable_autonomy_runtime_multi_hour_v1/scratch/task-1789014815044-1"],"max_capability":"WORKSPACE_WRITE","signature":"727cb44795851fbbaec2e6b4df365a4917d405f825d314e37bcd66cebedfa011","issued_at":"2026-09-10T04:33:35.045Z"},"timestamp":"2026-09-10T04:33:35.045Z"}
FRAME:781:f74dfddef5a76077
{"type":"TASK_PROPOSED","task":{"task_id":"TASK-1789014815045-1","task_version":1,"title":"Constitution Integrity & Environmental Confinement Probe","priority":"P0","goal_id":"GOAL-DURABLE-AUTONOMY-V1","working_dir":"C:\\Users\\lol\\2026-workspace\\courier\\scratch\\durable_autonomy_runtime_multi_hour_v1\\scratch\\TASK-1789014815045-1","required_capability":"WORKSPACE_WRITE","scope_paths":["C:\\Users\\lol\\2026-workspace\\courier\\scratch\\durable_autonomy_runtime_multi_hour_v1\\scratch\\TASK-1789014815045-1"],"fingerprint":"d3034939fe5b734f5c416509cc2afbcc8abfb440f83bb7ac527b14871c8d6565","payload":{},"state":"PROPOSED","created_at":"2026-09-10T04:33:35.046Z","history":[{"state":"PROPOSED","timestamp":"2026-09-10T04:33:35.046Z"}]},"timestamp":"2026-09-10T04:33:35.046Z"}
FRAME:212:2def1f809640a721
{"type":"TASK_NEGOTIATED","task_id":"TASK-1789014815045-1","negotiation":{"action":"PROCEED_TO_STAMP","task_id":"TASK-1789014815045-1","next_state":"APPROVED_FOR_DISPATCH"},"timestamp":"2026-09-10T04:33:35.046Z"}
FRAME:478:2eeb638feef55dee
{"type":"TASK_STAMPED","task_id":"TASK-1789014815045-1","passport":{"task_id":"TASK-1789014815045-1","task_version":1,"goal_id":"GOAL-DURABLE-AUTONOMY-V1","scope_paths":["c:/users/lol/2026-workspace/courier/scratch/durable_autonomy_runtime_multi_hour_v1/scratch/task-1789014815045-1"],"max_capability":"WORKSPACE_WRITE","signature":"18d08b1b97e5c6cf6950ed62c4f7b6e4f35a5c8dfa92cf3888a6c6ce729d72ad","issued_at":"2026-09-10T04:33:35.047Z"},"timestamp":"2026-09-10T04:33:35.047Z"}
FRAME:781:73cd22244930df81
{"type":"TASK_PROPOSED","task":{"task_id":"TASK-1789014815047-1","task_version":1,"title":"Constitution Integrity & Environmental Confinement Probe","priority":"P0","goal_id":"GOAL-DURABLE-AUTONOMY-V1","working_dir":"C:\\Users\\lol\\2026-workspace\\courier\\scratch\\durable_autonomy_runtime_multi_hour_v1\\scratch\\TASK-1789014815047-1","required_capability":"WORKSPACE_WRITE","scope_paths":["C:\\Users\\lol\\2026-workspace\\courier\\scratch\\durable_autonomy_runtime_multi_hour_v1\\scratch\\TASK-1789014815047-1"],"fingerprint":"6203a8d016e5044ee2ef7feeae86d4b8e47a6942f8457e72db70d265c6052318","payload":{},"state":"PROPOSED","created_at":"2026-09-10T04:33:35.048Z","history":[{"state":"PROPOSED","timestamp":"2026-09-10T04:33:35.048Z"}]},"timestamp":"2026-09-10T04:33:35.048Z"}
FRAME:212:cd06189ca5ac21aa
{"type":"TASK_NEGOTIATED","task_id":"TASK-1789014815047-1","negotiation":{"action":"PROCEED_TO_STAMP","task_id":"TASK-1789014815047-1","next_state":"APPROVED_FOR_DISPATCH"},"timestamp":"2026-09-10T04:33:35.049Z"}
FRAME:478:8ecce1e7752306ed
{"type":"TASK_STAMPED","task_id":"TASK-1789014815047-1","passport":{"task_id":"TASK-1789014815047-1","task_version":1,"goal_id":"GOAL-DURABLE-AUTONOMY-V1","scope_paths":["c:/users/lol/2026-workspace/courier/scratch/durable_autonomy_runtime_multi_hour_v1/scratch/task-1789014815047-1"],"max_capability":"WORKSPACE_WRITE","signature":"7b76c296c362c172c91329615d490b6efd95c22954e383dbce684d0f3698926b","issued_at":"2026-09-10T04:33:35.049Z"},"timestamp":"2026-09-10T04:33:35.050Z"}
FRAME:781:5f1e0cb357401ffb
{"type":"TASK_PROPOSED","task":{"task_id":"TASK-1789014815050-1","task_version":1,"title":"Constitution Integrity & Environmental Confinement Probe","priority":"P0","goal_id":"GOAL-DURABLE-AUTONOMY-V1","working_dir":"C:\\Users\\lol\\2026-workspace\\courier\\scratch\\durable_autonomy_runtime_multi_hour_v1\\scratch\\TASK-1789014815050-1","required_capability":"WORKSPACE_WRITE","scope_paths":["C:\\Users\\lol\\2026-workspace\\courier\\scratch\\durable_autonomy_runtime_multi_hour_v1\\scratch\\TASK-1789014815050-1"],"fingerprint":"fc503f663d1ca9dcd15d91590edf59f0244ac700f69a5dcc9f8c002f4c7efab4","payload":{},"state":"PROPOSED","created_at":"2026-09-10T04:33:35.051Z","history":[{"state":"PROPOSED","timestamp":"2026-09-10T04:33:35.051Z"}]},"timestamp":"2026-09-10T04:33:35.051Z"}
FRAME:212:1f9b62e7a17d8f73
{"type":"TASK_NEGOTIATED","task_id":"TASK-1789014815050-1","negotiation":{"action":"PROCEED_TO_STAMP","task_id":"TASK-1789014815050-1","next_state":"APPROVED_FOR_DISPATCH"},"timestamp":"2026-09-10T04:33:35.051Z"}
FRAME:478:5f3321c9fabde76d
{"type":"TASK_STAMPED","task_id":"TASK-1789014815050-1","passport":{"task_id":"TASK-1789014815050-1","task_version":1,"goal_id":"GOAL-DURABLE-AUTONOMY-V1","scope_paths":["c:/users/lol/2026-workspace/courier/scratch/durable_autonomy_runtime_multi_hour_v1/scratch/task-1789014815050-1"],"max_capability":"WORKSPACE_WRITE","signature":"4bf55ed89a6a31c61f0c87574ec1344edff838382b498be9810affb7130469f4","issued_at":"2026-09-10T04:33:35.052Z"},"timestamp":"2026-09-10T04:33:35.052Z"}
FRAME:781:9fcdb1384ea9bccf
{"type":"TASK_PROPOSED","task":{"task_id":"TASK-1789014815053-1","task_version":1,"title":"Constitution Integrity & Environmental Confinement Probe","priority":"P0","goal_id":"GOAL-DURABLE-AUTONOMY-V1","working_dir":"C:\\Users\\lol\\2026-workspace\\courier\\scratch\\durable_autonomy_runtime_multi_hour_v1\\scratch\\TASK-1789014815053-1","required_capability":"WORKSPACE_WRITE","scope_paths":["C:\\Users\\lol\\2026-workspace\\courier\\scratch\\durable_autonomy_runtime_multi_hour_v1\\scratch\\TASK-1789014815053-1"],"fingerprint":"04a0751305f482c19a9caeb7ff8cea48f32d7a2bd4e1c248f934b779ea73dc77","payload":{},"state":"PROPOSED","created_at":"2026-09-10T04:33:35.053Z","history":[{"state":"PROPOSED","timestamp":"2026-09-10T04:33:35.053Z"}]},"timestamp":"2026-09-10T04:33:35.053Z"}
FRAME:212:4c5340d7a674b77c
{"type":"TASK_NEGOTIATED","task_id":"TASK-1789014815053-1","negotiation":{"action":"PROCEED_TO_STAMP","task_id":"TASK-1789014815053-1","next_state":"APPROVED_FOR_DISPATCH"},"timestamp":"2026-09-10T04:33:35.053Z"}
FRAME:478:10bb9d4e3b3d6898
{"type":"TASK_STAMPED","task_id":"TASK-1789014815053-1","passport":{"task_id":"TASK-1789014815053-1","task_version":1,"goal_id":"GOAL-DURABLE-AUTONOMY-V1","scope_paths":["c:/users/lol/2026-workspace/courier/scratch/durable_autonomy_runtime_multi_hour_v1/scratch/task-1789014815053-1"],"max_capability":"WORKSPACE_WRITE","signature":"cbf4f88beae9f5162a7178b370d4047a37c912ab3ee1560e9f383cd9b83dfa2c","issued_at":"2026-09-10T04:33:35.054Z"},"timestamp":"2026-09-10T04:33:35.054Z"}
FRAME:781:f69e0196a2ae8ab9
{"type":"TASK_PROPOSED","task":{"task_id":"TASK-1789014815054-1","task_version":1,"title":"Constitution Integrity & Environmental Confinement Probe","priority":"P0","goal_id":"GOAL-DURABLE-AUTONOMY-V1","working_dir":"C:\\Users\\lol\\2026-workspace\\courier\\scratch\\durable_autonomy_runtime_multi_hour_v1\\scratch\\TASK-1789014815054-1","required_capability":"WORKSPACE_WRITE","scope_paths":["C:\\Users\\lol\\2026-workspace\\courier\\scratch\\durable_autonomy_runtime_multi_hour_v1\\scratch\\TASK-1789014815054-1"],"fingerprint":"8befe35e6af0ff553ede4f202f7d12194f81eaefc13b9119f74b434ce08a43b1","payload":{},"state":"PROPOSED","created_at":"2026-09-10T04:33:35.055Z","history":[{"state":"PROPOSED","timestamp":"2026-09-10T04:33:35.055Z"}]},"timestamp":"2026-09-10T04:33:35.055Z"}
FRAME:212:c40cefffcacc489c
{"type":"TASK_NEGOTIATED","task_id":"TASK-1789014815054-1","negotiation":{"action":"PROCEED_TO_STAMP","task_id":"TASK-1789014815054-1","next_state":"APPROVED_FOR_DISPATCH"},"timestamp":"2026-09-10T04:33:35.055Z"}
FRAME:478:71f5e0442d887c64
{"type":"TASK_STAMPED","task_id":"TASK-1789014815054-1","passport":{"task_id":"TASK-1789014815054-1","task_version":1,"goal_id":"GOAL-DURABLE-AUTONOMY-V1","scope_paths":["c:/users/lol/2026-workspace/courier/scratch/durable_autonomy_runtime_multi_hour_v1/scratch/task-1789014815054-1"],"max_capability":"WORKSPACE_WRITE","signature":"2ff8cd9a756298034282c5e1b8222862891408d652e438e280969409846c3cbf","issued_at":"2026-09-10T04:33:35.055Z"},"timestamp":"2026-09-10T04:33:35.055Z"}
FRAME:781:8d2275bbf21b1f89
{"type":"TASK_PROPOSED","task":{"task_id":"TASK-1789014815056-1","task_version":1,"title":"Constitution Integrity & Environmental Confinement Probe","priority":"P0","goal_id":"GOAL-DURABLE-AUTONOMY-V1","working_dir":"C:\\Users\\lol\\2026-workspace\\courier\\scratch\\durable_autonomy_runtime_multi_hour_v1\\scratch\\TASK-1789014815056-1","required_capability":"WORKSPACE_WRITE","scope_paths":["C:\\Users\\lol\\2026-workspace\\courier\\scratch\\durable_autonomy_runtime_multi_hour_v1\\scratch\\TASK-1789014815056-1"],"fingerprint":"e4ab245d08c54b31a686b42202f41eeb81b97cead762b8eeb5098f772ebe3395","payload":{},"state":"PROPOSED","created_at":"2026-09-10T04:33:35.056Z","history":[{"state":"PROPOSED","timestamp":"2026-09-10T04:33:35.056Z"}]},"timestamp":"2026-09-10T04:33:35.056Z"}
FRAME:212:742de07f614aa998
{"type":"TASK_NEGOTIATED","task_id":"TASK-1789014815056-1","negotiation":{"action":"PROCEED_TO_STAMP","task_id":"TASK-1789014815056-1","next_state":"APPROVED_FOR_DISPATCH"},"timestamp":"2026-09-10T04:33:35.057Z"}
FRAME:478:82d656ef690c037a
{"type":"TASK_STAMPED","task_id":"TASK-1789014815056-1","passport":{"task_id":"TASK-1789014815056-1","task_version":1,"goal_id":"GOAL-DURABLE-AUTONOMY-V1","scope_paths":["c:/users/lol/2026-workspace/courier/scratch/durable_autonomy_runtime_multi_hour_v1/scratch/task-1789014815056-1"],"max_capability":"WORKSPACE_WRITE","signature":"2f8ef9b010a85f895866d8c0b60ce6bc49728442f8e4c36e270188cc48bea0dc","issued_at":"2026-09-10T04:33:35.057Z"},"timestamp":"2026-09-10T04:33:35.057Z"}
FRAME:781:d6e30bdd34eccc0a
{"type":"TASK_PROPOSED","task":{"task_id":"TASK-1789014815058-1","task_version":1,"title":"Constitution Integrity & Environmental Confinement Probe","priority":"P0","goal_id":"GOAL-DURABLE-AUTONOMY-V1","working_dir":"C:\\Users\\lol\\2026-workspace\\courier\\scratch\\durable_autonomy_runtime_multi_hour_v1\\scratch\\TASK-1789014815058-1","required_capability":"WORKSPACE_WRITE","scope_paths":["C:\\Users\\lol\\2026-workspace\\courier\\scratch\\durable_autonomy_runtime_multi_hour_v1\\scratch\\TASK-1789014815058-1"],"fingerprint":"3ad9066f1575ea9ee09c271ca6163ab1a2205be9505eae248134abc0f35e740a","payload":{},"state":"PROPOSED","created_at":"2026-09-10T04:33:35.058Z","history":[{"state":"PROPOSED","timestamp":"2026-09-10T04:33:35.058Z"}]},"timestamp":"2026-09-10T04:33:35.058Z"}
FRAME:212:9fea76c16895057c
{"type":"TASK_NEGOTIATED","task_id":"TASK-1789014815058-1","negotiation":{"action":"PROCEED_TO_STAMP","task_id":"TASK-1789014815058-1","next_state":"APPROVED_FOR_DISPATCH"},"timestamp":"2026-09-10T04:33:35.058Z"}
FRAME:478:27b0bf0525f44001
{"type":"TASK_STAMPED","task_id":"TASK-1789014815058-1","passport":{"task_id":"TASK-1789014815058-1","task_version":1,"goal_id":"GOAL-DURABLE-AUTONOMY-V1","scope_paths":["c:/users/lol/2026-workspace/courier/scratch/durable_autonomy_runtime_multi_hour_v1/scratch/task-1789014815058-1"],"max_capability":"WORKSPACE_WRITE","signature":"1288d8c2a4f44145bdd245f5b25742162cf49af99ea558e40c01bc7e7d4e0739","issued_at":"2026-09-10T04:33:35.059Z"},"timestamp":"2026-09-10T04:33:35.059Z"}
FRAME:781:bb7f3b0be2022f30
{"type":"TASK_PROPOSED","task":{"task_id":"TASK-1789014815059-1","task_version":1,"title":"Constitution Integrity & Environmental Confinement Probe","priority":"P0","goal_id":"GOAL-DURABLE-AUTONOMY-V1","working_dir":"C:\\Users\\lol\\2026-workspace\\courier\\scratch\\durable_autonomy_runtime_multi_hour_v1\\scratch\\TASK-1789014815059-1","required_capability":"WORKSPACE_WRITE","scope_paths":["C:\\Users\\lol\\2026-workspace\\courier\\scratch\\durable_autonomy_runtime_multi_hour_v1\\scratch\\TASK-1789014815059-1"],"fingerprint":"1e7bcebbfff1b6e4527bc8f180bee57481c43a100a3ebef51189f623adce874c","payload":{},"state":"PROPOSED","created_at":"2026-09-10T04:33:35.060Z","history":[{"state":"PROPOSED","timestamp":"2026-09-10T04:33:35.060Z"}]},"timestamp":"2026-09-10T04:33:35.060Z"}
FRAME:212:cab6ab3001bb2c44
{"type":"TASK_NEGOTIATED","task_id":"TASK-1789014815059-1","negotiation":{"action":"PROCEED_TO_STAMP","task_id":"TASK-1789014815059-1","next_state":"APPROVED_FOR_DISPATCH"},"timestamp":"2026-09-10T04:33:35.060Z"}
FRAME:478:9c25e071550b23f4
{"type":"TASK_STAMPED","task_id":"TASK-1789014815059-1","passport":{"task_id":"TASK-1789014815059-1","task_version":1,"goal_id":"GOAL-DURABLE-AUTONOMY-V1","scope_paths":["c:/users/lol/2026-workspace/courier/scratch/durable_autonomy_runtime_multi_hour_v1/scratch/task-1789014815059-1"],"max_capability":"WORKSPACE_WRITE","signature":"b814fed85414266dbf7a3ba8c8a4251bed218c63647711ee50cf04b89a4531e9","issued_at":"2026-09-10T04:33:35.060Z"},"timestamp":"2026-09-10T04:33:35.060Z"}
FRAME:781:7233c0a93ac34c63
{"type":"TASK_PROPOSED","task":{"task_id":"TASK-1789014815061-1","task_version":1,"title":"Constitution Integrity & Environmental Confinement Probe","priority":"P0","goal_id":"GOAL-DURABLE-AUTONOMY-V1","working_dir":"C:\\Users\\lol\\2026-workspace\\courier\\scratch\\durable_autonomy_runtime_multi_hour_v1\\scratch\\TASK-1789014815061-1","required_capability":"WORKSPACE_WRITE","scope_paths":["C:\\Users\\lol\\2026-workspace\\courier\\scratch\\durable_autonomy_runtime_multi_hour_v1\\scratch\\TASK-1789014815061-1"],"fingerprint":"0bda992721bba7164a999dc3ea100ce81fd3f1a76af418e21c9b975204369f43","payload":{},"state":"PROPOSED","created_at":"2026-09-10T04:33:35.061Z","history":[{"state":"PROPOSED","timestamp":"2026-09-10T04:33:35.061Z"}]},"timestamp":"2026-09-10T04:33:35.061Z"}
FRAME:212:357f7e89b00e5555
{"type":"TASK_NEGOTIATED","task_id":"TASK-1789014815061-1","negotiation":{"action":"PROCEED_TO_STAMP","task_id":"TASK-1789014815061-1","next_state":"APPROVED_FOR_DISPATCH"},"timestamp":"2026-09-10T04:33:35.061Z"}
FRAME:478:0ab18992284edf70
{"type":"TASK_STAMPED","task_id":"TASK-1789014815061-1","passport":{"task_id":"TASK-1789014815061-1","task_version":1,"goal_id":"GOAL-DURABLE-AUTONOMY-V1","scope_paths":["c:/users/lol/2026-workspace/courier/scratch/durable_autonomy_runtime_multi_hour_v1/scratch/task-1789014815061-1"],"max_capability":"WORKSPACE_WRITE","signature":"2b101baac366fdb55ac9d6b78cbb74abe7008b67fc3e5d60a77fdcc29b4ec00e","issued_at":"2026-09-10T04:33:35.062Z"},"timestamp":"2026-09-10T04:33:35.062Z"}
FRAME:211:10e4c7015df02027
{"type":"MISSION_INITIALIZED","mission_id":"WINDOWS_COURIER_DURABLE_AUTONOMY_RUNTIME_MULTI_HOUR_V1","host":"PC2_WINDOWS_10_X64","started_at_utc":"2026-09-10T04:33:48.900Z","timestamp":"2026-09-10T04:33:48.903Z"}
FRAME:754:46acb03fd9067481
{"type":"GOAL_CREATED","goal":{"goal_id":"GOAL-DURABLE-AUTONOMY-V1","goal_version":1,"owner":"CHIEF","title":"Autonomous Courier Multi-Hour Runtime Verification & Hardening","acceptance_criteria":["CRIT_CONSTITUTION_VALIDATED","CRIT_EVENT_SOURCED_DURABILITY_PROVEN","CRIT_HIERARCHICAL_NTFS_MUTEX_ASSERTED","CRIT_SUBPROCESS_ORPHAN_REAPED","CRIT_10K_DIFFERENTIAL_LADDER_PASSED","CRIT_AUTHORITY_MUTATIONS_KILLED","CRIT_CROSS_REPO_NORMALIZED","CRIT_10K_JOURNAL_COMPACTED","CRIT_MONEY_FACTORY_CONTRACT_VERIFIED","CRIT_POST_FREEZE_PACKAGE_EMITTED","CRIT_LOW_WATER_REPLENISHMENT_PROVEN"],"evidence_requirements":[],"dependencies":[],"human_gates":[],"risk":"LOW","status":"ACTIVE","created_at":"2026-09-10T04:33:48.907Z"},"timestamp":"2026-09-10T04:33:48.907Z"}
FRAME:793:43895fd6cc7a830a
{"type":"TASK_PROPOSED","task":{"task_id":"TASK-1789014828910-1","task_version":1,"version":1,"title":"Constitution Integrity & Environmental Confinement Probe","priority":"P0","goal_id":"GOAL-DURABLE-AUTONOMY-V1","working_dir":"C:\\Users\\lol\\2026-workspace\\courier\\scratch\\durable_autonomy_runtime_multi_hour_v1\\scratch\\TASK-1789014828910-1","required_capability":"WORKSPACE_WRITE","scope_paths":["C:\\Users\\lol\\2026-workspace\\courier\\scratch\\durable_autonomy_runtime_multi_hour_v1\\scratch\\TASK-1789014828910-1"],"fingerprint":"d6b64d3b6fa903f4d117117c736877ae47b8f6ff0b09ee4f2cfc037e1ec565ce","payload":{},"state":"PROPOSED","created_at":"2026-09-10T04:33:48.911Z","history":[{"state":"PROPOSED","timestamp":"2026-09-10T04:33:48.911Z"}]},"timestamp":"2026-09-10T04:33:48.911Z"}
FRAME:212:90caf28f09c28298
{"type":"TASK_NEGOTIATED","task_id":"TASK-1789014828910-1","negotiation":{"action":"PROCEED_TO_STAMP","task_id":"TASK-1789014828910-1","next_state":"APPROVED_FOR_DISPATCH"},"timestamp":"2026-09-10T04:33:48.912Z"}
FRAME:478:9d5e8b8e8fd2d870
{"type":"TASK_STAMPED","task_id":"TASK-1789014828910-1","passport":{"task_id":"TASK-1789014828910-1","task_version":1,"goal_id":"GOAL-DURABLE-AUTONOMY-V1","scope_paths":["c:/users/lol/2026-workspace/courier/scratch/durable_autonomy_runtime_multi_hour_v1/scratch/task-1789014828910-1"],"max_capability":"WORKSPACE_WRITE","signature":"808c5b7ff09dd5f3069111648a2de7a27437d7019cb268971dc98c2773973439","issued_at":"2026-09-10T04:33:48.912Z"},"timestamp":"2026-09-10T04:33:48.912Z"}
FRAME:230:83546e39ede86123
{"type":"LEASE_ACQUIRED","resource":"C:\\Users\\lol\\2026-workspace\\courier\\scratch\\durable_autonomy_runtime_multi_hour_v1\\scratch\\TASK-1789014828910-1","task_id":"TASK-1789014828910-1","timestamp":"2026-09-10T04:33:48.913Z"}
FRAME:160:c1acab239dde9549
{"type":"TASK_DISPATCHED","task_id":"TASK-1789014828910-1","worker_id":"WORKER-PRIMARY","lease_id":"EXCLUSIVE_EXECUTION","timestamp":"2026-09-10T04:33:48.914Z"}
FRAME:117:ae030cd23edd878c
{"type":"TASK_COMPLETED","task_id":"TASK-1789014828910-1","artifacts_count":1,"timestamp":"2026-09-10T04:33:48.920Z"}
FRAME:230:a8bc5c6a29068e6b
{"type":"LEASE_RELEASED","resource":"C:\\Users\\lol\\2026-workspace\\courier\\scratch\\durable_autonomy_runtime_multi_hour_v1\\scratch\\TASK-1789014828910-1","task_id":"TASK-1789014828910-1","timestamp":"2026-09-10T04:33:48.921Z"}
FRAME:793:c4b9aee98fa45343
{"type":"TASK_PROPOSED","task":{"task_id":"TASK-1789014828923-2","task_version":1,"version":1,"title":"Event-Sourced Crash Recovery & Torn Write Reconciliation","priority":"P0","goal_id":"GOAL-DURABLE-AUTONOMY-V1","working_dir":"C:\\Users\\lol\\2026-workspace\\courier\\scratch\\durable_autonomy_runtime_multi_hour_v1\\scratch\\TASK-1789014828923-2","required_capability":"WORKSPACE_WRITE","scope_paths":["C:\\Users\\lol\\2026-workspace\\courier\\scratch\\durable_autonomy_runtime_multi_hour_v1\\scratch\\TASK-1789014828923-2"],"fingerprint":"48d850650e7f7db864772150d10b0e66d8474cc5b33b7e6147b428912c18f702","payload":{},"state":"PROPOSED","created_at":"2026-09-10T04:33:48.924Z","history":[{"state":"PROPOSED","timestamp":"2026-09-10T04:33:48.924Z"}]},"timestamp":"2026-09-10T04:33:48.924Z"}
FRAME:212:293847de00bee59a
{"type":"TASK_NEGOTIATED","task_id":"TASK-1789014828923-2","negotiation":{"action":"PROCEED_TO_STAMP","task_id":"TASK-1789014828923-2","next_state":"APPROVED_FOR_DISPATCH"},"timestamp":"2026-09-10T04:33:48.925Z"}
FRAME:478:8c27753945833be2
{"type":"TASK_STAMPED","task_id":"TASK-1789014828923-2","passport":{"task_id":"TASK-1789014828923-2","task_version":1,"goal_id":"GOAL-DURABLE-AUTONOMY-V1","scope_paths":["c:/users/lol/2026-workspace/courier/scratch/durable_autonomy_runtime_multi_hour_v1/scratch/task-1789014828923-2"],"max_capability":"WORKSPACE_WRITE","signature":"433be2867431908de75cf66d48263cd14f8c4006e337a49093e5b72c9ae8fac9","issued_at":"2026-09-10T04:33:48.925Z"},"timestamp":"2026-09-10T04:33:48.925Z"}
FRAME:230:81e716cb4a82988a
{"type":"LEASE_ACQUIRED","resource":"C:\\Users\\lol\\2026-workspace\\courier\\scratch\\durable_autonomy_runtime_multi_hour_v1\\scratch\\TASK-1789014828923-2","task_id":"TASK-1789014828923-2","timestamp":"2026-09-10T04:33:48.926Z"}
FRAME:160:ad7168a4baab871e
{"type":"TASK_DISPATCHED","task_id":"TASK-1789014828923-2","worker_id":"WORKER-PRIMARY","lease_id":"EXCLUSIVE_EXECUTION","timestamp":"2026-09-10T04:33:48.926Z"}
FRAME:117:6f94cc6c886d53cb
{"type":"TASK_COMPLETED","task_id":"TASK-1789014828923-2","artifacts_count":1,"timestamp":"2026-09-10T04:33:48.936Z"}
FRAME:230:9b0e00764e8186b7
{"type":"LEASE_RELEASED","resource":"C:\\Users\\lol\\2026-workspace\\courier\\scratch\\durable_autonomy_runtime_multi_hour_v1\\scratch\\TASK-1789014828923-2","task_id":"TASK-1789014828923-2","timestamp":"2026-09-10T04:33:48.936Z"}
FRAME:793:32acb1711cce4a09
{"type":"TASK_PROPOSED","task":{"task_id":"TASK-1789014828938-3","task_version":1,"version":1,"title":"Hierarchical NTFS Mutex Exclusive Concurrency Contention","priority":"P0","goal_id":"GOAL-DURABLE-AUTONOMY-V1","working_dir":"C:\\Users\\lol\\2026-workspace\\courier\\scratch\\durable_autonomy_runtime_multi_hour_v1\\scratch\\TASK-1789014828938-3","required_capability":"WORKSPACE_WRITE","scope_paths":["C:\\Users\\lol\\2026-workspace\\courier\\scratch\\durable_autonomy_runtime_multi_hour_v1\\scratch\\TASK-1789014828938-3"],"fingerprint":"88a3c2dd2902a6e5b4d70154ab8586bb95f4009af6e2155d08331795c27dfadd","payload":{},"state":"PROPOSED","created_at":"2026-09-10T04:33:48.938Z","history":[{"state":"PROPOSED","timestamp":"2026-09-10T04:33:48.938Z"}]},"timestamp":"2026-09-10T04:33:48.938Z"}
FRAME:212:aef1ebc6c80861d5
{"type":"TASK_NEGOTIATED","task_id":"TASK-1789014828938-3","negotiation":{"action":"PROCEED_TO_STAMP","task_id":"TASK-1789014828938-3","next_state":"APPROVED_FOR_DISPATCH"},"timestamp":"2026-09-10T04:33:48.939Z"}
FRAME:478:3c706c767b516550
{"type":"TASK_STAMPED","task_id":"TASK-1789014828938-3","passport":{"task_id":"TASK-1789014828938-3","task_version":1,"goal_id":"GOAL-DURABLE-AUTONOMY-V1","scope_paths":["c:/users/lol/2026-workspace/courier/scratch/durable_autonomy_runtime_multi_hour_v1/scratch/task-1789014828938-3"],"max_capability":"WORKSPACE_WRITE","signature":"3faf91720f609f4fd09226c48911e73ccee23ad9c849f5f112040410bb7d53e7","issued_at":"2026-09-10T04:33:48.939Z"},"timestamp":"2026-09-10T04:33:48.939Z"}
FRAME:230:4c40ca208c2855d8
{"type":"LEASE_ACQUIRED","resource":"C:\\Users\\lol\\2026-workspace\\courier\\scratch\\durable_autonomy_runtime_multi_hour_v1\\scratch\\TASK-1789014828938-3","task_id":"TASK-1789014828938-3","timestamp":"2026-09-10T04:33:48.940Z"}
FRAME:160:ceddccf653bd9691
{"type":"TASK_DISPATCHED","task_id":"TASK-1789014828938-3","worker_id":"WORKER-PRIMARY","lease_id":"EXCLUSIVE_EXECUTION","timestamp":"2026-09-10T04:33:48.940Z"}
FRAME:117:02824364c6ed3f3f
{"type":"TASK_COMPLETED","task_id":"TASK-1789014828938-3","artifacts_count":1,"timestamp":"2026-09-10T04:33:49.814Z"}
FRAME:230:e7eb4977649f186e
{"type":"LEASE_RELEASED","resource":"C:\\Users\\lol\\2026-workspace\\courier\\scratch\\durable_autonomy_runtime_multi_hour_v1\\scratch\\TASK-1789014828938-3","task_id":"TASK-1789014828938-3","timestamp":"2026-09-10T04:33:49.815Z"}
FRAME:796:991c6ccdb70d879c
{"type":"TASK_PROPOSED","task":{"task_id":"TASK-1789014829817-4","task_version":1,"version":1,"title":"Stateful Differential Ladder Scale Sequence (10,000 Events)","priority":"P0","goal_id":"GOAL-DURABLE-AUTONOMY-V1","working_dir":"C:\\Users\\lol\\2026-workspace\\courier\\scratch\\durable_autonomy_runtime_multi_hour_v1\\scratch\\TASK-1789014829817-4","required_capability":"WORKSPACE_WRITE","scope_paths":["C:\\Users\\lol\\2026-workspace\\courier\\scratch\\durable_autonomy_runtime_multi_hour_v1\\scratch\\TASK-1789014829817-4"],"fingerprint":"b5a34bf8a14d4eb8a0e736a5dcf7d6e83fe871e061ee60578aa48252757dbb0e","payload":{},"state":"PROPOSED","created_at":"2026-09-10T04:33:49.818Z","history":[{"state":"PROPOSED","timestamp":"2026-09-10T04:33:49.818Z"}]},"timestamp":"2026-09-10T04:33:49.818Z"}
FRAME:212:fbe3628a5fde11bb
{"type":"TASK_NEGOTIATED","task_id":"TASK-1789014829817-4","negotiation":{"action":"PROCEED_TO_STAMP","task_id":"TASK-1789014829817-4","next_state":"APPROVED_FOR_DISPATCH"},"timestamp":"2026-09-10T04:33:49.818Z"}
FRAME:478:d3879e2e1a88485d
{"type":"TASK_STAMPED","task_id":"TASK-1789014829817-4","passport":{"task_id":"TASK-1789014829817-4","task_version":1,"goal_id":"GOAL-DURABLE-AUTONOMY-V1","scope_paths":["c:/users/lol/2026-workspace/courier/scratch/durable_autonomy_runtime_multi_hour_v1/scratch/task-1789014829817-4"],"max_capability":"WORKSPACE_WRITE","signature":"7dec412775885b03774ccd5c1167e78da484fee20a48af6a69819772c0e325c0","issued_at":"2026-09-10T04:33:49.819Z"},"timestamp":"2026-09-10T04:33:49.819Z"}
FRAME:230:44021b26f32b8e7b
{"type":"LEASE_ACQUIRED","resource":"C:\\Users\\lol\\2026-workspace\\courier\\scratch\\durable_autonomy_runtime_multi_hour_v1\\scratch\\TASK-1789014829817-4","task_id":"TASK-1789014829817-4","timestamp":"2026-09-10T04:33:49.819Z"}
FRAME:160:e8d7801d0fe7e367
{"type":"TASK_DISPATCHED","task_id":"TASK-1789014829817-4","worker_id":"WORKER-PRIMARY","lease_id":"EXCLUSIVE_EXECUTION","timestamp":"2026-09-10T04:33:49.820Z"}
FRAME:117:0c529fd3629ecbd0
{"type":"TASK_COMPLETED","task_id":"TASK-1789014829817-4","artifacts_count":1,"timestamp":"2026-09-10T04:33:50.053Z"}
FRAME:230:8b99ab835666da82
{"type":"LEASE_RELEASED","resource":"C:\\Users\\lol\\2026-workspace\\courier\\scratch\\durable_autonomy_runtime_multi_hour_v1\\scratch\\TASK-1789014829817-4","task_id":"TASK-1789014829817-4","timestamp":"2026-09-10T04:33:50.053Z"}
FRAME:779:1de1794481c6ad87
{"type":"TASK_PROPOSED","task":{"task_id":"TASK-1789014830055-5","task_version":1,"version":1,"title":"Post-Freeze Integration Package Generation","priority":"P0","goal_id":"GOAL-DURABLE-AUTONOMY-V1","working_dir":"C:\\Users\\lol\\2026-workspace\\courier\\scratch\\durable_autonomy_runtime_multi_hour_v1\\scratch\\TASK-1789014830055-5","required_capability":"WORKSPACE_WRITE","scope_paths":["C:\\Users\\lol\\2026-workspace\\courier\\scratch\\durable_autonomy_runtime_multi_hour_v1\\scratch\\TASK-1789014830055-5"],"fingerprint":"e281614e1ebc2789d521477e31d9d5ec684f7a723a070bba711b45298659fd78","payload":{},"state":"PROPOSED","created_at":"2026-09-10T04:33:50.056Z","history":[{"state":"PROPOSED","timestamp":"2026-09-10T04:33:50.056Z"}]},"timestamp":"2026-09-10T04:33:50.056Z"}
FRAME:212:417c93f120c6d75b
{"type":"TASK_NEGOTIATED","task_id":"TASK-1789014830055-5","negotiation":{"action":"PROCEED_TO_STAMP","task_id":"TASK-1789014830055-5","next_state":"APPROVED_FOR_DISPATCH"},"timestamp":"2026-09-10T04:33:50.056Z"}
FRAME:478:d686ca25e9cdf79b
{"type":"TASK_STAMPED","task_id":"TASK-1789014830055-5","passport":{"task_id":"TASK-1789014830055-5","task_version":1,"goal_id":"GOAL-DURABLE-AUTONOMY-V1","scope_paths":["c:/users/lol/2026-workspace/courier/scratch/durable_autonomy_runtime_multi_hour_v1/scratch/task-1789014830055-5"],"max_capability":"WORKSPACE_WRITE","signature":"1968bb4b1db41e0e5df335072c06bf376599413c81b4caf904026beaf355db1d","issued_at":"2026-09-10T04:33:50.056Z"},"timestamp":"2026-09-10T04:33:50.056Z"}
FRAME:230:4a8b249a146d4505
{"type":"LEASE_ACQUIRED","resource":"C:\\Users\\lol\\2026-workspace\\courier\\scratch\\durable_autonomy_runtime_multi_hour_v1\\scratch\\TASK-1789014830055-5","task_id":"TASK-1789014830055-5","timestamp":"2026-09-10T04:33:50.057Z"}
FRAME:160:b78778ef305e8a13
{"type":"TASK_DISPATCHED","task_id":"TASK-1789014830055-5","worker_id":"WORKER-PRIMARY","lease_id":"EXCLUSIVE_EXECUTION","timestamp":"2026-09-10T04:33:50.057Z"}
FRAME:117:6da5025cdf38524a
{"type":"TASK_COMPLETED","task_id":"TASK-1789014830055-5","artifacts_count":1,"timestamp":"2026-09-10T04:33:50.060Z"}
FRAME:230:cb151d7b5a3d765e
{"type":"LEASE_RELEASED","resource":"C:\\Users\\lol\\2026-workspace\\courier\\scratch\\durable_autonomy_runtime_multi_hour_v1\\scratch\\TASK-1789014830055-5","task_id":"TASK-1789014830055-5","timestamp":"2026-09-10T04:33:50.061Z"}
FRAME:787:66b8c6d28bf0934e
{"type":"TASK_PROPOSED","task":{"task_id":"TASK-1789014830062-6","task_version":1,"version":1,"title":"Dynamic Semantic Authority Mutation & Kill Factory","priority":"P0","goal_id":"GOAL-DURABLE-AUTONOMY-V1","working_dir":"C:\\Users\\lol\\2026-workspace\\courier\\scratch\\durable_autonomy_runtime_multi_hour_v1\\scratch\\TASK-1789014830062-6","required_capability":"WORKSPACE_WRITE","scope_paths":["C:\\Users\\lol\\2026-workspace\\courier\\scratch\\durable_autonomy_runtime_multi_hour_v1\\scratch\\TASK-1789014830062-6"],"fingerprint":"3b2c60cbb26aa9d5d85f0a45546e4ab0cd2d99d86bb95100b4a49f970b97e19b","payload":{},"state":"PROPOSED","created_at":"2026-09-10T04:33:50.063Z","history":[{"state":"PROPOSED","timestamp":"2026-09-10T04:33:50.063Z"}]},"timestamp":"2026-09-10T04:33:50.063Z"}
FRAME:212:db069a84d1a0041a
{"type":"TASK_NEGOTIATED","task_id":"TASK-1789014830062-6","negotiation":{"action":"PROCEED_TO_STAMP","task_id":"TASK-1789014830062-6","next_state":"APPROVED_FOR_DISPATCH"},"timestamp":"2026-09-10T04:33:50.063Z"}
FRAME:478:0c7ef4288c7206d3
{"type":"TASK_STAMPED","task_id":"TASK-1789014830062-6","passport":{"task_id":"TASK-1789014830062-6","task_version":1,"goal_id":"GOAL-DURABLE-AUTONOMY-V1","scope_paths":["c:/users/lol/2026-workspace/courier/scratch/durable_autonomy_runtime_multi_hour_v1/scratch/task-1789014830062-6"],"max_capability":"WORKSPACE_WRITE","signature":"8ca770df253fc7832e3944e02541428d7b2449fd490ad1eb3815543d7ceb52e6","issued_at":"2026-09-10T04:33:50.063Z"},"timestamp":"2026-09-10T04:33:50.063Z"}
FRAME:230:756e8d869b24a348
{"type":"LEASE_ACQUIRED","resource":"C:\\Users\\lol\\2026-workspace\\courier\\scratch\\durable_autonomy_runtime_multi_hour_v1\\scratch\\TASK-1789014830062-6","task_id":"TASK-1789014830062-6","timestamp":"2026-09-10T04:33:50.064Z"}
FRAME:160:e27da5713850a351
{"type":"TASK_DISPATCHED","task_id":"TASK-1789014830062-6","worker_id":"WORKER-PRIMARY","lease_id":"EXCLUSIVE_EXECUTION","timestamp":"2026-09-10T04:33:50.064Z"}
FRAME:117:585747e6ee7923ff
{"type":"TASK_COMPLETED","task_id":"TASK-1789014830062-6","artifacts_count":1,"timestamp":"2026-09-10T04:33:50.069Z"}
FRAME:230:30ad34f17f4e139b
{"type":"LEASE_RELEASED","resource":"C:\\Users\\lol\\2026-workspace\\courier\\scratch\\durable_autonomy_runtime_multi_hour_v1\\scratch\\TASK-1789014830062-6","task_id":"TASK-1789014830062-6","timestamp":"2026-09-10T04:33:50.069Z"}
FRAME:796:8bc6b73f771f72bb
{"type":"TASK_PROPOSED","task":{"task_id":"TASK-1789014830072-7","task_version":1,"version":1,"title":"Journal Compaction Scale (10,000 Events) & Schema Migration","priority":"P0","goal_id":"GOAL-DURABLE-AUTONOMY-V1","working_dir":"C:\\Users\\lol\\2026-workspace\\courier\\scratch\\durable_autonomy_runtime_multi_hour_v1\\scratch\\TASK-1789014830072-7","required_capability":"WORKSPACE_WRITE","scope_paths":["C:\\Users\\lol\\2026-workspace\\courier\\scratch\\durable_autonomy_runtime_multi_hour_v1\\scratch\\TASK-1789014830072-7"],"fingerprint":"d6c3802b2db9f8aa16edaf3c06098b1da5654a59ffcd246f67eb31dfb3d8cf74","payload":{},"state":"PROPOSED","created_at":"2026-09-10T04:33:50.073Z","history":[{"state":"PROPOSED","timestamp":"2026-09-10T04:33:50.073Z"}]},"timestamp":"2026-09-10T04:33:50.073Z"}
FRAME:212:30b1905756c034cc
{"type":"TASK_NEGOTIATED","task_id":"TASK-1789014830072-7","negotiation":{"action":"PROCEED_TO_STAMP","task_id":"TASK-1789014830072-7","next_state":"APPROVED_FOR_DISPATCH"},"timestamp":"2026-09-10T04:33:50.073Z"}
FRAME:478:9e7a75a196151c45
{"type":"TASK_STAMPED","task_id":"TASK-1789014830072-7","passport":{"task_id":"TASK-1789014830072-7","task_version":1,"goal_id":"GOAL-DURABLE-AUTONOMY-V1","scope_paths":["c:/users/lol/2026-workspace/courier/scratch/durable_autonomy_runtime_multi_hour_v1/scratch/task-1789014830072-7"],"max_capability":"WORKSPACE_WRITE","signature":"70a5c77fba27ecf967d1bbf651d78d41083a75b47f14e61c1a7b220417cfa9d6","issued_at":"2026-09-10T04:33:50.073Z"},"timestamp":"2026-09-10T04:33:50.073Z"}
FRAME:230:c30a2a2e1fb5375d
{"type":"LEASE_ACQUIRED","resource":"C:\\Users\\lol\\2026-workspace\\courier\\scratch\\durable_autonomy_runtime_multi_hour_v1\\scratch\\TASK-1789014830072-7","task_id":"TASK-1789014830072-7","timestamp":"2026-09-10T04:33:50.074Z"}
FRAME:160:be09187979ab4d7b
{"type":"TASK_DISPATCHED","task_id":"TASK-1789014830072-7","worker_id":"WORKER-PRIMARY","lease_id":"EXCLUSIVE_EXECUTION","timestamp":"2026-09-10T04:33:50.074Z"}
FRAME:117:c81fde519ffaafce
{"type":"TASK_COMPLETED","task_id":"TASK-1789014830072-7","artifacts_count":1,"timestamp":"2026-09-10T04:33:52.238Z"}
FRAME:230:6b23b1e3b50be4b9
{"type":"LEASE_RELEASED","resource":"C:\\Users\\lol\\2026-workspace\\courier\\scratch\\durable_autonomy_runtime_multi_hour_v1\\scratch\\TASK-1789014830072-7","task_id":"TASK-1789014830072-7","timestamp":"2026-09-10T04:33:52.238Z"}
FRAME:790:d198ab1c2e68214d
{"type":"TASK_PROPOSED","task":{"task_id":"TASK-1789014832240-8","task_version":1,"version":1,"title":"Windows Subprocess Tree Tracking & Orphan Reaping Lab","priority":"P1","goal_id":"GOAL-DURABLE-AUTONOMY-V1","working_dir":"C:\\Users\\lol\\2026-workspace\\courier\\scratch\\durable_autonomy_runtime_multi_hour_v1\\scratch\\TASK-1789014832240-8","required_capability":"WORKSPACE_WRITE","scope_paths":["C:\\Users\\lol\\2026-workspace\\courier\\scratch\\durable_autonomy_runtime_multi_hour_v1\\scratch\\TASK-1789014832240-8"],"fingerprint":"dcf05c37ede2fbc1d2dffe4b8d23af1a1a1f783f2ef0c2c96050bc2b3e5c7816","payload":{},"state":"PROPOSED","created_at":"2026-09-10T04:33:52.240Z","history":[{"state":"PROPOSED","timestamp":"2026-09-10T04:33:52.240Z"}]},"timestamp":"2026-09-10T04:33:52.240Z"}
FRAME:212:70ea20b311156bca
{"type":"TASK_NEGOTIATED","task_id":"TASK-1789014832240-8","negotiation":{"action":"PROCEED_TO_STAMP","task_id":"TASK-1789014832240-8","next_state":"APPROVED_FOR_DISPATCH"},"timestamp":"2026-09-10T04:33:52.240Z"}
FRAME:478:a0911d551fea86e2
{"type":"TASK_STAMPED","task_id":"TASK-1789014832240-8","passport":{"task_id":"TASK-1789014832240-8","task_version":1,"goal_id":"GOAL-DURABLE-AUTONOMY-V1","scope_paths":["c:/users/lol/2026-workspace/courier/scratch/durable_autonomy_runtime_multi_hour_v1/scratch/task-1789014832240-8"],"max_capability":"WORKSPACE_WRITE","signature":"a057f5d684ed56e2bebfe51925293cadd6ccdc8eef9d258eff1a5c9585c3f63f","issued_at":"2026-09-10T04:33:52.241Z"},"timestamp":"2026-09-10T04:33:52.241Z"}
FRAME:230:94397905deace8d0
{"type":"LEASE_ACQUIRED","resource":"C:\\Users\\lol\\2026-workspace\\courier\\scratch\\durable_autonomy_runtime_multi_hour_v1\\scratch\\TASK-1789014832240-8","task_id":"TASK-1789014832240-8","timestamp":"2026-09-10T04:33:52.241Z"}
FRAME:160:4433eeac2b5ca765
{"type":"TASK_DISPATCHED","task_id":"TASK-1789014832240-8","worker_id":"WORKER-PRIMARY","lease_id":"EXCLUSIVE_EXECUTION","timestamp":"2026-09-10T04:33:52.241Z"}
FRAME:117:13d08eeabf0754e0
{"type":"TASK_COMPLETED","task_id":"TASK-1789014832240-8","artifacts_count":1,"timestamp":"2026-09-10T04:33:52.428Z"}
FRAME:230:ef508a570b3237c4
{"type":"LEASE_RELEASED","resource":"C:\\Users\\lol\\2026-workspace\\courier\\scratch\\durable_autonomy_runtime_multi_hour_v1\\scratch\\TASK-1789014832240-8","task_id":"TASK-1789014832240-8","timestamp":"2026-09-10T04:33:52.428Z"}
FRAME:796:fda55024ef6d4cec
{"type":"TASK_PROPOSED","task":{"task_id":"TASK-1789014832430-9","task_version":1,"version":1,"title":"Dynamic Frontier Low-Water Mark Replenishment Demonstration","priority":"P1","goal_id":"GOAL-DURABLE-AUTONOMY-V1","working_dir":"C:\\Users\\lol\\2026-workspace\\courier\\scratch\\durable_autonomy_runtime_multi_hour_v1\\scratch\\TASK-1789014832430-9","required_capability":"WORKSPACE_WRITE","scope_paths":["C:\\Users\\lol\\2026-workspace\\courier\\scratch\\durable_autonomy_runtime_multi_hour_v1\\scratch\\TASK-1789014832430-9"],"fingerprint":"3d8c66f9b05a14815678e7428ecd42e6b7a798874e676725d316a61ccbe19295","payload":{},"state":"PROPOSED","created_at":"2026-09-10T04:33:52.430Z","history":[{"state":"PROPOSED","timestamp":"2026-09-10T04:33:52.430Z"}]},"timestamp":"2026-09-10T04:33:52.430Z"}
FRAME:212:08f715565be33663
{"type":"TASK_NEGOTIATED","task_id":"TASK-1789014832430-9","negotiation":{"action":"PROCEED_TO_STAMP","task_id":"TASK-1789014832430-9","next_state":"APPROVED_FOR_DISPATCH"},"timestamp":"2026-09-10T04:33:52.431Z"}
FRAME:478:d7ff58daa339bc8b
{"type":"TASK_STAMPED","task_id":"TASK-1789014832430-9","passport":{"task_id":"TASK-1789014832430-9","task_version":1,"goal_id":"GOAL-DURABLE-AUTONOMY-V1","scope_paths":["c:/users/lol/2026-workspace/courier/scratch/durable_autonomy_runtime_multi_hour_v1/scratch/task-1789014832430-9"],"max_capability":"WORKSPACE_WRITE","signature":"96bab4eb02e6563f119e5248b62f7b44c0d7645db9c7598f25f6f28a15d23c46","issued_at":"2026-09-10T04:33:52.431Z"},"timestamp":"2026-09-10T04:33:52.431Z"}
FRAME:230:d7719b3eacd13d3f
{"type":"LEASE_ACQUIRED","resource":"C:\\Users\\lol\\2026-workspace\\courier\\scratch\\durable_autonomy_runtime_multi_hour_v1\\scratch\\TASK-1789014832430-9","task_id":"TASK-1789014832430-9","timestamp":"2026-09-10T04:33:52.432Z"}
FRAME:160:9357df13eb677791
{"type":"TASK_DISPATCHED","task_id":"TASK-1789014832430-9","worker_id":"WORKER-PRIMARY","lease_id":"EXCLUSIVE_EXECUTION","timestamp":"2026-09-10T04:33:52.432Z"}
FRAME:117:0bd317153471a738
{"type":"TASK_COMPLETED","task_id":"TASK-1789014832430-9","artifacts_count":1,"timestamp":"2026-09-10T04:33:52.436Z"}
FRAME:230:3b7b962611d35f7c
{"type":"LEASE_RELEASED","resource":"C:\\Users\\lol\\2026-workspace\\courier\\scratch\\durable_autonomy_runtime_multi_hour_v1\\scratch\\TASK-1789014832430-9","task_id":"TASK-1789014832430-9","timestamp":"2026-09-10T04:33:52.437Z"}
FRAME:785:1a7406e3f30b1b36
{"type":"TASK_PROPOSED","task":{"task_id":"TASK-1789014832439-10","task_version":1,"version":1,"title":"Cross-Repository Contract Normalization Audit","priority":"P1","goal_id":"GOAL-DURABLE-AUTONOMY-V1","working_dir":"C:\\Users\\lol\\2026-workspace\\courier\\scratch\\durable_autonomy_runtime_multi_hour_v1\\scratch\\TASK-1789014832439-10","required_capability":"WORKSPACE_WRITE","scope_paths":["C:\\Users\\lol\\2026-workspace\\courier\\scratch\\durable_autonomy_runtime_multi_hour_v1\\scratch\\TASK-1789014832439-10"],"fingerprint":"06aaf14aad6413c91d236bf7e10391daeb66371d7236b7b75f38334a96edafaf","payload":{},"state":"PROPOSED","created_at":"2026-09-10T04:33:52.439Z","history":[{"state":"PROPOSED","timestamp":"2026-09-10T04:33:52.439Z"}]},"timestamp":"2026-09-10T04:33:52.439Z"}
FRAME:214:2b0c08951c677414
{"type":"TASK_NEGOTIATED","task_id":"TASK-1789014832439-10","negotiation":{"action":"PROCEED_TO_STAMP","task_id":"TASK-1789014832439-10","next_state":"APPROVED_FOR_DISPATCH"},"timestamp":"2026-09-10T04:33:52.440Z"}
FRAME:481:841d6d8e9da3733d
{"type":"TASK_STAMPED","task_id":"TASK-1789014832439-10","passport":{"task_id":"TASK-1789014832439-10","task_version":1,"goal_id":"GOAL-DURABLE-AUTONOMY-V1","scope_paths":["c:/users/lol/2026-workspace/courier/scratch/durable_autonomy_runtime_multi_hour_v1/scratch/task-1789014832439-10"],"max_capability":"WORKSPACE_WRITE","signature":"a215c307fe4eeb85412790094facb33c69fc69b76aa5bb44cde1191e192f4fca","issued_at":"2026-09-10T04:33:52.440Z"},"timestamp":"2026-09-10T04:33:52.440Z"}
FRAME:232:fc2644ca07bd59d0
{"type":"LEASE_ACQUIRED","resource":"C:\\Users\\lol\\2026-workspace\\courier\\scratch\\durable_autonomy_runtime_multi_hour_v1\\scratch\\TASK-1789014832439-10","task_id":"TASK-1789014832439-10","timestamp":"2026-09-10T04:33:52.440Z"}
FRAME:161:21dd7f6d0855650d
{"type":"TASK_DISPATCHED","task_id":"TASK-1789014832439-10","worker_id":"WORKER-PRIMARY","lease_id":"EXCLUSIVE_EXECUTION","timestamp":"2026-09-10T04:33:52.441Z"}
FRAME:118:cbb20ba5cd4a3c99
{"type":"TASK_COMPLETED","task_id":"TASK-1789014832439-10","artifacts_count":1,"timestamp":"2026-09-10T04:33:52.444Z"}
FRAME:232:7d110b4763ddbc59
{"type":"LEASE_RELEASED","resource":"C:\\Users\\lol\\2026-workspace\\courier\\scratch\\durable_autonomy_runtime_multi_hour_v1\\scratch\\TASK-1789014832439-10","task_id":"TASK-1789014832439-10","timestamp":"2026-09-10T04:33:52.444Z"}
FRAME:801:e9cf4b6b12b8452a
{"type":"TASK_PROPOSED","task":{"task_id":"TASK-1789014832446-11","task_version":1,"version":1,"title":"Economic Money Factory Truth Ladder & Spend Safety Simulation","priority":"P1","goal_id":"GOAL-DURABLE-AUTONOMY-V1","working_dir":"C:\\Users\\lol\\2026-workspace\\courier\\scratch\\durable_autonomy_runtime_multi_hour_v1\\scratch\\TASK-1789014832446-11","required_capability":"WORKSPACE_WRITE","scope_paths":["C:\\Users\\lol\\2026-workspace\\courier\\scratch\\durable_autonomy_runtime_multi_hour_v1\\scratch\\TASK-1789014832446-11"],"fingerprint":"0bfe146ee06074b4fcb28c1b108458ab2a7cb9bb9dfc336607705c55e61d6afd","payload":{},"state":"PROPOSED","created_at":"2026-09-10T04:33:52.446Z","history":[{"state":"PROPOSED","timestamp":"2026-09-10T04:33:52.446Z"}]},"timestamp":"2026-09-10T04:33:52.446Z"}
FRAME:214:11aff630b6c8fa17
{"type":"TASK_NEGOTIATED","task_id":"TASK-1789014832446-11","negotiation":{"action":"PROCEED_TO_STAMP","task_id":"TASK-1789014832446-11","next_state":"APPROVED_FOR_DISPATCH"},"timestamp":"2026-09-10T04:33:52.446Z"}
FRAME:481:44f4cf29e98e7bb7
{"type":"TASK_STAMPED","task_id":"TASK-1789014832446-11","passport":{"task_id":"TASK-1789014832446-11","task_version":1,"goal_id":"GOAL-DURABLE-AUTONOMY-V1","scope_paths":["c:/users/lol/2026-workspace/courier/scratch/durable_autonomy_runtime_multi_hour_v1/scratch/task-1789014832446-11"],"max_capability":"WORKSPACE_WRITE","signature":"17b2285c2ca6e7725e6206ca5239659b87a5215d87e372332aac32444f8bb38e","issued_at":"2026-09-10T04:33:52.447Z"},"timestamp":"2026-09-10T04:33:52.447Z"}
FRAME:232:e189ec38ca095eb7
{"type":"LEASE_ACQUIRED","resource":"C:\\Users\\lol\\2026-workspace\\courier\\scratch\\durable_autonomy_runtime_multi_hour_v1\\scratch\\TASK-1789014832446-11","task_id":"TASK-1789014832446-11","timestamp":"2026-09-10T04:33:52.447Z"}
FRAME:161:0f70698158d9940e
{"type":"TASK_DISPATCHED","task_id":"TASK-1789014832446-11","worker_id":"WORKER-PRIMARY","lease_id":"EXCLUSIVE_EXECUTION","timestamp":"2026-09-10T04:33:52.447Z"}
FRAME:118:500ec888cfb552a1
{"type":"TASK_COMPLETED","task_id":"TASK-1789014832446-11","artifacts_count":1,"timestamp":"2026-09-10T04:33:52.450Z"}
FRAME:232:0006ea1b9fa60a64
{"type":"LEASE_RELEASED","resource":"C:\\Users\\lol\\2026-workspace\\courier\\scratch\\durable_autonomy_runtime_multi_hour_v1\\scratch\\TASK-1789014832446-11","task_id":"TASK-1789014832446-11","timestamp":"2026-09-10T04:33:52.451Z"}
FRAME:101:c24bf9004ab87732
{"type":"GOAL_SATISFIED","goal_id":"GOAL-DURABLE-AUTONOMY-V1","timestamp":"2026-09-10T04:33:52.453Z"}
FRAME:342:18522b5056aa5d33
{"type":"MISSION_INITIALIZED","mission_id":"WINDOWS_COURIER_DURABLE_AUTONOMY_RUNTIME_MULTI_HOUR_V1","continuation_id":"WINDOWS_COURIER_DURABLE_AUTONOMY_RUNTIME_MULTI_HOUR_V1_CONTINUATION_OMEGA_DEEP_V2","continuation_version":2,"resumed_at_utc":"2026-09-10T04:48:27.710Z","previously_completed_units":11,"timestamp":"2026-09-10T04:48:27.710Z"}
FRAME:946:c886efe13a804c00
{"type":"GOAL_CREATED","goal":{"goal_id":"GOAL-OMEGA-DEEP-CONTINUATION-V2","goal_version":2,"owner":"CHIEF","title":"Courier Windows Autonomous Engineering Continuation & Dynamic Frontier Expansion","acceptance_criteria":["CRIT_FINANCIAL_SAFETY_WALL_VERIFIED","CRIT_CONFINEMENT_INVARIANTS_VERIFIED","CRIT_MUTEX_CONCURRENCY_ASSERTED","CRIT_SUBPATH_COLLISION_PREVENTED","CRIT_TORN_FRAME_RECOVERY_PROVEN","CRIT_ORPHAN_LEASE_RECONCILED","CRIT_MUTATION_BORDER_GUARD_KILLED","CRIT_MUTATION_WORKER_SATURATION_KILLED","CRIT_MUTATION_CUSTOMS_TAMPER_KILLED","CRIT_CHOKE_POINT_DISPATCH_ENFORCED","CRIT_NO_STACKING_AUDITED","CRIT_PROCESS_IDENTITY_PROVEN","CRIT_HOST_ROLE_CONFIRMED","CRIT_FOLLOWUP_IDEA_001_RESOLVED","CRIT_FOLLOWUP_IDEA_002_RESOLVED","CRIT_FOLLOWUP_IDEA_003_RESOLVED"],"evidence_requirements":[],"dependencies":[],"human_gates":[],"risk":"LOW","status":"ACTIVE","created_at":"2026-09-10T04:48:27.711Z"},"timestamp":"2026-09-10T04:48:27.711Z"}
FRAME:811:8ea242b0de42d609
{"type":"TASK_PROPOSED","task":{"task_id":"TASK-1789015707722-12","task_version":1,"version":1,"title":"Catastrophe Check: Zero Financial Spend & Live Trading Hard Wall","priority":"P0","goal_id":"GOAL-OMEGA-DEEP-CONTINUATION-V2","working_dir":"C:\\Users\\lol\\2026-workspace\\courier\\scratch\\durable_autonomy_runtime_multi_hour_v1\\scratch\\TASK-1789015707722-12","required_capability":"WORKSPACE_WRITE","scope_paths":["C:\\Users\\lol\\2026-workspace\\courier\\scratch\\durable_autonomy_runtime_multi_hour_v1\\scratch\\TASK-1789015707722-12"],"fingerprint":"e10bf86f6e02eaf2711b17d78a59ebd88a8a0ce1dca9558ccc74c902ac79b5d5","payload":{},"state":"PROPOSED","created_at":"2026-09-10T04:48:27.723Z","history":[{"state":"PROPOSED","timestamp":"2026-09-10T04:48:27.723Z"}]},"timestamp":"2026-09-10T04:48:27.723Z"}
FRAME:214:7220bca44cf3dc43
{"type":"TASK_NEGOTIATED","task_id":"TASK-1789015707722-12","negotiation":{"action":"PROCEED_TO_STAMP","task_id":"TASK-1789015707722-12","next_state":"APPROVED_FOR_DISPATCH"},"timestamp":"2026-09-10T04:48:27.724Z"}
FRAME:488:c77321ab48467407
{"type":"TASK_STAMPED","task_id":"TASK-1789015707722-12","passport":{"task_id":"TASK-1789015707722-12","task_version":1,"goal_id":"GOAL-OMEGA-DEEP-CONTINUATION-V2","scope_paths":["c:/users/lol/2026-workspace/courier/scratch/durable_autonomy_runtime_multi_hour_v1/scratch/task-1789015707722-12"],"max_capability":"WORKSPACE_WRITE","signature":"3073243df5574295aded7d5e9f3d26b4831b9f9bda17ea73858f76a96726853b","issued_at":"2026-09-10T04:48:27.725Z"},"timestamp":"2026-09-10T04:48:27.725Z"}
FRAME:232:7ec1f41781bb86f8
{"type":"LEASE_ACQUIRED","resource":"C:\\Users\\lol\\2026-workspace\\courier\\scratch\\durable_autonomy_runtime_multi_hour_v1\\scratch\\TASK-1789015707722-12","task_id":"TASK-1789015707722-12","timestamp":"2026-09-10T04:48:27.727Z"}
FRAME:161:2f34d5b5e0d34dcd
{"type":"TASK_DISPATCHED","task_id":"TASK-1789015707722-12","worker_id":"WORKER-PRIMARY","lease_id":"EXCLUSIVE_EXECUTION","timestamp":"2026-09-10T04:48:27.727Z"}
FRAME:125:474c2d3eee282ffb
{"type":"TASK_FENCED","task_id":"TASK-1789015707722-12","reason":"NON_ZERO_EXIT_CODE","timestamp":"2026-09-10T04:48:27.729Z"}
FRAME:809:2a511a83e70a5ffc
{"type":"TASK_PROPOSED","task":{"task_id":"TASK-1789015707729-12","task_version":1,"version":1,"title":"Catastrophe Check: Mac Host & UniversuX Confinement Invariants","priority":"P0","goal_id":"GOAL-OMEGA-DEEP-CONTINUATION-V2","working_dir":"C:\\Users\\lol\\2026-workspace\\courier\\scratch\\durable_autonomy_runtime_multi_hour_v1\\scratch\\TASK-1789015707729-12","required_capability":"WORKSPACE_WRITE","scope_paths":["C:\\Users\\lol\\2026-workspace\\courier\\scratch\\durable_autonomy_runtime_multi_hour_v1\\scratch\\TASK-1789015707729-12"],"fingerprint":"bc35c6cbc762221a6a1d7be9c07e687274a00393770dfeb6cd668c2a3ca75394","payload":{},"state":"PROPOSED","created_at":"2026-09-10T04:48:27.730Z","history":[{"state":"PROPOSED","timestamp":"2026-09-10T04:48:27.730Z"}]},"timestamp":"2026-09-10T04:48:27.730Z"}
FRAME:214:768572c4bb8cc9af
{"type":"TASK_NEGOTIATED","task_id":"TASK-1789015707729-12","negotiation":{"action":"PROCEED_TO_STAMP","task_id":"TASK-1789015707729-12","next_state":"APPROVED_FOR_DISPATCH"},"timestamp":"2026-09-10T04:48:27.730Z"}
FRAME:488:14ea149f6213ea29
{"type":"TASK_STAMPED","task_id":"TASK-1789015707729-12","passport":{"task_id":"TASK-1789015707729-12","task_version":1,"goal_id":"GOAL-OMEGA-DEEP-CONTINUATION-V2","scope_paths":["c:/users/lol/2026-workspace/courier/scratch/durable_autonomy_runtime_multi_hour_v1/scratch/task-1789015707729-12"],"max_capability":"WORKSPACE_WRITE","signature":"ffc8e6bf6e0afb8bd1b2e67bb0d4b8368c458f62a7c3da30f23145efb3bcc000","issued_at":"2026-09-10T04:48:27.731Z"},"timestamp":"2026-09-10T04:48:27.731Z"}
FRAME:232:0e2bf821435ba0d8
{"type":"LEASE_ACQUIRED","resource":"C:\\Users\\lol\\2026-workspace\\courier\\scratch\\durable_autonomy_runtime_multi_hour_v1\\scratch\\TASK-1789015707729-12","task_id":"TASK-1789015707729-12","timestamp":"2026-09-10T04:48:27.731Z"}
FRAME:161:3a16ef569f92ac79
{"type":"TASK_DISPATCHED","task_id":"TASK-1789015707729-12","worker_id":"WORKER-PRIMARY","lease_id":"EXCLUSIVE_EXECUTION","timestamp":"2026-09-10T04:48:27.732Z"}
FRAME:118:429581d780a94ab3
{"type":"TASK_COMPLETED","task_id":"TASK-1789015707729-12","artifacts_count":1,"timestamp":"2026-09-10T04:48:27.735Z"}
FRAME:232:7b8bb2977da87f9c
{"type":"LEASE_RELEASED","resource":"C:\\Users\\lol\\2026-workspace\\courier\\scratch\\durable_autonomy_runtime_multi_hour_v1\\scratch\\TASK-1789015707729-12","task_id":"TASK-1789015707729-12","timestamp":"2026-09-10T04:48:27.735Z"}
FRAME:808:1b8f227a0730381e
{"type":"TASK_PROPOSED","task":{"task_id":"TASK-1789015707739-13","task_version":1,"version":1,"title":"Concurrency Gap: Multi-Process NTFS Exclusive Lock Mutex Race","priority":"P1","goal_id":"GOAL-OMEGA-DEEP-CONTINUATION-V2","working_dir":"C:\\Users\\lol\\2026-workspace\\courier\\scratch\\durable_autonomy_runtime_multi_hour_v1\\scratch\\TASK-1789015707739-13","required_capability":"WORKSPACE_WRITE","scope_paths":["C:\\Users\\lol\\2026-workspace\\courier\\scratch\\durable_autonomy_runtime_multi_hour_v1\\scratch\\TASK-1789015707739-13"],"fingerprint":"1e0fb258faebcb80272c483d8da5af524824c648802847e73a2954e8079109e1","payload":{},"state":"PROPOSED","created_at":"2026-09-10T04:48:27.740Z","history":[{"state":"PROPOSED","timestamp":"2026-09-10T04:48:27.740Z"}]},"timestamp":"2026-09-10T04:48:27.740Z"}
FRAME:214:9bb00e5ae6978b71
{"type":"TASK_NEGOTIATED","task_id":"TASK-1789015707739-13","negotiation":{"action":"PROCEED_TO_STAMP","task_id":"TASK-1789015707739-13","next_state":"APPROVED_FOR_DISPATCH"},"timestamp":"2026-09-10T04:48:27.741Z"}
FRAME:488:b5815e7607b8a4fc
{"type":"TASK_STAMPED","task_id":"TASK-1789015707739-13","passport":{"task_id":"TASK-1789015707739-13","task_version":1,"goal_id":"GOAL-OMEGA-DEEP-CONTINUATION-V2","scope_paths":["c:/users/lol/2026-workspace/courier/scratch/durable_autonomy_runtime_multi_hour_v1/scratch/task-1789015707739-13"],"max_capability":"WORKSPACE_WRITE","signature":"27f4c9be7098f0a515b3bd3081e64ecb8f355d64e37260c312da53a133b0b81d","issued_at":"2026-09-10T04:48:27.741Z"},"timestamp":"2026-09-10T04:48:27.741Z"}
FRAME:232:f70c2e90b8dc7a0d
{"type":"LEASE_ACQUIRED","resource":"C:\\Users\\lol\\2026-workspace\\courier\\scratch\\durable_autonomy_runtime_multi_hour_v1\\scratch\\TASK-1789015707739-13","task_id":"TASK-1789015707739-13","timestamp":"2026-09-10T04:48:27.742Z"}
FRAME:161:782aac8ff393c94d
{"type":"TASK_DISPATCHED","task_id":"TASK-1789015707739-13","worker_id":"WORKER-PRIMARY","lease_id":"EXCLUSIVE_EXECUTION","timestamp":"2026-09-10T04:48:27.742Z"}
FRAME:118:726ec43ce37c9553
{"type":"TASK_COMPLETED","task_id":"TASK-1789015707739-13","artifacts_count":1,"timestamp":"2026-09-10T04:48:27.746Z"}
FRAME:232:b46a21eb3e1cb7e1
{"type":"LEASE_RELEASED","resource":"C:\\Users\\lol\\2026-workspace\\courier\\scratch\\durable_autonomy_runtime_multi_hour_v1\\scratch\\TASK-1789015707739-13","task_id":"TASK-1789015707739-13","timestamp":"2026-09-10T04:48:27.747Z"}
FRAME:811:b4290259fe62caee
{"type":"TASK_PROPOSED","task":{"task_id":"TASK-1789015707748-14","task_version":1,"version":1,"title":"Concurrency Gap: Hierarchical Subpath Prefix Collision Detection","priority":"P1","goal_id":"GOAL-OMEGA-DEEP-CONTINUATION-V2","working_dir":"C:\\Users\\lol\\2026-workspace\\courier\\scratch\\durable_autonomy_runtime_multi_hour_v1\\scratch\\TASK-1789015707748-14","required_capability":"WORKSPACE_WRITE","scope_paths":["C:\\Users\\lol\\2026-workspace\\courier\\scratch\\durable_autonomy_runtime_multi_hour_v1\\scratch\\TASK-1789015707748-14"],"fingerprint":"aaa53683d121c86fb7f996ddcc7a9ffa52c5f50b3856904ce145acfb35eb2102","payload":{},"state":"PROPOSED","created_at":"2026-09-10T04:48:27.748Z","history":[{"state":"PROPOSED","timestamp":"2026-09-10T04:48:27.748Z"}]},"timestamp":"2026-09-10T04:48:27.748Z"}
FRAME:214:36c11092e6564cac
{"type":"TASK_NEGOTIATED","task_id":"TASK-1789015707748-14","negotiation":{"action":"PROCEED_TO_STAMP","task_id":"TASK-1789015707748-14","next_state":"APPROVED_FOR_DISPATCH"},"timestamp":"2026-09-10T04:48:27.749Z"}
FRAME:488:0de8f677927bbd5c
{"type":"TASK_STAMPED","task_id":"TASK-1789015707748-14","passport":{"task_id":"TASK-1789015707748-14","task_version":1,"goal_id":"GOAL-OMEGA-DEEP-CONTINUATION-V2","scope_paths":["c:/users/lol/2026-workspace/courier/scratch/durable_autonomy_runtime_multi_hour_v1/scratch/task-1789015707748-14"],"max_capability":"WORKSPACE_WRITE","signature":"aa22a430a16b351839a0a018b36bf1b4bbdb348b8c446f36a3bf63a29d446b53","issued_at":"2026-09-10T04:48:27.749Z"},"timestamp":"2026-09-10T04:48:27.749Z"}
FRAME:232:151298589e25e095
{"type":"LEASE_ACQUIRED","resource":"C:\\Users\\lol\\2026-workspace\\courier\\scratch\\durable_autonomy_runtime_multi_hour_v1\\scratch\\TASK-1789015707748-14","task_id":"TASK-1789015707748-14","timestamp":"2026-09-10T04:48:27.749Z"}
FRAME:161:81b40b54e485a628
{"type":"TASK_DISPATCHED","task_id":"TASK-1789015707748-14","worker_id":"WORKER-PRIMARY","lease_id":"EXCLUSIVE_EXECUTION","timestamp":"2026-09-10T04:48:27.750Z"}
FRAME:118:6596a83d29d16516
{"type":"TASK_COMPLETED","task_id":"TASK-1789015707748-14","artifacts_count":1,"timestamp":"2026-09-10T04:48:27.753Z"}
FRAME:232:3557f8525af890d3
{"type":"LEASE_RELEASED","resource":"C:\\Users\\lol\\2026-workspace\\courier\\scratch\\durable_autonomy_runtime_multi_hour_v1\\scratch\\TASK-1789015707748-14","task_id":"TASK-1789015707748-14","timestamp":"2026-09-10T04:48:27.753Z"}
FRAME:805:cad8694d1cfee059
{"type":"TASK_PROPOSED","task":{"task_id":"TASK-1789015707756-15","task_version":1,"version":1,"title":"Crash Gap: Mid-Write Torn Log Frame Isolation and Recovery","priority":"P1","goal_id":"GOAL-OMEGA-DEEP-CONTINUATION-V2","working_dir":"C:\\Users\\lol\\2026-workspace\\courier\\scratch\\durable_autonomy_runtime_multi_hour_v1\\scratch\\TASK-1789015707756-15","required_capability":"WORKSPACE_WRITE","scope_paths":["C:\\Users\\lol\\2026-workspace\\courier\\scratch\\durable_autonomy_runtime_multi_hour_v1\\scratch\\TASK-1789015707756-15"],"fingerprint":"281451b7aa0ed7926df2ec05457adcc8795300e25e404f739cfddea049c9b8ea","payload":{},"state":"PROPOSED","created_at":"2026-09-10T04:48:27.756Z","history":[{"state":"PROPOSED","timestamp":"2026-09-10T04:48:27.756Z"}]},"timestamp":"2026-09-10T04:48:27.757Z"}
FRAME:214:cebd6b1045fd7731
{"type":"TASK_NEGOTIATED","task_id":"TASK-1789015707756-15","negotiation":{"action":"PROCEED_TO_STAMP","task_id":"TASK-1789015707756-15","next_state":"APPROVED_FOR_DISPATCH"},"timestamp":"2026-09-10T04:48:27.757Z"}
FRAME:488:5cf50745901d2b52
{"type":"TASK_STAMPED","task_id":"TASK-1789015707756-15","passport":{"task_id":"TASK-1789015707756-15","task_version":1,"goal_id":"GOAL-OMEGA-DEEP-CONTINUATION-V2","scope_paths":["c:/users/lol/2026-workspace/courier/scratch/durable_autonomy_runtime_multi_hour_v1/scratch/task-1789015707756-15"],"max_capability":"WORKSPACE_WRITE","signature":"5bdf7bcbba49408b56e1fd97a270bb95089affcbb703ef008395d491b9e54def","issued_at":"2026-09-10T04:48:27.757Z"},"timestamp":"2026-09-10T04:48:27.757Z"}
FRAME:232:98577d3ef11547c1
{"type":"LEASE_ACQUIRED","resource":"C:\\Users\\lol\\2026-workspace\\courier\\scratch\\durable_autonomy_runtime_multi_hour_v1\\scratch\\TASK-1789015707756-15","task_id":"TASK-1789015707756-15","timestamp":"2026-09-10T04:48:27.758Z"}
FRAME:161:10e64fb825586aca
{"type":"TASK_DISPATCHED","task_id":"TASK-1789015707756-15","worker_id":"WORKER-PRIMARY","lease_id":"EXCLUSIVE_EXECUTION","timestamp":"2026-09-10T04:48:27.758Z"}
FRAME:125:517766f93abb7a4c
{"type":"TASK_FENCED","task_id":"TASK-1789015707756-15","reason":"NON_ZERO_EXIT_CODE","timestamp":"2026-09-10T04:48:27.760Z"}
FRAME:801:309b834535460b5a
{"type":"TASK_PROPOSED","task":{"task_id":"TASK-1789015707761-15","task_version":1,"version":1,"title":"Crash Gap: Dead Worker Process Orphan Lease Reconciler","priority":"P1","goal_id":"GOAL-OMEGA-DEEP-CONTINUATION-V2","working_dir":"C:\\Users\\lol\\2026-workspace\\courier\\scratch\\durable_autonomy_runtime_multi_hour_v1\\scratch\\TASK-1789015707761-15","required_capability":"WORKSPACE_WRITE","scope_paths":["C:\\Users\\lol\\2026-workspace\\courier\\scratch\\durable_autonomy_runtime_multi_hour_v1\\scratch\\TASK-1789015707761-15"],"fingerprint":"a456e0f969716f66da7cf5b8c5ce2101e57b11d74133bc1ee85deef70e0a60e1","payload":{},"state":"PROPOSED","created_at":"2026-09-10T04:48:27.761Z","history":[{"state":"PROPOSED","timestamp":"2026-09-10T04:48:27.761Z"}]},"timestamp":"2026-09-10T04:48:27.761Z"}
FRAME:214:f9644449308d31f8
{"type":"TASK_NEGOTIATED","task_id":"TASK-1789015707761-15","negotiation":{"action":"PROCEED_TO_STAMP","task_id":"TASK-1789015707761-15","next_state":"APPROVED_FOR_DISPATCH"},"timestamp":"2026-09-10T04:48:27.761Z"}
FRAME:488:37be8b8e5afd1407
{"type":"TASK_STAMPED","task_id":"TASK-1789015707761-15","passport":{"task_id":"TASK-1789015707761-15","task_version":1,"goal_id":"GOAL-OMEGA-DEEP-CONTINUATION-V2","scope_paths":["c:/users/lol/2026-workspace/courier/scratch/durable_autonomy_runtime_multi_hour_v1/scratch/task-1789015707761-15"],"max_capability":"WORKSPACE_WRITE","signature":"f9c8234a45df90fb706a74b3b0790fe7d4efaf6830dd7a388feb207b66898e4d","issued_at":"2026-09-10T04:48:27.762Z"},"timestamp":"2026-09-10T04:48:27.762Z"}
FRAME:232:e23bfe1044ccf6cf
{"type":"LEASE_ACQUIRED","resource":"C:\\Users\\lol\\2026-workspace\\courier\\scratch\\durable_autonomy_runtime_multi_hour_v1\\scratch\\TASK-1789015707761-15","task_id":"TASK-1789015707761-15","timestamp":"2026-09-10T04:48:27.762Z"}
FRAME:161:6f919f6b30b412e7
{"type":"TASK_DISPATCHED","task_id":"TASK-1789015707761-15","worker_id":"WORKER-PRIMARY","lease_id":"EXCLUSIVE_EXECUTION","timestamp":"2026-09-10T04:48:27.763Z"}
FRAME:118:a3f0b5a785e9e5e4
{"type":"TASK_COMPLETED","task_id":"TASK-1789015707761-15","artifacts_count":1,"timestamp":"2026-09-10T04:48:27.766Z"}
FRAME:232:2e3a69f87ceb7e39
{"type":"LEASE_RELEASED","resource":"C:\\Users\\lol\\2026-workspace\\courier\\scratch\\durable_autonomy_runtime_multi_hour_v1\\scratch\\TASK-1789015707761-15","task_id":"TASK-1789015707761-15","timestamp":"2026-09-10T04:48:27.766Z"}
FRAME:798:6ff312887d9a8b00
{"type":"TASK_PROPOSED","task":{"task_id":"TASK-1789015707768-16","task_version":1,"version":1,"title":"Mutation Gap: Border Guard Unstamped Task Rejection","priority":"P1","goal_id":"GOAL-OMEGA-DEEP-CONTINUATION-V2","working_dir":"C:\\Users\\lol\\2026-workspace\\courier\\scratch\\durable_autonomy_runtime_multi_hour_v1\\scratch\\TASK-1789015707768-16","required_capability":"WORKSPACE_WRITE","scope_paths":["C:\\Users\\lol\\2026-workspace\\courier\\scratch\\durable_autonomy_runtime_multi_hour_v1\\scratch\\TASK-1789015707768-16"],"fingerprint":"6bb7e6b23c4600676a3c53149cb5183e0bc369232869ecc78002a14e58d7c35e","payload":{},"state":"PROPOSED","created_at":"2026-09-10T04:48:27.768Z","history":[{"state":"PROPOSED","timestamp":"2026-09-10T04:48:27.768Z"}]},"timestamp":"2026-09-10T04:48:27.768Z"}
FRAME:214:912d753300f0de71
{"type":"TASK_NEGOTIATED","task_id":"TASK-1789015707768-16","negotiation":{"action":"PROCEED_TO_STAMP","task_id":"TASK-1789015707768-16","next_state":"APPROVED_FOR_DISPATCH"},"timestamp":"2026-09-10T04:48:27.768Z"}
FRAME:488:2f2c0ea8549fef3c
{"type":"TASK_STAMPED","task_id":"TASK-1789015707768-16","passport":{"task_id":"TASK-1789015707768-16","task_version":1,"goal_id":"GOAL-OMEGA-DEEP-CONTINUATION-V2","scope_paths":["c:/users/lol/2026-workspace/courier/scratch/durable_autonomy_runtime_multi_hour_v1/scratch/task-1789015707768-16"],"max_capability":"WORKSPACE_WRITE","signature":"fac9f0602a321980138bf4f86198af783279a5159a196974e9c2da8a0be73c6c","issued_at":"2026-09-10T04:48:27.769Z"},"timestamp":"2026-09-10T04:48:27.769Z"}
FRAME:232:7cf15046d92d9d6d
{"type":"LEASE_ACQUIRED","resource":"C:\\Users\\lol\\2026-workspace\\courier\\scratch\\durable_autonomy_runtime_multi_hour_v1\\scratch\\TASK-1789015707768-16","task_id":"TASK-1789015707768-16","timestamp":"2026-09-10T04:48:27.769Z"}
FRAME:161:9dc5fc21f3d94f1b
{"type":"TASK_DISPATCHED","task_id":"TASK-1789015707768-16","worker_id":"WORKER-PRIMARY","lease_id":"EXCLUSIVE_EXECUTION","timestamp":"2026-09-10T04:48:27.770Z"}
FRAME:118:9019540b6f81da07
{"type":"TASK_COMPLETED","task_id":"TASK-1789015707768-16","artifacts_count":1,"timestamp":"2026-09-10T04:48:27.773Z"}
FRAME:232:0dc89c52162c636b
{"type":"LEASE_RELEASED","resource":"C:\\Users\\lol\\2026-workspace\\courier\\scratch\\durable_autonomy_runtime_multi_hour_v1\\scratch\\TASK-1789015707768-16","task_id":"TASK-1789015707768-16","timestamp":"2026-09-10T04:48:27.773Z"}
FRAME:803:8f5155cb608fff19
{"type":"TASK_PROPOSED","task":{"task_id":"TASK-1789015707775-17","task_version":1,"version":1,"title":"Mutation Gap: Worker Global Saturation Forgery Rejection","priority":"P1","goal_id":"GOAL-OMEGA-DEEP-CONTINUATION-V2","working_dir":"C:\\Users\\lol\\2026-workspace\\courier\\scratch\\durable_autonomy_runtime_multi_hour_v1\\scratch\\TASK-1789015707775-17","required_capability":"WORKSPACE_WRITE","scope_paths":["C:\\Users\\lol\\2026-workspace\\courier\\scratch\\durable_autonomy_runtime_multi_hour_v1\\scratch\\TASK-1789015707775-17"],"fingerprint":"2dc952b57724f0bce8cded85b6dd71261b89c2bdb6b4d1d2844f6531e0a44dc2","payload":{},"state":"PROPOSED","created_at":"2026-09-10T04:48:27.776Z","history":[{"state":"PROPOSED","timestamp":"2026-09-10T04:48:27.776Z"}]},"timestamp":"2026-09-10T04:48:27.776Z"}
FRAME:214:e7cd8c4dab4c3e9a
{"type":"TASK_NEGOTIATED","task_id":"TASK-1789015707775-17","negotiation":{"action":"PROCEED_TO_STAMP","task_id":"TASK-1789015707775-17","next_state":"APPROVED_FOR_DISPATCH"},"timestamp":"2026-09-10T04:48:27.776Z"}
FRAME:488:5097f029393dd687
{"type":"TASK_STAMPED","task_id":"TASK-1789015707775-17","passport":{"task_id":"TASK-1789015707775-17","task_version":1,"goal_id":"GOAL-OMEGA-DEEP-CONTINUATION-V2","scope_paths":["c:/users/lol/2026-workspace/courier/scratch/durable_autonomy_runtime_multi_hour_v1/scratch/task-1789015707775-17"],"max_capability":"WORKSPACE_WRITE","signature":"659e7e8e87df08da6c62191085012e47792c3190d6bfd3b59555f40cb51c70eb","issued_at":"2026-09-10T04:48:27.776Z"},"timestamp":"2026-09-10T04:48:27.776Z"}
FRAME:232:88c259c9c86e4151
{"type":"LEASE_ACQUIRED","resource":"C:\\Users\\lol\\2026-workspace\\courier\\scratch\\durable_autonomy_runtime_multi_hour_v1\\scratch\\TASK-1789015707775-17","task_id":"TASK-1789015707775-17","timestamp":"2026-09-10T04:48:27.777Z"}
FRAME:161:80d9ca213c46974b
{"type":"TASK_DISPATCHED","task_id":"TASK-1789015707775-17","worker_id":"WORKER-PRIMARY","lease_id":"EXCLUSIVE_EXECUTION","timestamp":"2026-09-10T04:48:27.777Z"}
FRAME:118:115405b581d2facb
{"type":"TASK_COMPLETED","task_id":"TASK-1789015707775-17","artifacts_count":1,"timestamp":"2026-09-10T04:48:27.780Z"}
FRAME:232:a836104e7576efe7
{"type":"LEASE_RELEASED","resource":"C:\\Users\\lol\\2026-workspace\\courier\\scratch\\durable_autonomy_runtime_multi_hour_v1\\scratch\\TASK-1789015707775-17","task_id":"TASK-1789015707775-17","timestamp":"2026-09-10T04:48:27.780Z"}
FRAME:810:4610205fdeac955c
{"type":"TASK_PROPOSED","task":{"task_id":"TASK-1789015707782-18","task_version":1,"version":1,"title":"Mutation Gap: Result Customs Envelope Checksum Tamper Rejection","priority":"P1","goal_id":"GOAL-OMEGA-DEEP-CONTINUATION-V2","working_dir":"C:\\Users\\lol\\2026-workspace\\courier\\scratch\\durable_autonomy_runtime_multi_hour_v1\\scratch\\TASK-1789015707782-18","required_capability":"WORKSPACE_WRITE","scope_paths":["C:\\Users\\lol\\2026-workspace\\courier\\scratch\\durable_autonomy_runtime_multi_hour_v1\\scratch\\TASK-1789015707782-18"],"fingerprint":"52612d6d4d720b5044e6376aa726d95a99288efcfd78e862b12447d46ed4e56b","payload":{},"state":"PROPOSED","created_at":"2026-09-10T04:48:27.782Z","history":[{"state":"PROPOSED","timestamp":"2026-09-10T04:48:27.782Z"}]},"timestamp":"2026-09-10T04:48:27.782Z"}
FRAME:214:d89e8ed2b8a5d094
{"type":"TASK_NEGOTIATED","task_id":"TASK-1789015707782-18","negotiation":{"action":"PROCEED_TO_STAMP","task_id":"TASK-1789015707782-18","next_state":"APPROVED_FOR_DISPATCH"},"timestamp":"2026-09-10T04:48:27.783Z"}
FRAME:488:52ecaa11ab6ba218
{"type":"TASK_STAMPED","task_id":"TASK-1789015707782-18","passport":{"task_id":"TASK-1789015707782-18","task_version":1,"goal_id":"GOAL-OMEGA-DEEP-CONTINUATION-V2","scope_paths":["c:/users/lol/2026-workspace/courier/scratch/durable_autonomy_runtime_multi_hour_v1/scratch/task-1789015707782-18"],"max_capability":"WORKSPACE_WRITE","signature":"c9cced47a7d739bbf4e9b35bd626bfaa01af439215ef8db345b720789d5507cb","issued_at":"2026-09-10T04:48:27.783Z"},"timestamp":"2026-09-10T04:48:27.783Z"}
FRAME:232:7d6fd3d4b78d9c5c
{"type":"LEASE_ACQUIRED","resource":"C:\\Users\\lol\\2026-workspace\\courier\\scratch\\durable_autonomy_runtime_multi_hour_v1\\scratch\\TASK-1789015707782-18","task_id":"TASK-1789015707782-18","timestamp":"2026-09-10T04:48:27.783Z"}
FRAME:161:661820ae2cdd2db1
{"type":"TASK_DISPATCHED","task_id":"TASK-1789015707782-18","worker_id":"WORKER-PRIMARY","lease_id":"EXCLUSIVE_EXECUTION","timestamp":"2026-09-10T04:48:27.783Z"}
FRAME:118:1b6b50416c082199
{"type":"TASK_COMPLETED","task_id":"TASK-1789015707782-18","artifacts_count":1,"timestamp":"2026-09-10T04:48:27.787Z"}
FRAME:232:e965345f6643f4af
{"type":"LEASE_RELEASED","resource":"C:\\Users\\lol\\2026-workspace\\courier\\scratch\\durable_autonomy_runtime_multi_hour_v1\\scratch\\TASK-1789015707782-18","task_id":"TASK-1789015707782-18","timestamp":"2026-09-10T04:48:27.788Z"}
FRAME:813:af6d667a5ffa3cff
{"type":"TASK_PROPOSED","task":{"task_id":"TASK-1789015707789-19","task_version":1,"version":1,"title":"Uncertainty Resolution: Diagnostic Audit of Fenced Execution Tasks","priority":"P0","goal_id":"GOAL-OMEGA-DEEP-CONTINUATION-V2","working_dir":"C:\\Users\\lol\\2026-workspace\\courier\\scratch\\durable_autonomy_runtime_multi_hour_v1\\scratch\\TASK-1789015707789-19","required_capability":"WORKSPACE_WRITE","scope_paths":["C:\\Users\\lol\\2026-workspace\\courier\\scratch\\durable_autonomy_runtime_multi_hour_v1\\scratch\\TASK-1789015707789-19"],"fingerprint":"2b715cc2655e1bc62a2f4d9e54c177e1200667eedc771aa0c89592a6a8de008d","payload":{},"state":"PROPOSED","created_at":"2026-09-10T04:48:27.790Z","history":[{"state":"PROPOSED","timestamp":"2026-09-10T04:48:27.790Z"}]},"timestamp":"2026-09-10T04:48:27.790Z"}
FRAME:214:be010c8fe0a7e5cd
{"type":"TASK_NEGOTIATED","task_id":"TASK-1789015707789-19","negotiation":{"action":"PROCEED_TO_STAMP","task_id":"TASK-1789015707789-19","next_state":"APPROVED_FOR_DISPATCH"},"timestamp":"2026-09-10T04:48:27.790Z"}
FRAME:488:ccf17230d582b9ec
{"type":"TASK_STAMPED","task_id":"TASK-1789015707789-19","passport":{"task_id":"TASK-1789015707789-19","task_version":1,"goal_id":"GOAL-OMEGA-DEEP-CONTINUATION-V2","scope_paths":["c:/users/lol/2026-workspace/courier/scratch/durable_autonomy_runtime_multi_hour_v1/scratch/task-1789015707789-19"],"max_capability":"WORKSPACE_WRITE","signature":"6d6dbbb4b0048d902e4f725a8c713439f26a376093e60d27abece8d438943be7","issued_at":"2026-09-10T04:48:27.790Z"},"timestamp":"2026-09-10T04:48:27.791Z"}
FRAME:232:5b2f12c58a8fcb25
{"type":"LEASE_ACQUIRED","resource":"C:\\Users\\lol\\2026-workspace\\courier\\scratch\\durable_autonomy_runtime_multi_hour_v1\\scratch\\TASK-1789015707789-19","task_id":"TASK-1789015707789-19","timestamp":"2026-09-10T04:48:27.791Z"}
FRAME:161:a8e535dc1743f50d
{"type":"TASK_DISPATCHED","task_id":"TASK-1789015707789-19","worker_id":"WORKER-PRIMARY","lease_id":"EXCLUSIVE_EXECUTION","timestamp":"2026-09-10T04:48:27.791Z"}
FRAME:118:01a7f3f05348a8ae
{"type":"TASK_COMPLETED","task_id":"TASK-1789015707789-19","artifacts_count":1,"timestamp":"2026-09-10T04:48:27.795Z"}
FRAME:232:2f46c74d18026775
{"type":"LEASE_RELEASED","resource":"C:\\Users\\lol\\2026-workspace\\courier\\scratch\\durable_autonomy_runtime_multi_hour_v1\\scratch\\TASK-1789015707789-19","task_id":"TASK-1789015707789-19","timestamp":"2026-09-10T04:48:27.795Z"}
FRAME:817:b27c7ca24b9dafbb
{"type":"TASK_PROPOSED","task":{"task_id":"TASK-1789015707797-20","task_version":1,"version":1,"title":"Source Gap: Production No-Stacking NTFS Case-Folding and Subpath Guard","priority":"P1","goal_id":"GOAL-OMEGA-DEEP-CONTINUATION-V2","working_dir":"C:\\Users\\lol\\2026-workspace\\courier\\scratch\\durable_autonomy_runtime_multi_hour_v1\\scratch\\TASK-1789015707797-20","required_capability":"WORKSPACE_WRITE","scope_paths":["C:\\Users\\lol\\2026-workspace\\courier\\scratch\\durable_autonomy_runtime_multi_hour_v1\\scratch\\TASK-1789015707797-20"],"fingerprint":"73ffbd9749f040c591536ee82f0aacc71dd42736be986070354f4cf5a262e6ab","payload":{},"state":"PROPOSED","created_at":"2026-09-10T04:48:27.797Z","history":[{"state":"PROPOSED","timestamp":"2026-09-10T04:48:27.797Z"}]},"timestamp":"2026-09-10T04:48:27.797Z"}
FRAME:214:8d507734859f3317
{"type":"TASK_NEGOTIATED","task_id":"TASK-1789015707797-20","negotiation":{"action":"PROCEED_TO_STAMP","task_id":"TASK-1789015707797-20","next_state":"APPROVED_FOR_DISPATCH"},"timestamp":"2026-09-10T04:48:27.798Z"}
FRAME:488:27d82ae13208a01d
{"type":"TASK_STAMPED","task_id":"TASK-1789015707797-20","passport":{"task_id":"TASK-1789015707797-20","task_version":1,"goal_id":"GOAL-OMEGA-DEEP-CONTINUATION-V2","scope_paths":["c:/users/lol/2026-workspace/courier/scratch/durable_autonomy_runtime_multi_hour_v1/scratch/task-1789015707797-20"],"max_capability":"WORKSPACE_WRITE","signature":"9fccb8ea2e93389f3da5801780c8feb1bb3cbd8487837506b2d0687346812a73","issued_at":"2026-09-10T04:48:27.798Z"},"timestamp":"2026-09-10T04:48:27.798Z"}
FRAME:232:37a138bf2826d0d8
{"type":"LEASE_ACQUIRED","resource":"C:\\Users\\lol\\2026-workspace\\courier\\scratch\\durable_autonomy_runtime_multi_hour_v1\\scratch\\TASK-1789015707797-20","task_id":"TASK-1789015707797-20","timestamp":"2026-09-10T04:48:27.798Z"}
FRAME:161:640c3d501bf94bdd
{"type":"TASK_DISPATCHED","task_id":"TASK-1789015707797-20","worker_id":"WORKER-PRIMARY","lease_id":"EXCLUSIVE_EXECUTION","timestamp":"2026-09-10T04:48:27.799Z"}
FRAME:118:28aef772b0e32e81
{"type":"TASK_COMPLETED","task_id":"TASK-1789015707797-20","artifacts_count":1,"timestamp":"2026-09-10T04:48:27.802Z"}
FRAME:232:47a86568ad1ed2b1
{"type":"LEASE_RELEASED","resource":"C:\\Users\\lol\\2026-workspace\\courier\\scratch\\durable_autonomy_runtime_multi_hour_v1\\scratch\\TASK-1789015707797-20","task_id":"TASK-1789015707797-20","timestamp":"2026-09-10T04:48:27.802Z"}
FRAME:809:2c09ca767011d1ff
{"type":"TASK_PROPOSED","task":{"task_id":"TASK-1789015707804-21","task_version":1,"version":1,"title":"Source Gap: Process Lease PID and Monotonic Start-Time Binding","priority":"P1","goal_id":"GOAL-OMEGA-DEEP-CONTINUATION-V2","working_dir":"C:\\Users\\lol\\2026-workspace\\courier\\scratch\\durable_autonomy_runtime_multi_hour_v1\\scratch\\TASK-1789015707804-21","required_capability":"WORKSPACE_WRITE","scope_paths":["C:\\Users\\lol\\2026-workspace\\courier\\scratch\\durable_autonomy_runtime_multi_hour_v1\\scratch\\TASK-1789015707804-21"],"fingerprint":"55b5f13c59a28b0c34eadd0210df5bf1d90edc69bd39e8fdf973ec1a24d83d30","payload":{},"state":"PROPOSED","created_at":"2026-09-10T04:48:27.804Z","history":[{"state":"PROPOSED","timestamp":"2026-09-10T04:48:27.804Z"}]},"timestamp":"2026-09-10T04:48:27.804Z"}
FRAME:214:eb3d5f1099795d4d
{"type":"TASK_NEGOTIATED","task_id":"TASK-1789015707804-21","negotiation":{"action":"PROCEED_TO_STAMP","task_id":"TASK-1789015707804-21","next_state":"APPROVED_FOR_DISPATCH"},"timestamp":"2026-09-10T04:48:27.804Z"}
FRAME:488:a3e554d1c1a727a5
{"type":"TASK_STAMPED","task_id":"TASK-1789015707804-21","passport":{"task_id":"TASK-1789015707804-21","task_version":1,"goal_id":"GOAL-OMEGA-DEEP-CONTINUATION-V2","scope_paths":["c:/users/lol/2026-workspace/courier/scratch/durable_autonomy_runtime_multi_hour_v1/scratch/task-1789015707804-21"],"max_capability":"WORKSPACE_WRITE","signature":"a0e3ffec5096f9ecc0102298d25524608df483cea0e5d338141d61545a3e8c12","issued_at":"2026-09-10T04:48:27.805Z"},"timestamp":"2026-09-10T04:48:27.805Z"}
FRAME:232:910130d649fbb900
{"type":"LEASE_ACQUIRED","resource":"C:\\Users\\lol\\2026-workspace\\courier\\scratch\\durable_autonomy_runtime_multi_hour_v1\\scratch\\TASK-1789015707804-21","task_id":"TASK-1789015707804-21","timestamp":"2026-09-10T04:48:27.805Z"}
FRAME:161:f61c6747fe22036b
{"type":"TASK_DISPATCHED","task_id":"TASK-1789015707804-21","worker_id":"WORKER-PRIMARY","lease_id":"EXCLUSIVE_EXECUTION","timestamp":"2026-09-10T04:48:27.805Z"}
FRAME:125:92ae5c5b1348aec4
{"type":"TASK_FENCED","task_id":"TASK-1789015707804-21","reason":"NON_ZERO_EXIT_CODE","timestamp":"2026-09-10T04:48:27.806Z"}
FRAME:808:7555593db2a12a2d
{"type":"TASK_PROPOSED","task":{"task_id":"TASK-1789015707807-21","task_version":1,"version":1,"title":"Simplification Audit: Single Choke Point Dispatch Enforcement","priority":"P1","goal_id":"GOAL-OMEGA-DEEP-CONTINUATION-V2","working_dir":"C:\\Users\\lol\\2026-workspace\\courier\\scratch\\durable_autonomy_runtime_multi_hour_v1\\scratch\\TASK-1789015707807-21","required_capability":"WORKSPACE_WRITE","scope_paths":["C:\\Users\\lol\\2026-workspace\\courier\\scratch\\durable_autonomy_runtime_multi_hour_v1\\scratch\\TASK-1789015707807-21"],"fingerprint":"46c8ae93c2bcc14bde24ae282af8e2252f059b6f4cac59537c163dcc93ad0160","payload":{},"state":"PROPOSED","created_at":"2026-09-10T04:48:27.808Z","history":[{"state":"PROPOSED","timestamp":"2026-09-10T04:48:27.808Z"}]},"timestamp":"2026-09-10T04:48:27.808Z"}
FRAME:214:7acdc9ca435e253c
{"type":"TASK_NEGOTIATED","task_id":"TASK-1789015707807-21","negotiation":{"action":"PROCEED_TO_STAMP","task_id":"TASK-1789015707807-21","next_state":"APPROVED_FOR_DISPATCH"},"timestamp":"2026-09-10T04:48:27.808Z"}
FRAME:488:5e383bd188feb3c0
{"type":"TASK_STAMPED","task_id":"TASK-1789015707807-21","passport":{"task_id":"TASK-1789015707807-21","task_version":1,"goal_id":"GOAL-OMEGA-DEEP-CONTINUATION-V2","scope_paths":["c:/users/lol/2026-workspace/courier/scratch/durable_autonomy_runtime_multi_hour_v1/scratch/task-1789015707807-21"],"max_capability":"WORKSPACE_WRITE","signature":"a162c8ae3110e95bc2fcfdca97afcf88aea6236ffdb2baf7b146222ed955983c","issued_at":"2026-09-10T04:48:27.808Z"},"timestamp":"2026-09-10T04:48:27.808Z"}
FRAME:232:a4ea8b12231388f6
{"type":"LEASE_ACQUIRED","resource":"C:\\Users\\lol\\2026-workspace\\courier\\scratch\\durable_autonomy_runtime_multi_hour_v1\\scratch\\TASK-1789015707807-21","task_id":"TASK-1789015707807-21","timestamp":"2026-09-10T04:48:27.809Z"}
FRAME:161:5e3830eb6855e294
{"type":"TASK_DISPATCHED","task_id":"TASK-1789015707807-21","worker_id":"WORKER-PRIMARY","lease_id":"EXCLUSIVE_EXECUTION","timestamp":"2026-09-10T04:48:27.809Z"}
FRAME:118:61cf8e0d7e26f53b
{"type":"TASK_COMPLETED","task_id":"TASK-1789015707807-21","artifacts_count":1,"timestamp":"2026-09-10T04:48:27.812Z"}
FRAME:232:fb372a606e45441c
{"type":"LEASE_RELEASED","resource":"C:\\Users\\lol\\2026-workspace\\courier\\scratch\\durable_autonomy_runtime_multi_hour_v1\\scratch\\TASK-1789015707807-21","task_id":"TASK-1789015707807-21","timestamp":"2026-09-10T04:48:27.812Z"}
FRAME:816:5ec61fb293095dae
{"type":"TASK_PROPOSED","task":{"task_id":"TASK-1789015707814-22","task_version":1,"version":1,"title":"Source Gap: Project-Memory Host Role Partitioning & Confinement Audit","priority":"P1","goal_id":"GOAL-OMEGA-DEEP-CONTINUATION-V2","working_dir":"C:\\Users\\lol\\2026-workspace\\courier\\scratch\\durable_autonomy_runtime_multi_hour_v1\\scratch\\TASK-1789015707814-22","required_capability":"WORKSPACE_WRITE","scope_paths":["C:\\Users\\lol\\2026-workspace\\courier\\scratch\\durable_autonomy_runtime_multi_hour_v1\\scratch\\TASK-1789015707814-22"],"fingerprint":"3e2452539ed53d137997e305571888e8366612efd55eed746c8d2b1478341756","payload":{},"state":"PROPOSED","created_at":"2026-09-10T04:48:27.814Z","history":[{"state":"PROPOSED","timestamp":"2026-09-10T04:48:27.814Z"}]},"timestamp":"2026-09-10T04:48:27.814Z"}
FRAME:214:75febd6b32f02ca3
{"type":"TASK_NEGOTIATED","task_id":"TASK-1789015707814-22","negotiation":{"action":"PROCEED_TO_STAMP","task_id":"TASK-1789015707814-22","next_state":"APPROVED_FOR_DISPATCH"},"timestamp":"2026-09-10T04:48:27.814Z"}
FRAME:488:824766a33d108574
{"type":"TASK_STAMPED","task_id":"TASK-1789015707814-22","passport":{"task_id":"TASK-1789015707814-22","task_version":1,"goal_id":"GOAL-OMEGA-DEEP-CONTINUATION-V2","scope_paths":["c:/users/lol/2026-workspace/courier/scratch/durable_autonomy_runtime_multi_hour_v1/scratch/task-1789015707814-22"],"max_capability":"WORKSPACE_WRITE","signature":"0ce6f7bfa980a920e4431b0d780525d2c0ffc6c53e1d023a00a1f9767a5ec777","issued_at":"2026-09-10T04:48:27.815Z"},"timestamp":"2026-09-10T04:48:27.815Z"}
FRAME:232:6954a4ca5c7c57f2
{"type":"LEASE_ACQUIRED","resource":"C:\\Users\\lol\\2026-workspace\\courier\\scratch\\durable_autonomy_runtime_multi_hour_v1\\scratch\\TASK-1789015707814-22","task_id":"TASK-1789015707814-22","timestamp":"2026-09-10T04:48:27.815Z"}
FRAME:161:ae379d45e3629123
{"type":"TASK_DISPATCHED","task_id":"TASK-1789015707814-22","worker_id":"WORKER-PRIMARY","lease_id":"EXCLUSIVE_EXECUTION","timestamp":"2026-09-10T04:48:27.815Z"}
FRAME:118:0c210674695eb011
{"type":"TASK_COMPLETED","task_id":"TASK-1789015707814-22","artifacts_count":1,"timestamp":"2026-09-10T04:48:27.819Z"}
FRAME:232:35087e87d8bbcb67
{"type":"LEASE_RELEASED","resource":"C:\\Users\\lol\\2026-workspace\\courier\\scratch\\durable_autonomy_runtime_multi_hour_v1\\scratch\\TASK-1789015707814-22","task_id":"TASK-1789015707814-22","timestamp":"2026-09-10T04:48:27.819Z"}
FRAME:342:b135b3f7a58505f4
{"type":"MISSION_INITIALIZED","mission_id":"WINDOWS_COURIER_DURABLE_AUTONOMY_RUNTIME_MULTI_HOUR_V1","continuation_id":"WINDOWS_COURIER_DURABLE_AUTONOMY_RUNTIME_MULTI_HOUR_V1_CONTINUATION_OMEGA_DEEP_V2","continuation_version":2,"resumed_at_utc":"2026-09-10T04:48:50.706Z","previously_completed_units":22,"timestamp":"2026-09-10T04:48:50.706Z"}
FRAME:946:4c071e35f2567c8a
{"type":"GOAL_CREATED","goal":{"goal_id":"GOAL-OMEGA-DEEP-CONTINUATION-V2","goal_version":2,"owner":"CHIEF","title":"Courier Windows Autonomous Engineering Continuation & Dynamic Frontier Expansion","acceptance_criteria":["CRIT_FINANCIAL_SAFETY_WALL_VERIFIED","CRIT_CONFINEMENT_INVARIANTS_VERIFIED","CRIT_MUTEX_CONCURRENCY_ASSERTED","CRIT_SUBPATH_COLLISION_PREVENTED","CRIT_TORN_FRAME_RECOVERY_PROVEN","CRIT_ORPHAN_LEASE_RECONCILED","CRIT_MUTATION_BORDER_GUARD_KILLED","CRIT_MUTATION_WORKER_SATURATION_KILLED","CRIT_MUTATION_CUSTOMS_TAMPER_KILLED","CRIT_CHOKE_POINT_DISPATCH_ENFORCED","CRIT_NO_STACKING_AUDITED","CRIT_PROCESS_IDENTITY_PROVEN","CRIT_HOST_ROLE_CONFIRMED","CRIT_FOLLOWUP_IDEA_001_RESOLVED","CRIT_FOLLOWUP_IDEA_002_RESOLVED","CRIT_FOLLOWUP_IDEA_003_RESOLVED"],"evidence_requirements":[],"dependencies":[],"human_gates":[],"risk":"LOW","status":"ACTIVE","created_at":"2026-09-10T04:48:50.707Z"},"timestamp":"2026-09-10T04:48:50.707Z"}
FRAME:811:c989445092441a94
{"type":"TASK_PROPOSED","task":{"task_id":"TASK-1789015730725-23","task_version":1,"version":1,"title":"Catastrophe Check: Zero Financial Spend & Live Trading Hard Wall","priority":"P0","goal_id":"GOAL-OMEGA-DEEP-CONTINUATION-V2","working_dir":"C:\\Users\\lol\\2026-workspace\\courier\\scratch\\durable_autonomy_runtime_multi_hour_v1\\scratch\\TASK-1789015730725-23","required_capability":"WORKSPACE_WRITE","scope_paths":["C:\\Users\\lol\\2026-workspace\\courier\\scratch\\durable_autonomy_runtime_multi_hour_v1\\scratch\\TASK-1789015730725-23"],"fingerprint":"1e1031d49fdc0ddec057790d9f5850f5323b570c18ad738e732857f57454a3ec","payload":{},"state":"PROPOSED","created_at":"2026-09-10T04:48:50.726Z","history":[{"state":"PROPOSED","timestamp":"2026-09-10T04:48:50.726Z"}]},"timestamp":"2026-09-10T04:48:50.726Z"}
FRAME:214:413441e60ec9a769
{"type":"TASK_NEGOTIATED","task_id":"TASK-1789015730725-23","negotiation":{"action":"PROCEED_TO_STAMP","task_id":"TASK-1789015730725-23","next_state":"APPROVED_FOR_DISPATCH"},"timestamp":"2026-09-10T04:48:50.727Z"}
FRAME:488:b709602579f0eaa4
{"type":"TASK_STAMPED","task_id":"TASK-1789015730725-23","passport":{"task_id":"TASK-1789015730725-23","task_version":1,"goal_id":"GOAL-OMEGA-DEEP-CONTINUATION-V2","scope_paths":["c:/users/lol/2026-workspace/courier/scratch/durable_autonomy_runtime_multi_hour_v1/scratch/task-1789015730725-23"],"max_capability":"WORKSPACE_WRITE","signature":"7a9577a547a7f75c0df92a196ef95b7efc34553e84ec5b3e6afd819b534558fa","issued_at":"2026-09-10T04:48:50.728Z"},"timestamp":"2026-09-10T04:48:50.728Z"}
FRAME:232:21bec22b43cce514
{"type":"LEASE_ACQUIRED","resource":"C:\\Users\\lol\\2026-workspace\\courier\\scratch\\durable_autonomy_runtime_multi_hour_v1\\scratch\\TASK-1789015730725-23","task_id":"TASK-1789015730725-23","timestamp":"2026-09-10T04:48:50.728Z"}
FRAME:161:fb6e9f658c4c6dd7
{"type":"TASK_DISPATCHED","task_id":"TASK-1789015730725-23","worker_id":"WORKER-PRIMARY","lease_id":"EXCLUSIVE_EXECUTION","timestamp":"2026-09-10T04:48:50.729Z"}
FRAME:125:9c3e22fc8a5140c3
{"type":"TASK_FENCED","task_id":"TASK-1789015730725-23","reason":"NON_ZERO_EXIT_CODE","timestamp":"2026-09-10T04:48:50.730Z"}
FRAME:809:6c691d590944364b
{"type":"TASK_PROPOSED","task":{"task_id":"TASK-1789015730731-23","task_version":1,"version":1,"title":"Catastrophe Check: Mac Host & UniversuX Confinement Invariants","priority":"P0","goal_id":"GOAL-OMEGA-DEEP-CONTINUATION-V2","working_dir":"C:\\Users\\lol\\2026-workspace\\courier\\scratch\\durable_autonomy_runtime_multi_hour_v1\\scratch\\TASK-1789015730731-23","required_capability":"WORKSPACE_WRITE","scope_paths":["C:\\Users\\lol\\2026-workspace\\courier\\scratch\\durable_autonomy_runtime_multi_hour_v1\\scratch\\TASK-1789015730731-23"],"fingerprint":"ecbf973ffb55b069fd44df04f5a9078565cd58ecefdf1a3d073bea168ae26066","payload":{},"state":"PROPOSED","created_at":"2026-09-10T04:48:50.732Z","history":[{"state":"PROPOSED","timestamp":"2026-09-10T04:48:50.732Z"}]},"timestamp":"2026-09-10T04:48:50.732Z"}
FRAME:214:21402dc7a0aaf04f
{"type":"TASK_NEGOTIATED","task_id":"TASK-1789015730731-23","negotiation":{"action":"PROCEED_TO_STAMP","task_id":"TASK-1789015730731-23","next_state":"APPROVED_FOR_DISPATCH"},"timestamp":"2026-09-10T04:48:50.732Z"}
FRAME:488:721085245bfe1217
{"type":"TASK_STAMPED","task_id":"TASK-1789015730731-23","passport":{"task_id":"TASK-1789015730731-23","task_version":1,"goal_id":"GOAL-OMEGA-DEEP-CONTINUATION-V2","scope_paths":["c:/users/lol/2026-workspace/courier/scratch/durable_autonomy_runtime_multi_hour_v1/scratch/task-1789015730731-23"],"max_capability":"WORKSPACE_WRITE","signature":"a4827548d6e471f4068632d788a788c0217246f48e1995ac8d31fb33e59664cc","issued_at":"2026-09-10T04:48:50.732Z"},"timestamp":"2026-09-10T04:48:50.732Z"}
FRAME:232:93b3eb091750e1f0
{"type":"LEASE_ACQUIRED","resource":"C:\\Users\\lol\\2026-workspace\\courier\\scratch\\durable_autonomy_runtime_multi_hour_v1\\scratch\\TASK-1789015730731-23","task_id":"TASK-1789015730731-23","timestamp":"2026-09-10T04:48:50.733Z"}
FRAME:161:1a353242a2638bff
{"type":"TASK_DISPATCHED","task_id":"TASK-1789015730731-23","worker_id":"WORKER-PRIMARY","lease_id":"EXCLUSIVE_EXECUTION","timestamp":"2026-09-10T04:48:50.733Z"}
FRAME:118:f07ac1b11d4e4dac
{"type":"TASK_COMPLETED","task_id":"TASK-1789015730731-23","artifacts_count":1,"timestamp":"2026-09-10T04:48:50.737Z"}
FRAME:232:233861f13abaf0cb
{"type":"LEASE_RELEASED","resource":"C:\\Users\\lol\\2026-workspace\\courier\\scratch\\durable_autonomy_runtime_multi_hour_v1\\scratch\\TASK-1789015730731-23","task_id":"TASK-1789015730731-23","timestamp":"2026-09-10T04:48:50.738Z"}
FRAME:808:113310a71a54e623
{"type":"TASK_PROPOSED","task":{"task_id":"TASK-1789015730740-24","task_version":1,"version":1,"title":"Concurrency Gap: Multi-Process NTFS Exclusive Lock Mutex Race","priority":"P1","goal_id":"GOAL-OMEGA-DEEP-CONTINUATION-V2","working_dir":"C:\\Users\\lol\\2026-workspace\\courier\\scratch\\durable_autonomy_runtime_multi_hour_v1\\scratch\\TASK-1789015730740-24","required_capability":"WORKSPACE_WRITE","scope_paths":["C:\\Users\\lol\\2026-workspace\\courier\\scratch\\durable_autonomy_runtime_multi_hour_v1\\scratch\\TASK-1789015730740-24"],"fingerprint":"f18fcdf859f0a2328e6cf9a668520d8391d5cd16f36ceb94f1829d0234b53510","payload":{},"state":"PROPOSED","created_at":"2026-09-10T04:48:50.740Z","history":[{"state":"PROPOSED","timestamp":"2026-09-10T04:48:50.740Z"}]},"timestamp":"2026-09-10T04:48:50.740Z"}
FRAME:214:8a377b56da287b1f
{"type":"TASK_NEGOTIATED","task_id":"TASK-1789015730740-24","negotiation":{"action":"PROCEED_TO_STAMP","task_id":"TASK-1789015730740-24","next_state":"APPROVED_FOR_DISPATCH"},"timestamp":"2026-09-10T04:48:50.743Z"}
FRAME:488:30076a14fe3f6b23
{"type":"TASK_STAMPED","task_id":"TASK-1789015730740-24","passport":{"task_id":"TASK-1789015730740-24","task_version":1,"goal_id":"GOAL-OMEGA-DEEP-CONTINUATION-V2","scope_paths":["c:/users/lol/2026-workspace/courier/scratch/durable_autonomy_runtime_multi_hour_v1/scratch/task-1789015730740-24"],"max_capability":"WORKSPACE_WRITE","signature":"45ca8a5b9d26fa74733732b08f365f4e693fbbd94ab0c798a3ac94d2ba367acd","issued_at":"2026-09-10T04:48:50.744Z"},"timestamp":"2026-09-10T04:48:50.744Z"}
FRAME:232:af1e47a02a178888
{"type":"LEASE_ACQUIRED","resource":"C:\\Users\\lol\\2026-workspace\\courier\\scratch\\durable_autonomy_runtime_multi_hour_v1\\scratch\\TASK-1789015730740-24","task_id":"TASK-1789015730740-24","timestamp":"2026-09-10T04:48:50.744Z"}
FRAME:161:ae9acf3ee7e128a1
{"type":"TASK_DISPATCHED","task_id":"TASK-1789015730740-24","worker_id":"WORKER-PRIMARY","lease_id":"EXCLUSIVE_EXECUTION","timestamp":"2026-09-10T04:48:50.744Z"}
FRAME:118:29b8c38740abe0f2
{"type":"TASK_COMPLETED","task_id":"TASK-1789015730740-24","artifacts_count":1,"timestamp":"2026-09-10T04:48:50.749Z"}
FRAME:232:c028e85893a84548
{"type":"LEASE_RELEASED","resource":"C:\\Users\\lol\\2026-workspace\\courier\\scratch\\durable_autonomy_runtime_multi_hour_v1\\scratch\\TASK-1789015730740-24","task_id":"TASK-1789015730740-24","timestamp":"2026-09-10T04:48:50.749Z"}
FRAME:811:65268c1bd9ae9118
{"type":"TASK_PROPOSED","task":{"task_id":"TASK-1789015730751-25","task_version":1,"version":1,"title":"Concurrency Gap: Hierarchical Subpath Prefix Collision Detection","priority":"P1","goal_id":"GOAL-OMEGA-DEEP-CONTINUATION-V2","working_dir":"C:\\Users\\lol\\2026-workspace\\courier\\scratch\\durable_autonomy_runtime_multi_hour_v1\\scratch\\TASK-1789015730751-25","required_capability":"WORKSPACE_WRITE","scope_paths":["C:\\Users\\lol\\2026-workspace\\courier\\scratch\\durable_autonomy_runtime_multi_hour_v1\\scratch\\TASK-1789015730751-25"],"fingerprint":"ee6d49ee361a59171f63eaa83da0d39e604ce9b1497892ec3186390ea8003490","payload":{},"state":"PROPOSED","created_at":"2026-09-10T04:48:50.751Z","history":[{"state":"PROPOSED","timestamp":"2026-09-10T04:48:50.751Z"}]},"timestamp":"2026-09-10T04:48:50.751Z"}
FRAME:214:da24b9f6e0777e9d
{"type":"TASK_NEGOTIATED","task_id":"TASK-1789015730751-25","negotiation":{"action":"PROCEED_TO_STAMP","task_id":"TASK-1789015730751-25","next_state":"APPROVED_FOR_DISPATCH"},"timestamp":"2026-09-10T04:48:50.752Z"}
FRAME:488:b0f722358cc6dd93
{"type":"TASK_STAMPED","task_id":"TASK-1789015730751-25","passport":{"task_id":"TASK-1789015730751-25","task_version":1,"goal_id":"GOAL-OMEGA-DEEP-CONTINUATION-V2","scope_paths":["c:/users/lol/2026-workspace/courier/scratch/durable_autonomy_runtime_multi_hour_v1/scratch/task-1789015730751-25"],"max_capability":"WORKSPACE_WRITE","signature":"ea02d28583b62a564a491dec83f954146bcc57fb7bb8f81ab59895c4edce937b","issued_at":"2026-09-10T04:48:50.752Z"},"timestamp":"2026-09-10T04:48:50.752Z"}
FRAME:232:8ac1c98b642c3d5b
{"type":"LEASE_ACQUIRED","resource":"C:\\Users\\lol\\2026-workspace\\courier\\scratch\\durable_autonomy_runtime_multi_hour_v1\\scratch\\TASK-1789015730751-25","task_id":"TASK-1789015730751-25","timestamp":"2026-09-10T04:48:50.753Z"}
FRAME:161:47cba502c1e73f79
{"type":"TASK_DISPATCHED","task_id":"TASK-1789015730751-25","worker_id":"WORKER-PRIMARY","lease_id":"EXCLUSIVE_EXECUTION","timestamp":"2026-09-10T04:48:50.753Z"}
FRAME:118:c76daed7fb9a54aa
{"type":"TASK_COMPLETED","task_id":"TASK-1789015730751-25","artifacts_count":1,"timestamp":"2026-09-10T04:48:50.757Z"}
FRAME:232:4a3b5b1626397044
{"type":"LEASE_RELEASED","resource":"C:\\Users\\lol\\2026-workspace\\courier\\scratch\\durable_autonomy_runtime_multi_hour_v1\\scratch\\TASK-1789015730751-25","task_id":"TASK-1789015730751-25","timestamp":"2026-09-10T04:48:50.757Z"}
FRAME:805:45dde1fec9c8cf48
{"type":"TASK_PROPOSED","task":{"task_id":"TASK-1789015730759-26","task_version":1,"version":1,"title":"Crash Gap: Mid-Write Torn Log Frame Isolation and Recovery","priority":"P1","goal_id":"GOAL-OMEGA-DEEP-CONTINUATION-V2","working_dir":"C:\\Users\\lol\\2026-workspace\\courier\\scratch\\durable_autonomy_runtime_multi_hour_v1\\scratch\\TASK-1789015730759-26","required_capability":"WORKSPACE_WRITE","scope_paths":["C:\\Users\\lol\\2026-workspace\\courier\\scratch\\durable_autonomy_runtime_multi_hour_v1\\scratch\\TASK-1789015730759-26"],"fingerprint":"28e29d9c2540c6db3bbd56817396cdc60ed0da5b09f2fafa2979193f362c940b","payload":{},"state":"PROPOSED","created_at":"2026-09-10T04:48:50.759Z","history":[{"state":"PROPOSED","timestamp":"2026-09-10T04:48:50.759Z"}]},"timestamp":"2026-09-10T04:48:50.759Z"}
FRAME:214:1ce1ea89df0ccc98
{"type":"TASK_NEGOTIATED","task_id":"TASK-1789015730759-26","negotiation":{"action":"PROCEED_TO_STAMP","task_id":"TASK-1789015730759-26","next_state":"APPROVED_FOR_DISPATCH"},"timestamp":"2026-09-10T04:48:50.760Z"}
FRAME:488:f4e4a6fc3c17f136
{"type":"TASK_STAMPED","task_id":"TASK-1789015730759-26","passport":{"task_id":"TASK-1789015730759-26","task_version":1,"goal_id":"GOAL-OMEGA-DEEP-CONTINUATION-V2","scope_paths":["c:/users/lol/2026-workspace/courier/scratch/durable_autonomy_runtime_multi_hour_v1/scratch/task-1789015730759-26"],"max_capability":"WORKSPACE_WRITE","signature":"07d1e163c0d10b192b2c3cc704116e2310854f389177402b56980e3b20391276","issued_at":"2026-09-10T04:48:50.760Z"},"timestamp":"2026-09-10T04:48:50.760Z"}
FRAME:232:45497ef8f54fa4e4
{"type":"LEASE_ACQUIRED","resource":"C:\\Users\\lol\\2026-workspace\\courier\\scratch\\durable_autonomy_runtime_multi_hour_v1\\scratch\\TASK-1789015730759-26","task_id":"TASK-1789015730759-26","timestamp":"2026-09-10T04:48:50.760Z"}
FRAME:161:142204157bfd0abf
{"type":"TASK_DISPATCHED","task_id":"TASK-1789015730759-26","worker_id":"WORKER-PRIMARY","lease_id":"EXCLUSIVE_EXECUTION","timestamp":"2026-09-10T04:48:50.761Z"}
FRAME:118:e3261e5283096048
{"type":"TASK_COMPLETED","task_id":"TASK-1789015730759-26","artifacts_count":1,"timestamp":"2026-09-10T04:48:50.766Z"}
FRAME:232:91f10f19ca197121
{"type":"LEASE_RELEASED","resource":"C:\\Users\\lol\\2026-workspace\\courier\\scratch\\durable_autonomy_runtime_multi_hour_v1\\scratch\\TASK-1789015730759-26","task_id":"TASK-1789015730759-26","timestamp":"2026-09-10T04:48:50.766Z"}
FRAME:801:baf5f4fa03febed4
{"type":"TASK_PROPOSED","task":{"task_id":"TASK-1789015730768-27","task_version":1,"version":1,"title":"Crash Gap: Dead Worker Process Orphan Lease Reconciler","priority":"P1","goal_id":"GOAL-OMEGA-DEEP-CONTINUATION-V2","working_dir":"C:\\Users\\lol\\2026-workspace\\courier\\scratch\\durable_autonomy_runtime_multi_hour_v1\\scratch\\TASK-1789015730768-27","required_capability":"WORKSPACE_WRITE","scope_paths":["C:\\Users\\lol\\2026-workspace\\courier\\scratch\\durable_autonomy_runtime_multi_hour_v1\\scratch\\TASK-1789015730768-27"],"fingerprint":"8ffccb3f6996d35956ba86b55a8d3e6dc0b10ce82904aa57c1bb117fb931e0d9","payload":{},"state":"PROPOSED","created_at":"2026-09-10T04:48:50.768Z","history":[{"state":"PROPOSED","timestamp":"2026-09-10T04:48:50.768Z"}]},"timestamp":"2026-09-10T04:48:50.768Z"}
FRAME:214:7a3e820cb9774d28
{"type":"TASK_NEGOTIATED","task_id":"TASK-1789015730768-27","negotiation":{"action":"PROCEED_TO_STAMP","task_id":"TASK-1789015730768-27","next_state":"APPROVED_FOR_DISPATCH"},"timestamp":"2026-09-10T04:48:50.769Z"}
FRAME:488:24f6197a9547b77f
{"type":"TASK_STAMPED","task_id":"TASK-1789015730768-27","passport":{"task_id":"TASK-1789015730768-27","task_version":1,"goal_id":"GOAL-OMEGA-DEEP-CONTINUATION-V2","scope_paths":["c:/users/lol/2026-workspace/courier/scratch/durable_autonomy_runtime_multi_hour_v1/scratch/task-1789015730768-27"],"max_capability":"WORKSPACE_WRITE","signature":"0d9667db220cab9bedb798276a7f63776f7897bb5e37d148c17531a077f8b9bc","issued_at":"2026-09-10T04:48:50.769Z"},"timestamp":"2026-09-10T04:48:50.769Z"}
FRAME:232:ae4da90d3be59e29
{"type":"LEASE_ACQUIRED","resource":"C:\\Users\\lol\\2026-workspace\\courier\\scratch\\durable_autonomy_runtime_multi_hour_v1\\scratch\\TASK-1789015730768-27","task_id":"TASK-1789015730768-27","timestamp":"2026-09-10T04:48:50.770Z"}
FRAME:161:60e7a2f6ba630c5a
{"type":"TASK_DISPATCHED","task_id":"TASK-1789015730768-27","worker_id":"WORKER-PRIMARY","lease_id":"EXCLUSIVE_EXECUTION","timestamp":"2026-09-10T04:48:50.770Z"}
FRAME:118:3e3637c4a16de9c6
{"type":"TASK_COMPLETED","task_id":"TASK-1789015730768-27","artifacts_count":1,"timestamp":"2026-09-10T04:48:50.774Z"}
FRAME:232:67fa90d8fce45029
{"type":"LEASE_RELEASED","resource":"C:\\Users\\lol\\2026-workspace\\courier\\scratch\\durable_autonomy_runtime_multi_hour_v1\\scratch\\TASK-1789015730768-27","task_id":"TASK-1789015730768-27","timestamp":"2026-09-10T04:48:50.774Z"}
FRAME:842:79ad8323d7d04b9c
{"type":"TASK_PROPOSED","task":{"task_id":"TASK-1789015730776-28","task_version":1,"version":1,"title":"Follow-Up Work: Dynamic Multi-Objective Frontier Replenishment with Information-Gain Heuristics","priority":"P1","goal_id":"GOAL-OMEGA-DEEP-CONTINUATION-V2","working_dir":"C:\\Users\\lol\\2026-workspace\\courier\\scratch\\durable_autonomy_runtime_multi_hour_v1\\scratch\\TASK-1789015730776-28","required_capability":"WORKSPACE_WRITE","scope_paths":["C:\\Users\\lol\\2026-workspace\\courier\\scratch\\durable_autonomy_runtime_multi_hour_v1\\scratch\\TASK-1789015730776-28"],"fingerprint":"430cf5613c809face1f384b3f13f4a4689df252bcf9a7980152f1cf509c89d3b","payload":{},"state":"PROPOSED","created_at":"2026-09-10T04:48:50.777Z","history":[{"state":"PROPOSED","timestamp":"2026-09-10T04:48:50.777Z"}]},"timestamp":"2026-09-10T04:48:50.777Z"}
FRAME:214:f3bc88463fc418cd
{"type":"TASK_NEGOTIATED","task_id":"TASK-1789015730776-28","negotiation":{"action":"PROCEED_TO_STAMP","task_id":"TASK-1789015730776-28","next_state":"APPROVED_FOR_DISPATCH"},"timestamp":"2026-09-10T04:48:50.777Z"}
FRAME:488:91a855693e6a85e0
{"type":"TASK_STAMPED","task_id":"TASK-1789015730776-28","passport":{"task_id":"TASK-1789015730776-28","task_version":1,"goal_id":"GOAL-OMEGA-DEEP-CONTINUATION-V2","scope_paths":["c:/users/lol/2026-workspace/courier/scratch/durable_autonomy_runtime_multi_hour_v1/scratch/task-1789015730776-28"],"max_capability":"WORKSPACE_WRITE","signature":"22b04c3db20114282090a6bf6b37c1892f168bcb3f223270500606e7f5bac300","issued_at":"2026-09-10T04:48:50.778Z"},"timestamp":"2026-09-10T04:48:50.778Z"}
FRAME:232:6547747edfec03d9
{"type":"LEASE_ACQUIRED","resource":"C:\\Users\\lol\\2026-workspace\\courier\\scratch\\durable_autonomy_runtime_multi_hour_v1\\scratch\\TASK-1789015730776-28","task_id":"TASK-1789015730776-28","timestamp":"2026-09-10T04:48:50.778Z"}
FRAME:161:8cf64047252aa7f7
{"type":"TASK_DISPATCHED","task_id":"TASK-1789015730776-28","worker_id":"WORKER-PRIMARY","lease_id":"EXCLUSIVE_EXECUTION","timestamp":"2026-09-10T04:48:50.778Z"}
FRAME:118:216021889fa35af9
{"type":"TASK_COMPLETED","task_id":"TASK-1789015730776-28","artifacts_count":1,"timestamp":"2026-09-10T04:48:50.781Z"}
FRAME:232:758c848ee2373573
{"type":"LEASE_RELEASED","resource":"C:\\Users\\lol\\2026-workspace\\courier\\scratch\\durable_autonomy_runtime_multi_hour_v1\\scratch\\TASK-1789015730776-28","task_id":"TASK-1789015730776-28","timestamp":"2026-09-10T04:48:50.782Z"}
FRAME:824:2b17567b45eed76d
{"type":"TASK_PROPOSED","task":{"task_id":"TASK-1789015730783-29","task_version":1,"version":1,"title":"Follow-Up Work: Differential State Replay Engine with In-Memory Checkpointing","priority":"P1","goal_id":"GOAL-OMEGA-DEEP-CONTINUATION-V2","working_dir":"C:\\Users\\lol\\2026-workspace\\courier\\scratch\\durable_autonomy_runtime_multi_hour_v1\\scratch\\TASK-1789015730783-29","required_capability":"WORKSPACE_WRITE","scope_paths":["C:\\Users\\lol\\2026-workspace\\courier\\scratch\\durable_autonomy_runtime_multi_hour_v1\\scratch\\TASK-1789015730783-29"],"fingerprint":"fd9e8ab2309f25590431c08cbab7e1af751db10d4b3c6ac7b6d57d01271b1630","payload":{},"state":"PROPOSED","created_at":"2026-09-10T04:48:50.784Z","history":[{"state":"PROPOSED","timestamp":"2026-09-10T04:48:50.784Z"}]},"timestamp":"2026-09-10T04:48:50.784Z"}
FRAME:214:57cc546be5fbedd6
{"type":"TASK_NEGOTIATED","task_id":"TASK-1789015730783-29","negotiation":{"action":"PROCEED_TO_STAMP","task_id":"TASK-1789015730783-29","next_state":"APPROVED_FOR_DISPATCH"},"timestamp":"2026-09-10T04:48:50.784Z"}
FRAME:488:76d0610021d9010b
{"type":"TASK_STAMPED","task_id":"TASK-1789015730783-29","passport":{"task_id":"TASK-1789015730783-29","task_version":1,"goal_id":"GOAL-OMEGA-DEEP-CONTINUATION-V2","scope_paths":["c:/users/lol/2026-workspace/courier/scratch/durable_autonomy_runtime_multi_hour_v1/scratch/task-1789015730783-29"],"max_capability":"WORKSPACE_WRITE","signature":"2bbbe881293fd298d3742725b40022c2b5b0aab9296401a62f62a5c3e8abffa7","issued_at":"2026-09-10T04:48:50.784Z"},"timestamp":"2026-09-10T04:48:50.784Z"}
FRAME:232:d4b21ae462ea4dde
{"type":"LEASE_ACQUIRED","resource":"C:\\Users\\lol\\2026-workspace\\courier\\scratch\\durable_autonomy_runtime_multi_hour_v1\\scratch\\TASK-1789015730783-29","task_id":"TASK-1789015730783-29","timestamp":"2026-09-10T04:48:50.785Z"}
FRAME:161:2d0ca3367670654a
{"type":"TASK_DISPATCHED","task_id":"TASK-1789015730783-29","worker_id":"WORKER-PRIMARY","lease_id":"EXCLUSIVE_EXECUTION","timestamp":"2026-09-10T04:48:50.785Z"}
FRAME:118:5d5e3b18b65c1df6
{"type":"TASK_COMPLETED","task_id":"TASK-1789015730783-29","artifacts_count":1,"timestamp":"2026-09-10T04:48:50.787Z"}
FRAME:232:11e06cf023008e17
{"type":"LEASE_RELEASED","resource":"C:\\Users\\lol\\2026-workspace\\courier\\scratch\\durable_autonomy_runtime_multi_hour_v1\\scratch\\TASK-1789015730783-29","task_id":"TASK-1789015730783-29","timestamp":"2026-09-10T04:48:50.788Z"}
FRAME:820:f80996d0973d5937
{"type":"TASK_PROPOSED","task":{"task_id":"TASK-1789015730789-30","task_version":1,"version":1,"title":"Follow-Up Work: Cross-Repository Contract Adapter for 2026-Project-Memory","priority":"P1","goal_id":"GOAL-OMEGA-DEEP-CONTINUATION-V2","working_dir":"C:\\Users\\lol\\2026-workspace\\courier\\scratch\\durable_autonomy_runtime_multi_hour_v1\\scratch\\TASK-1789015730789-30","required_capability":"WORKSPACE_WRITE","scope_paths":["C:\\Users\\lol\\2026-workspace\\courier\\scratch\\durable_autonomy_runtime_multi_hour_v1\\scratch\\TASK-1789015730789-30"],"fingerprint":"1486b34cd9db6bd12c15c87d5884e6f6b3e95fb06b1561de2ac9a954c1ead5aa","payload":{},"state":"PROPOSED","created_at":"2026-09-10T04:48:50.790Z","history":[{"state":"PROPOSED","timestamp":"2026-09-10T04:48:50.790Z"}]},"timestamp":"2026-09-10T04:48:50.790Z"}
FRAME:214:fb248f0b39d735d6
{"type":"TASK_NEGOTIATED","task_id":"TASK-1789015730789-30","negotiation":{"action":"PROCEED_TO_STAMP","task_id":"TASK-1789015730789-30","next_state":"APPROVED_FOR_DISPATCH"},"timestamp":"2026-09-10T04:48:50.790Z"}
FRAME:488:c30807b4973a60fb
{"type":"TASK_STAMPED","task_id":"TASK-1789015730789-30","passport":{"task_id":"TASK-1789015730789-30","task_version":1,"goal_id":"GOAL-OMEGA-DEEP-CONTINUATION-V2","scope_paths":["c:/users/lol/2026-workspace/courier/scratch/durable_autonomy_runtime_multi_hour_v1/scratch/task-1789015730789-30"],"max_capability":"WORKSPACE_WRITE","signature":"73268963171a618591f2646c72b64b817f7fab5a0763872aec2aaaa744bf1fda","issued_at":"2026-09-10T04:48:50.790Z"},"timestamp":"2026-09-10T04:48:50.790Z"}
FRAME:232:e8f94b8ad0b86c50
{"type":"LEASE_ACQUIRED","resource":"C:\\Users\\lol\\2026-workspace\\courier\\scratch\\durable_autonomy_runtime_multi_hour_v1\\scratch\\TASK-1789015730789-30","task_id":"TASK-1789015730789-30","timestamp":"2026-09-10T04:48:50.791Z"}
FRAME:161:e4204318f6ac05c9
{"type":"TASK_DISPATCHED","task_id":"TASK-1789015730789-30","worker_id":"WORKER-PRIMARY","lease_id":"EXCLUSIVE_EXECUTION","timestamp":"2026-09-10T04:48:50.791Z"}
FRAME:118:eda863153570b37c
{"type":"TASK_COMPLETED","task_id":"TASK-1789015730789-30","artifacts_count":1,"timestamp":"2026-09-10T04:48:50.794Z"}
FRAME:232:93938767a775b2ba
{"type":"LEASE_RELEASED","resource":"C:\\Users\\lol\\2026-workspace\\courier\\scratch\\durable_autonomy_runtime_multi_hour_v1\\scratch\\TASK-1789015730789-30","task_id":"TASK-1789015730789-30","timestamp":"2026-09-10T04:48:50.795Z"}
FRAME:798:df3ea79cf75fea2e
{"type":"TASK_PROPOSED","task":{"task_id":"TASK-1789015730796-31","task_version":1,"version":1,"title":"Mutation Gap: Border Guard Unstamped Task Rejection","priority":"P1","goal_id":"GOAL-OMEGA-DEEP-CONTINUATION-V2","working_dir":"C:\\Users\\lol\\2026-workspace\\courier\\scratch\\durable_autonomy_runtime_multi_hour_v1\\scratch\\TASK-1789015730796-31","required_capability":"WORKSPACE_WRITE","scope_paths":["C:\\Users\\lol\\2026-workspace\\courier\\scratch\\durable_autonomy_runtime_multi_hour_v1\\scratch\\TASK-1789015730796-31"],"fingerprint":"dc506bacb8eecfefdf40165374a413a2bb943d504723322fbabe55ba41aaa633","payload":{},"state":"PROPOSED","created_at":"2026-09-10T04:48:50.797Z","history":[{"state":"PROPOSED","timestamp":"2026-09-10T04:48:50.797Z"}]},"timestamp":"2026-09-10T04:48:50.797Z"}
FRAME:214:b0c9d8f2a31c7dd4
{"type":"TASK_NEGOTIATED","task_id":"TASK-1789015730796-31","negotiation":{"action":"PROCEED_TO_STAMP","task_id":"TASK-1789015730796-31","next_state":"APPROVED_FOR_DISPATCH"},"timestamp":"2026-09-10T04:48:50.797Z"}
FRAME:488:9bc2c55527af9228
{"type":"TASK_STAMPED","task_id":"TASK-1789015730796-31","passport":{"task_id":"TASK-1789015730796-31","task_version":1,"goal_id":"GOAL-OMEGA-DEEP-CONTINUATION-V2","scope_paths":["c:/users/lol/2026-workspace/courier/scratch/durable_autonomy_runtime_multi_hour_v1/scratch/task-1789015730796-31"],"max_capability":"WORKSPACE_WRITE","signature":"0bbca860b91242546a2c5ab91b7eb611c807c441579363a4f39e37046a2d2413","issued_at":"2026-09-10T04:48:50.798Z"},"timestamp":"2026-09-10T04:48:50.798Z"}
FRAME:232:19420cab62cdad80
{"type":"LEASE_ACQUIRED","resource":"C:\\Users\\lol\\2026-workspace\\courier\\scratch\\durable_autonomy_runtime_multi_hour_v1\\scratch\\TASK-1789015730796-31","task_id":"TASK-1789015730796-31","timestamp":"2026-09-10T04:48:50.798Z"}
FRAME:161:ae3da3267fe4300a
{"type":"TASK_DISPATCHED","task_id":"TASK-1789015730796-31","worker_id":"WORKER-PRIMARY","lease_id":"EXCLUSIVE_EXECUTION","timestamp":"2026-09-10T04:48:50.799Z"}
FRAME:118:506608a36fabb907
{"type":"TASK_COMPLETED","task_id":"TASK-1789015730796-31","artifacts_count":1,"timestamp":"2026-09-10T04:48:50.802Z"}
FRAME:232:a5664d2960985a99
{"type":"LEASE_RELEASED","resource":"C:\\Users\\lol\\2026-workspace\\courier\\scratch\\durable_autonomy_runtime_multi_hour_v1\\scratch\\TASK-1789015730796-31","task_id":"TASK-1789015730796-31","timestamp":"2026-09-10T04:48:50.803Z"}
FRAME:803:b3942b30ad65325f
{"type":"TASK_PROPOSED","task":{"task_id":"TASK-1789015730805-32","task_version":1,"version":1,"title":"Mutation Gap: Worker Global Saturation Forgery Rejection","priority":"P1","goal_id":"GOAL-OMEGA-DEEP-CONTINUATION-V2","working_dir":"C:\\Users\\lol\\2026-workspace\\courier\\scratch\\durable_autonomy_runtime_multi_hour_v1\\scratch\\TASK-1789015730805-32","required_capability":"WORKSPACE_WRITE","scope_paths":["C:\\Users\\lol\\2026-workspace\\courier\\scratch\\durable_autonomy_runtime_multi_hour_v1\\scratch\\TASK-1789015730805-32"],"fingerprint":"c5f4e682fb0e80329993879b7e9acac3a0d9dc5a14253bea69a19ed744d961f7","payload":{},"state":"PROPOSED","created_at":"2026-09-10T04:48:50.806Z","history":[{"state":"PROPOSED","timestamp":"2026-09-10T04:48:50.806Z"}]},"timestamp":"2026-09-10T04:48:50.806Z"}
FRAME:214:58a6dfe89792c7b4
{"type":"TASK_NEGOTIATED","task_id":"TASK-1789015730805-32","negotiation":{"action":"PROCEED_TO_STAMP","task_id":"TASK-1789015730805-32","next_state":"APPROVED_FOR_DISPATCH"},"timestamp":"2026-09-10T04:48:50.806Z"}
FRAME:488:2c27958609c5504f
{"type":"TASK_STAMPED","task_id":"TASK-1789015730805-32","passport":{"task_id":"TASK-1789015730805-32","task_version":1,"goal_id":"GOAL-OMEGA-DEEP-CONTINUATION-V2","scope_paths":["c:/users/lol/2026-workspace/courier/scratch/durable_autonomy_runtime_multi_hour_v1/scratch/task-1789015730805-32"],"max_capability":"WORKSPACE_WRITE","signature":"c3d3c40a7fffc7ed22cdb42dabfa87b4df69174ad9e462c5002617f1de9ef7ca","issued_at":"2026-09-10T04:48:50.806Z"},"timestamp":"2026-09-10T04:48:50.806Z"}
FRAME:232:dd769706f3198e69
{"type":"LEASE_ACQUIRED","resource":"C:\\Users\\lol\\2026-workspace\\courier\\scratch\\durable_autonomy_runtime_multi_hour_v1\\scratch\\TASK-1789015730805-32","task_id":"TASK-1789015730805-32","timestamp":"2026-09-10T04:48:50.806Z"}
FRAME:161:5a5d9067b229a82d
{"type":"TASK_DISPATCHED","task_id":"TASK-1789015730805-32","worker_id":"WORKER-PRIMARY","lease_id":"EXCLUSIVE_EXECUTION","timestamp":"2026-09-10T04:48:50.807Z"}
FRAME:118:70fa460cec0ae576
{"type":"TASK_COMPLETED","task_id":"TASK-1789015730805-32","artifacts_count":1,"timestamp":"2026-09-10T04:48:50.810Z"}
FRAME:232:bbfe8d26eb7ab625
{"type":"LEASE_RELEASED","resource":"C:\\Users\\lol\\2026-workspace\\courier\\scratch\\durable_autonomy_runtime_multi_hour_v1\\scratch\\TASK-1789015730805-32","task_id":"TASK-1789015730805-32","timestamp":"2026-09-10T04:48:50.810Z"}
FRAME:810:3b59e6f430bb5469
{"type":"TASK_PROPOSED","task":{"task_id":"TASK-1789015730812-33","task_version":1,"version":1,"title":"Mutation Gap: Result Customs Envelope Checksum Tamper Rejection","priority":"P1","goal_id":"GOAL-OMEGA-DEEP-CONTINUATION-V2","working_dir":"C:\\Users\\lol\\2026-workspace\\courier\\scratch\\durable_autonomy_runtime_multi_hour_v1\\scratch\\TASK-1789015730812-33","required_capability":"WORKSPACE_WRITE","scope_paths":["C:\\Users\\lol\\2026-workspace\\courier\\scratch\\durable_autonomy_runtime_multi_hour_v1\\scratch\\TASK-1789015730812-33"],"fingerprint":"dadf9d954974224cbcbf9cca15874d7b244fc4aa2d4fb301e26e58ee00c83d3c","payload":{},"state":"PROPOSED","created_at":"2026-09-10T04:48:50.812Z","history":[{"state":"PROPOSED","timestamp":"2026-09-10T04:48:50.812Z"}]},"timestamp":"2026-09-10T04:48:50.812Z"}
FRAME:214:0391936819620931
{"type":"TASK_NEGOTIATED","task_id":"TASK-1789015730812-33","negotiation":{"action":"PROCEED_TO_STAMP","task_id":"TASK-1789015730812-33","next_state":"APPROVED_FOR_DISPATCH"},"timestamp":"2026-09-10T04:48:50.812Z"}
FRAME:488:ae992f0369daad56
{"type":"TASK_STAMPED","task_id":"TASK-1789015730812-33","passport":{"task_id":"TASK-1789015730812-33","task_version":1,"goal_id":"GOAL-OMEGA-DEEP-CONTINUATION-V2","scope_paths":["c:/users/lol/2026-workspace/courier/scratch/durable_autonomy_runtime_multi_hour_v1/scratch/task-1789015730812-33"],"max_capability":"WORKSPACE_WRITE","signature":"a03b26106e957712beeba7b47c7d84dbdaa3ba2cda8ef16e64a24e901b86c01f","issued_at":"2026-09-10T04:48:50.813Z"},"timestamp":"2026-09-10T04:48:50.813Z"}
FRAME:232:b5c3c17346b80a28
{"type":"LEASE_ACQUIRED","resource":"C:\\Users\\lol\\2026-workspace\\courier\\scratch\\durable_autonomy_runtime_multi_hour_v1\\scratch\\TASK-1789015730812-33","task_id":"TASK-1789015730812-33","timestamp":"2026-09-10T04:48:50.813Z"}
FRAME:161:15ca21bb7b5c143b
{"type":"TASK_DISPATCHED","task_id":"TASK-1789015730812-33","worker_id":"WORKER-PRIMARY","lease_id":"EXCLUSIVE_EXECUTION","timestamp":"2026-09-10T04:48:50.813Z"}
FRAME:118:ddf74325233b6862
{"type":"TASK_COMPLETED","task_id":"TASK-1789015730812-33","artifacts_count":1,"timestamp":"2026-09-10T04:48:50.817Z"}
FRAME:232:f116ea135ad7a1f8
{"type":"LEASE_RELEASED","resource":"C:\\Users\\lol\\2026-workspace\\courier\\scratch\\durable_autonomy_runtime_multi_hour_v1\\scratch\\TASK-1789015730812-33","task_id":"TASK-1789015730812-33","timestamp":"2026-09-10T04:48:50.818Z"}
FRAME:813:d284374706f43791
{"type":"TASK_PROPOSED","task":{"task_id":"TASK-1789015730820-34","task_version":1,"version":1,"title":"Uncertainty Resolution: Diagnostic Audit of Fenced Execution Tasks","priority":"P0","goal_id":"GOAL-OMEGA-DEEP-CONTINUATION-V2","working_dir":"C:\\Users\\lol\\2026-workspace\\courier\\scratch\\durable_autonomy_runtime_multi_hour_v1\\scratch\\TASK-1789015730820-34","required_capability":"WORKSPACE_WRITE","scope_paths":["C:\\Users\\lol\\2026-workspace\\courier\\scratch\\durable_autonomy_runtime_multi_hour_v1\\scratch\\TASK-1789015730820-34"],"fingerprint":"16f6f29c8589701c824c670df528377acd7edc0f0e74aa882319da86582a3369","payload":{},"state":"PROPOSED","created_at":"2026-09-10T04:48:50.821Z","history":[{"state":"PROPOSED","timestamp":"2026-09-10T04:48:50.821Z"}]},"timestamp":"2026-09-10T04:48:50.821Z"}
FRAME:214:b4770fd3eb85a5a0
{"type":"TASK_NEGOTIATED","task_id":"TASK-1789015730820-34","negotiation":{"action":"PROCEED_TO_STAMP","task_id":"TASK-1789015730820-34","next_state":"APPROVED_FOR_DISPATCH"},"timestamp":"2026-09-10T04:48:50.821Z"}
FRAME:488:55ff509ba273bb4b
{"type":"TASK_STAMPED","task_id":"TASK-1789015730820-34","passport":{"task_id":"TASK-1789015730820-34","task_version":1,"goal_id":"GOAL-OMEGA-DEEP-CONTINUATION-V2","scope_paths":["c:/users/lol/2026-workspace/courier/scratch/durable_autonomy_runtime_multi_hour_v1/scratch/task-1789015730820-34"],"max_capability":"WORKSPACE_WRITE","signature":"1a80d9e18fea7d9b4c26059b61e0633add369e9b302054d0a7ddfb61fe92e898","issued_at":"2026-09-10T04:48:50.822Z"},"timestamp":"2026-09-10T04:48:50.822Z"}
FRAME:232:923fd3743c9f0f1c
{"type":"LEASE_ACQUIRED","resource":"C:\\Users\\lol\\2026-workspace\\courier\\scratch\\durable_autonomy_runtime_multi_hour_v1\\scratch\\TASK-1789015730820-34","task_id":"TASK-1789015730820-34","timestamp":"2026-09-10T04:48:50.822Z"}
FRAME:161:b5ff6538fb78e1b9
{"type":"TASK_DISPATCHED","task_id":"TASK-1789015730820-34","worker_id":"WORKER-PRIMARY","lease_id":"EXCLUSIVE_EXECUTION","timestamp":"2026-09-10T04:48:50.823Z"}
FRAME:118:c625662f3960073a
{"type":"TASK_COMPLETED","task_id":"TASK-1789015730820-34","artifacts_count":1,"timestamp":"2026-09-10T04:48:50.826Z"}
FRAME:232:7b8e33648cff790c
{"type":"LEASE_RELEASED","resource":"C:\\Users\\lol\\2026-workspace\\courier\\scratch\\durable_autonomy_runtime_multi_hour_v1\\scratch\\TASK-1789015730820-34","task_id":"TASK-1789015730820-34","timestamp":"2026-09-10T04:48:50.827Z"}
FRAME:817:2271ee023fa509fa
{"type":"TASK_PROPOSED","task":{"task_id":"TASK-1789015730828-35","task_version":1,"version":1,"title":"Source Gap: Production No-Stacking NTFS Case-Folding and Subpath Guard","priority":"P1","goal_id":"GOAL-OMEGA-DEEP-CONTINUATION-V2","working_dir":"C:\\Users\\lol\\2026-workspace\\courier\\scratch\\durable_autonomy_runtime_multi_hour_v1\\scratch\\TASK-1789015730828-35","required_capability":"WORKSPACE_WRITE","scope_paths":["C:\\Users\\lol\\2026-workspace\\courier\\scratch\\durable_autonomy_runtime_multi_hour_v1\\scratch\\TASK-1789015730828-35"],"fingerprint":"60a845b2beabd5fdf1adb708f7952b0c322595526b70101287fd1aabaf25c83c","payload":{},"state":"PROPOSED","created_at":"2026-09-10T04:48:50.829Z","history":[{"state":"PROPOSED","timestamp":"2026-09-10T04:48:50.829Z"}]},"timestamp":"2026-09-10T04:48:50.829Z"}
FRAME:214:7fc2ea2864d37fd6
{"type":"TASK_NEGOTIATED","task_id":"TASK-1789015730828-35","negotiation":{"action":"PROCEED_TO_STAMP","task_id":"TASK-1789015730828-35","next_state":"APPROVED_FOR_DISPATCH"},"timestamp":"2026-09-10T04:48:50.829Z"}
FRAME:488:cfcf17047ca65b67
{"type":"TASK_STAMPED","task_id":"TASK-1789015730828-35","passport":{"task_id":"TASK-1789015730828-35","task_version":1,"goal_id":"GOAL-OMEGA-DEEP-CONTINUATION-V2","scope_paths":["c:/users/lol/2026-workspace/courier/scratch/durable_autonomy_runtime_multi_hour_v1/scratch/task-1789015730828-35"],"max_capability":"WORKSPACE_WRITE","signature":"52eafe750698f8fd647f8a970841bf32e3296b5c07e0315a6711b95425d6d3b9","issued_at":"2026-09-10T04:48:50.830Z"},"timestamp":"2026-09-10T04:48:50.830Z"}
FRAME:232:41b03a6727778449
{"type":"LEASE_ACQUIRED","resource":"C:\\Users\\lol\\2026-workspace\\courier\\scratch\\durable_autonomy_runtime_multi_hour_v1\\scratch\\TASK-1789015730828-35","task_id":"TASK-1789015730828-35","timestamp":"2026-09-10T04:48:50.830Z"}
FRAME:161:0eb358cf8a68afa6
{"type":"TASK_DISPATCHED","task_id":"TASK-1789015730828-35","worker_id":"WORKER-PRIMARY","lease_id":"EXCLUSIVE_EXECUTION","timestamp":"2026-09-10T04:48:50.830Z"}
FRAME:118:95e93270b09ccf0d
{"type":"TASK_COMPLETED","task_id":"TASK-1789015730828-35","artifacts_count":1,"timestamp":"2026-09-10T04:48:50.835Z"}
FRAME:232:9b262a8afde3c6ac
{"type":"LEASE_RELEASED","resource":"C:\\Users\\lol\\2026-workspace\\courier\\scratch\\durable_autonomy_runtime_multi_hour_v1\\scratch\\TASK-1789015730828-35","task_id":"TASK-1789015730828-35","timestamp":"2026-09-10T04:48:50.836Z"}
FRAME:809:b9cc55c216d6bcd2
{"type":"TASK_PROPOSED","task":{"task_id":"TASK-1789015730838-36","task_version":1,"version":1,"title":"Source Gap: Process Lease PID and Monotonic Start-Time Binding","priority":"P1","goal_id":"GOAL-OMEGA-DEEP-CONTINUATION-V2","working_dir":"C:\\Users\\lol\\2026-workspace\\courier\\scratch\\durable_autonomy_runtime_multi_hour_v1\\scratch\\TASK-1789015730838-36","required_capability":"WORKSPACE_WRITE","scope_paths":["C:\\Users\\lol\\2026-workspace\\courier\\scratch\\durable_autonomy_runtime_multi_hour_v1\\scratch\\TASK-1789015730838-36"],"fingerprint":"86f286c35cc2294f9302f67ee83791bb79cea1b802a86ecb1e677ce0b10f773d","payload":{},"state":"PROPOSED","created_at":"2026-09-10T04:48:50.838Z","history":[{"state":"PROPOSED","timestamp":"2026-09-10T04:48:50.839Z"}]},"timestamp":"2026-09-10T04:48:50.839Z"}
FRAME:214:59cda1317cdd00c3
{"type":"TASK_NEGOTIATED","task_id":"TASK-1789015730838-36","negotiation":{"action":"PROCEED_TO_STAMP","task_id":"TASK-1789015730838-36","next_state":"APPROVED_FOR_DISPATCH"},"timestamp":"2026-09-10T04:48:50.839Z"}
FRAME:488:ab0bb065c3ef6a8c
{"type":"TASK_STAMPED","task_id":"TASK-1789015730838-36","passport":{"task_id":"TASK-1789015730838-36","task_version":1,"goal_id":"GOAL-OMEGA-DEEP-CONTINUATION-V2","scope_paths":["c:/users/lol/2026-workspace/courier/scratch/durable_autonomy_runtime_multi_hour_v1/scratch/task-1789015730838-36"],"max_capability":"WORKSPACE_WRITE","signature":"de6d93f53425df909abdc04da0bf55c24fb5f7042083d64b6f8ed85dbde83c77","issued_at":"2026-09-10T04:48:50.839Z"},"timestamp":"2026-09-10T04:48:50.839Z"}
FRAME:232:3d46cfe3374dd39a
{"type":"LEASE_ACQUIRED","resource":"C:\\Users\\lol\\2026-workspace\\courier\\scratch\\durable_autonomy_runtime_multi_hour_v1\\scratch\\TASK-1789015730838-36","task_id":"TASK-1789015730838-36","timestamp":"2026-09-10T04:48:50.840Z"}
FRAME:161:b810860d26998531
{"type":"TASK_DISPATCHED","task_id":"TASK-1789015730838-36","worker_id":"WORKER-PRIMARY","lease_id":"EXCLUSIVE_EXECUTION","timestamp":"2026-09-10T04:48:50.840Z"}
FRAME:125:5430b2b5fb620b5e
{"type":"TASK_FENCED","task_id":"TASK-1789015730838-36","reason":"NON_ZERO_EXIT_CODE","timestamp":"2026-09-10T04:48:50.842Z"}
FRAME:342:a33784b474f9ec49
{"type":"MISSION_INITIALIZED","mission_id":"WINDOWS_COURIER_DURABLE_AUTONOMY_RUNTIME_MULTI_HOUR_V1","continuation_id":"WINDOWS_COURIER_DURABLE_AUTONOMY_RUNTIME_MULTI_HOUR_V1_CONTINUATION_OMEGA_DEEP_V2","continuation_version":2,"resumed_at_utc":"2026-09-10T04:49:09.246Z","previously_completed_units":35,"timestamp":"2026-09-10T04:49:09.246Z"}
FRAME:946:84b53f955fca4259
{"type":"GOAL_CREATED","goal":{"goal_id":"GOAL-OMEGA-DEEP-CONTINUATION-V2","goal_version":2,"owner":"CHIEF","title":"Courier Windows Autonomous Engineering Continuation & Dynamic Frontier Expansion","acceptance_criteria":["CRIT_FINANCIAL_SAFETY_WALL_VERIFIED","CRIT_CONFINEMENT_INVARIANTS_VERIFIED","CRIT_MUTEX_CONCURRENCY_ASSERTED","CRIT_SUBPATH_COLLISION_PREVENTED","CRIT_TORN_FRAME_RECOVERY_PROVEN","CRIT_ORPHAN_LEASE_RECONCILED","CRIT_MUTATION_BORDER_GUARD_KILLED","CRIT_MUTATION_WORKER_SATURATION_KILLED","CRIT_MUTATION_CUSTOMS_TAMPER_KILLED","CRIT_CHOKE_POINT_DISPATCH_ENFORCED","CRIT_NO_STACKING_AUDITED","CRIT_PROCESS_IDENTITY_PROVEN","CRIT_HOST_ROLE_CONFIRMED","CRIT_FOLLOWUP_IDEA_001_RESOLVED","CRIT_FOLLOWUP_IDEA_002_RESOLVED","CRIT_FOLLOWUP_IDEA_003_RESOLVED"],"evidence_requirements":[],"dependencies":[],"human_gates":[],"risk":"LOW","status":"ACTIVE","created_at":"2026-09-10T04:49:09.247Z"},"timestamp":"2026-09-10T04:49:09.247Z"}
FRAME:811:73387cd39d9a3e2d
{"type":"TASK_PROPOSED","task":{"task_id":"TASK-1789015749268-36","task_version":1,"version":1,"title":"Catastrophe Check: Zero Financial Spend & Live Trading Hard Wall","priority":"P0","goal_id":"GOAL-OMEGA-DEEP-CONTINUATION-V2","working_dir":"C:\\Users\\lol\\2026-workspace\\courier\\scratch\\durable_autonomy_runtime_multi_hour_v1\\scratch\\TASK-1789015749268-36","required_capability":"WORKSPACE_WRITE","scope_paths":["C:\\Users\\lol\\2026-workspace\\courier\\scratch\\durable_autonomy_runtime_multi_hour_v1\\scratch\\TASK-1789015749268-36"],"fingerprint":"09b9b73e8836270fb8b136881e2fbf434fd722caeb092d802c66a56ec70756ef","payload":{},"state":"PROPOSED","created_at":"2026-09-10T04:49:09.269Z","history":[{"state":"PROPOSED","timestamp":"2026-09-10T04:49:09.269Z"}]},"timestamp":"2026-09-10T04:49:09.269Z"}
FRAME:214:9e639476300d44b0
{"type":"TASK_NEGOTIATED","task_id":"TASK-1789015749268-36","negotiation":{"action":"PROCEED_TO_STAMP","task_id":"TASK-1789015749268-36","next_state":"APPROVED_FOR_DISPATCH"},"timestamp":"2026-09-10T04:49:09.270Z"}
FRAME:488:f878842900b61722
{"type":"TASK_STAMPED","task_id":"TASK-1789015749268-36","passport":{"task_id":"TASK-1789015749268-36","task_version":1,"goal_id":"GOAL-OMEGA-DEEP-CONTINUATION-V2","scope_paths":["c:/users/lol/2026-workspace/courier/scratch/durable_autonomy_runtime_multi_hour_v1/scratch/task-1789015749268-36"],"max_capability":"WORKSPACE_WRITE","signature":"f1b32074f586d37c7b11f231f22ba63365bd8b436f31d17b947dcf954b55b709","issued_at":"2026-09-10T04:49:09.271Z"},"timestamp":"2026-09-10T04:49:09.271Z"}
FRAME:232:01a78ed969de8ebc
{"type":"LEASE_ACQUIRED","resource":"C:\\Users\\lol\\2026-workspace\\courier\\scratch\\durable_autonomy_runtime_multi_hour_v1\\scratch\\TASK-1789015749268-36","task_id":"TASK-1789015749268-36","timestamp":"2026-09-10T04:49:09.272Z"}
FRAME:161:ab0b84a6ede19d3b
{"type":"TASK_DISPATCHED","task_id":"TASK-1789015749268-36","worker_id":"WORKER-PRIMARY","lease_id":"EXCLUSIVE_EXECUTION","timestamp":"2026-09-10T04:49:09.273Z"}
FRAME:118:b0958b62d32671e7
{"type":"TASK_COMPLETED","task_id":"TASK-1789015749268-36","artifacts_count":1,"timestamp":"2026-09-10T04:49:09.276Z"}
FRAME:232:d1fec4bc2f93e3b1
{"type":"LEASE_RELEASED","resource":"C:\\Users\\lol\\2026-workspace\\courier\\scratch\\durable_autonomy_runtime_multi_hour_v1\\scratch\\TASK-1789015749268-36","task_id":"TASK-1789015749268-36","timestamp":"2026-09-10T04:49:09.277Z"}
FRAME:809:4df52c9917264e8f
{"type":"TASK_PROPOSED","task":{"task_id":"TASK-1789015749279-37","task_version":1,"version":1,"title":"Catastrophe Check: Mac Host & UniversuX Confinement Invariants","priority":"P0","goal_id":"GOAL-OMEGA-DEEP-CONTINUATION-V2","working_dir":"C:\\Users\\lol\\2026-workspace\\courier\\scratch\\durable_autonomy_runtime_multi_hour_v1\\scratch\\TASK-1789015749279-37","required_capability":"WORKSPACE_WRITE","scope_paths":["C:\\Users\\lol\\2026-workspace\\courier\\scratch\\durable_autonomy_runtime_multi_hour_v1\\scratch\\TASK-1789015749279-37"],"fingerprint":"de223349798a462f8f582fb39cf87e26d8b637c8a14bda94cdf981fd722b97a0","payload":{},"state":"PROPOSED","created_at":"2026-09-10T04:49:09.280Z","history":[{"state":"PROPOSED","timestamp":"2026-09-10T04:49:09.280Z"}]},"timestamp":"2026-09-10T04:49:09.280Z"}
FRAME:214:c52469fccb60b007
{"type":"TASK_NEGOTIATED","task_id":"TASK-1789015749279-37","negotiation":{"action":"PROCEED_TO_STAMP","task_id":"TASK-1789015749279-37","next_state":"APPROVED_FOR_DISPATCH"},"timestamp":"2026-09-10T04:49:09.280Z"}
FRAME:488:cbce2d5029ef4db8
{"type":"TASK_STAMPED","task_id":"TASK-1789015749279-37","passport":{"task_id":"TASK-1789015749279-37","task_version":1,"goal_id":"GOAL-OMEGA-DEEP-CONTINUATION-V2","scope_paths":["c:/users/lol/2026-workspace/courier/scratch/durable_autonomy_runtime_multi_hour_v1/scratch/task-1789015749279-37"],"max_capability":"WORKSPACE_WRITE","signature":"7ce23832e5e93825da257801ce7b3fbea4b55f6017f11b8991d0ab390f273ad2","issued_at":"2026-09-10T04:49:09.280Z"},"timestamp":"2026-09-10T04:49:09.280Z"}
FRAME:232:9919badb541923fc
{"type":"LEASE_ACQUIRED","resource":"C:\\Users\\lol\\2026-workspace\\courier\\scratch\\durable_autonomy_runtime_multi_hour_v1\\scratch\\TASK-1789015749279-37","task_id":"TASK-1789015749279-37","timestamp":"2026-09-10T04:49:09.281Z"}
FRAME:161:806eadb05556d3a0
{"type":"TASK_DISPATCHED","task_id":"TASK-1789015749279-37","worker_id":"WORKER-PRIMARY","lease_id":"EXCLUSIVE_EXECUTION","timestamp":"2026-09-10T04:49:09.281Z"}
FRAME:118:b64be224878532da
{"type":"TASK_COMPLETED","task_id":"TASK-1789015749279-37","artifacts_count":1,"timestamp":"2026-09-10T04:49:09.284Z"}
FRAME:232:be4fa62f2b30384c
{"type":"LEASE_RELEASED","resource":"C:\\Users\\lol\\2026-workspace\\courier\\scratch\\durable_autonomy_runtime_multi_hour_v1\\scratch\\TASK-1789015749279-37","task_id":"TASK-1789015749279-37","timestamp":"2026-09-10T04:49:09.285Z"}
FRAME:808:59d7fcb656fcf181
{"type":"TASK_PROPOSED","task":{"task_id":"TASK-1789015749288-38","task_version":1,"version":1,"title":"Concurrency Gap: Multi-Process NTFS Exclusive Lock Mutex Race","priority":"P1","goal_id":"GOAL-OMEGA-DEEP-CONTINUATION-V2","working_dir":"C:\\Users\\lol\\2026-workspace\\courier\\scratch\\durable_autonomy_runtime_multi_hour_v1\\scratch\\TASK-1789015749288-38","required_capability":"WORKSPACE_WRITE","scope_paths":["C:\\Users\\lol\\2026-workspace\\courier\\scratch\\durable_autonomy_runtime_multi_hour_v1\\scratch\\TASK-1789015749288-38"],"fingerprint":"e1986b41be0977cff70af67856b8fc02913cb99ec9032ee624193e9c49257c60","payload":{},"state":"PROPOSED","created_at":"2026-09-10T04:49:09.289Z","history":[{"state":"PROPOSED","timestamp":"2026-09-10T04:49:09.289Z"}]},"timestamp":"2026-09-10T04:49:09.289Z"}
FRAME:214:db761673a88fdd9b
{"type":"TASK_NEGOTIATED","task_id":"TASK-1789015749288-38","negotiation":{"action":"PROCEED_TO_STAMP","task_id":"TASK-1789015749288-38","next_state":"APPROVED_FOR_DISPATCH"},"timestamp":"2026-09-10T04:49:09.289Z"}
FRAME:488:be1baf0f37a9fcb7
{"type":"TASK_STAMPED","task_id":"TASK-1789015749288-38","passport":{"task_id":"TASK-1789015749288-38","task_version":1,"goal_id":"GOAL-OMEGA-DEEP-CONTINUATION-V2","scope_paths":["c:/users/lol/2026-workspace/courier/scratch/durable_autonomy_runtime_multi_hour_v1/scratch/task-1789015749288-38"],"max_capability":"WORKSPACE_WRITE","signature":"19b5041058d5eea146e139cbca293d07a3f8c1dc9659adb94a84655799085eb4","issued_at":"2026-09-10T04:49:09.290Z"},"timestamp":"2026-09-10T04:49:09.290Z"}
FRAME:232:f0756da45140ebcd
{"type":"LEASE_ACQUIRED","resource":"C:\\Users\\lol\\2026-workspace\\courier\\scratch\\durable_autonomy_runtime_multi_hour_v1\\scratch\\TASK-1789015749288-38","task_id":"TASK-1789015749288-38","timestamp":"2026-09-10T04:49:09.290Z"}
FRAME:161:65310f8f56995984
{"type":"TASK_DISPATCHED","task_id":"TASK-1789015749288-38","worker_id":"WORKER-PRIMARY","lease_id":"EXCLUSIVE_EXECUTION","timestamp":"2026-09-10T04:49:09.291Z"}
FRAME:118:972d8947e71b7317
{"type":"TASK_COMPLETED","task_id":"TASK-1789015749288-38","artifacts_count":1,"timestamp":"2026-09-10T04:49:09.296Z"}
FRAME:232:4437ac3756c30d9a
{"type":"LEASE_RELEASED","resource":"C:\\Users\\lol\\2026-workspace\\courier\\scratch\\durable_autonomy_runtime_multi_hour_v1\\scratch\\TASK-1789015749288-38","task_id":"TASK-1789015749288-38","timestamp":"2026-09-10T04:49:09.296Z"}
FRAME:811:ad27d0864fde7b5c
{"type":"TASK_PROPOSED","task":{"task_id":"TASK-1789015749298-39","task_version":1,"version":1,"title":"Concurrency Gap: Hierarchical Subpath Prefix Collision Detection","priority":"P1","goal_id":"GOAL-OMEGA-DEEP-CONTINUATION-V2","working_dir":"C:\\Users\\lol\\2026-workspace\\courier\\scratch\\durable_autonomy_runtime_multi_hour_v1\\scratch\\TASK-1789015749298-39","required_capability":"WORKSPACE_WRITE","scope_paths":["C:\\Users\\lol\\2026-workspace\\courier\\scratch\\durable_autonomy_runtime_multi_hour_v1\\scratch\\TASK-1789015749298-39"],"fingerprint":"ae86ed5afcc76f449e7b5dc633bd1a2f2943b00b0b4f868e8bd8a5f9f6d2b879","payload":{},"state":"PROPOSED","created_at":"2026-09-10T04:49:09.299Z","history":[{"state":"PROPOSED","timestamp":"2026-09-10T04:49:09.299Z"}]},"timestamp":"2026-09-10T04:49:09.299Z"}
FRAME:214:31d4f4ab685b14ac
{"type":"TASK_NEGOTIATED","task_id":"TASK-1789015749298-39","negotiation":{"action":"PROCEED_TO_STAMP","task_id":"TASK-1789015749298-39","next_state":"APPROVED_FOR_DISPATCH"},"timestamp":"2026-09-10T04:49:09.299Z"}
FRAME:488:36075563955b5b28
{"type":"TASK_STAMPED","task_id":"TASK-1789015749298-39","passport":{"task_id":"TASK-1789015749298-39","task_version":1,"goal_id":"GOAL-OMEGA-DEEP-CONTINUATION-V2","scope_paths":["c:/users/lol/2026-workspace/courier/scratch/durable_autonomy_runtime_multi_hour_v1/scratch/task-1789015749298-39"],"max_capability":"WORKSPACE_WRITE","signature":"1c6aecad89958b2131ad9f626e73a37a096f548e8db95938beb3815bfaa66566","issued_at":"2026-09-10T04:49:09.299Z"},"timestamp":"2026-09-10T04:49:09.299Z"}
FRAME:232:b548dbe4d80afd83
{"type":"LEASE_ACQUIRED","resource":"C:\\Users\\lol\\2026-workspace\\courier\\scratch\\durable_autonomy_runtime_multi_hour_v1\\scratch\\TASK-1789015749298-39","task_id":"TASK-1789015749298-39","timestamp":"2026-09-10T04:49:09.300Z"}
FRAME:161:eb133385977be694
{"type":"TASK_DISPATCHED","task_id":"TASK-1789015749298-39","worker_id":"WORKER-PRIMARY","lease_id":"EXCLUSIVE_EXECUTION","timestamp":"2026-09-10T04:49:09.301Z"}
FRAME:118:63a63f97c85eae3f
{"type":"TASK_COMPLETED","task_id":"TASK-1789015749298-39","artifacts_count":1,"timestamp":"2026-09-10T04:49:09.305Z"}
FRAME:232:f04447bf43d555c3
{"type":"LEASE_RELEASED","resource":"C:\\Users\\lol\\2026-workspace\\courier\\scratch\\durable_autonomy_runtime_multi_hour_v1\\scratch\\TASK-1789015749298-39","task_id":"TASK-1789015749298-39","timestamp":"2026-09-10T04:49:09.306Z"}
FRAME:805:dfcf57a4ec3ff91a
{"type":"TASK_PROPOSED","task":{"task_id":"TASK-1789015749308-40","task_version":1,"version":1,"title":"Crash Gap: Mid-Write Torn Log Frame Isolation and Recovery","priority":"P1","goal_id":"GOAL-OMEGA-DEEP-CONTINUATION-V2","working_dir":"C:\\Users\\lol\\2026-workspace\\courier\\scratch\\durable_autonomy_runtime_multi_hour_v1\\scratch\\TASK-1789015749308-40","required_capability":"WORKSPACE_WRITE","scope_paths":["C:\\Users\\lol\\2026-workspace\\courier\\scratch\\durable_autonomy_runtime_multi_hour_v1\\scratch\\TASK-1789015749308-40"],"fingerprint":"165c9238166179d6ce4fb8b1987d2983542d9b7abc2e177fcd50fc6fca047261","payload":{},"state":"PROPOSED","created_at":"2026-09-10T04:49:09.308Z","history":[{"state":"PROPOSED","timestamp":"2026-09-10T04:49:09.308Z"}]},"timestamp":"2026-09-10T04:49:09.308Z"}
FRAME:214:87fa7bb889cbba4d
{"type":"TASK_NEGOTIATED","task_id":"TASK-1789015749308-40","negotiation":{"action":"PROCEED_TO_STAMP","task_id":"TASK-1789015749308-40","next_state":"APPROVED_FOR_DISPATCH"},"timestamp":"2026-09-10T04:49:09.309Z"}
FRAME:488:ca1234f49f167f66
{"type":"TASK_STAMPED","task_id":"TASK-1789015749308-40","passport":{"task_id":"TASK-1789015749308-40","task_version":1,"goal_id":"GOAL-OMEGA-DEEP-CONTINUATION-V2","scope_paths":["c:/users/lol/2026-workspace/courier/scratch/durable_autonomy_runtime_multi_hour_v1/scratch/task-1789015749308-40"],"max_capability":"WORKSPACE_WRITE","signature":"8b0eed2dc96fa072a657cad758698054ed6cd19c07929ef62ca048420bd2757a","issued_at":"2026-09-10T04:49:09.309Z"},"timestamp":"2026-09-10T04:49:09.309Z"}
FRAME:232:5f4df81e931c290a
{"type":"LEASE_ACQUIRED","resource":"C:\\Users\\lol\\2026-workspace\\courier\\scratch\\durable_autonomy_runtime_multi_hour_v1\\scratch\\TASK-1789015749308-40","task_id":"TASK-1789015749308-40","timestamp":"2026-09-10T04:49:09.309Z"}
FRAME:161:b29650bee57f4d09
{"type":"TASK_DISPATCHED","task_id":"TASK-1789015749308-40","worker_id":"WORKER-PRIMARY","lease_id":"EXCLUSIVE_EXECUTION","timestamp":"2026-09-10T04:49:09.309Z"}
FRAME:118:567b6d37ba0c9865
{"type":"TASK_COMPLETED","task_id":"TASK-1789015749308-40","artifacts_count":1,"timestamp":"2026-09-10T04:49:09.315Z"}
FRAME:232:feb7489337c663f8
{"type":"LEASE_RELEASED","resource":"C:\\Users\\lol\\2026-workspace\\courier\\scratch\\durable_autonomy_runtime_multi_hour_v1\\scratch\\TASK-1789015749308-40","task_id":"TASK-1789015749308-40","timestamp":"2026-09-10T04:49:09.315Z"}
FRAME:801:a021e1027a1680f9
{"type":"TASK_PROPOSED","task":{"task_id":"TASK-1789015749317-41","task_version":1,"version":1,"title":"Crash Gap: Dead Worker Process Orphan Lease Reconciler","priority":"P1","goal_id":"GOAL-OMEGA-DEEP-CONTINUATION-V2","working_dir":"C:\\Users\\lol\\2026-workspace\\courier\\scratch\\durable_autonomy_runtime_multi_hour_v1\\scratch\\TASK-1789015749317-41","required_capability":"WORKSPACE_WRITE","scope_paths":["C:\\Users\\lol\\2026-workspace\\courier\\scratch\\durable_autonomy_runtime_multi_hour_v1\\scratch\\TASK-1789015749317-41"],"fingerprint":"77c7ad4b865cf5829dd38255afc166d63581b64d84c00f42007b8bfcce77fa54","payload":{},"state":"PROPOSED","created_at":"2026-09-10T04:49:09.318Z","history":[{"state":"PROPOSED","timestamp":"2026-09-10T04:49:09.318Z"}]},"timestamp":"2026-09-10T04:49:09.318Z"}
FRAME:214:a6835b71275fe2ea
{"type":"TASK_NEGOTIATED","task_id":"TASK-1789015749317-41","negotiation":{"action":"PROCEED_TO_STAMP","task_id":"TASK-1789015749317-41","next_state":"APPROVED_FOR_DISPATCH"},"timestamp":"2026-09-10T04:49:09.318Z"}
FRAME:488:aed0d4f037e0cfbd
{"type":"TASK_STAMPED","task_id":"TASK-1789015749317-41","passport":{"task_id":"TASK-1789015749317-41","task_version":1,"goal_id":"GOAL-OMEGA-DEEP-CONTINUATION-V2","scope_paths":["c:/users/lol/2026-workspace/courier/scratch/durable_autonomy_runtime_multi_hour_v1/scratch/task-1789015749317-41"],"max_capability":"WORKSPACE_WRITE","signature":"b3a82dafbae2957ed7015aa6358896b909508a031f797ba6bfde5236268e4e74","issued_at":"2026-09-10T04:49:09.319Z"},"timestamp":"2026-09-10T04:49:09.319Z"}
FRAME:232:9a5b4d5170fbd174
{"type":"LEASE_ACQUIRED","resource":"C:\\Users\\lol\\2026-workspace\\courier\\scratch\\durable_autonomy_runtime_multi_hour_v1\\scratch\\TASK-1789015749317-41","task_id":"TASK-1789015749317-41","timestamp":"2026-09-10T04:49:09.319Z"}
FRAME:161:788330fefe5967c3
{"type":"TASK_DISPATCHED","task_id":"TASK-1789015749317-41","worker_id":"WORKER-PRIMARY","lease_id":"EXCLUSIVE_EXECUTION","timestamp":"2026-09-10T04:49:09.320Z"}
FRAME:118:9966d9d9db43d1f2
{"type":"TASK_COMPLETED","task_id":"TASK-1789015749317-41","artifacts_count":1,"timestamp":"2026-09-10T04:49:09.324Z"}
FRAME:232:480a176134f4d9b5
{"type":"LEASE_RELEASED","resource":"C:\\Users\\lol\\2026-workspace\\courier\\scratch\\durable_autonomy_runtime_multi_hour_v1\\scratch\\TASK-1789015749317-41","task_id":"TASK-1789015749317-41","timestamp":"2026-09-10T04:49:09.324Z"}
FRAME:842:c33a290d679ea03b
{"type":"TASK_PROPOSED","task":{"task_id":"TASK-1789015749326-42","task_version":1,"version":1,"title":"Follow-Up Work: Dynamic Multi-Objective Frontier Replenishment with Information-Gain Heuristics","priority":"P1","goal_id":"GOAL-OMEGA-DEEP-CONTINUATION-V2","working_dir":"C:\\Users\\lol\\2026-workspace\\courier\\scratch\\durable_autonomy_runtime_multi_hour_v1\\scratch\\TASK-1789015749326-42","required_capability":"WORKSPACE_WRITE","scope_paths":["C:\\Users\\lol\\2026-workspace\\courier\\scratch\\durable_autonomy_runtime_multi_hour_v1\\scratch\\TASK-1789015749326-42"],"fingerprint":"cf948b1320d59ee444b2f74a47f27380f827d4f659f0a3a3149edc8d43f1f3f6","payload":{},"state":"PROPOSED","created_at":"2026-09-10T04:49:09.326Z","history":[{"state":"PROPOSED","timestamp":"2026-09-10T04:49:09.326Z"}]},"timestamp":"2026-09-10T04:49:09.326Z"}
FRAME:214:f7b0d65b226194f9
{"type":"TASK_NEGOTIATED","task_id":"TASK-1789015749326-42","negotiation":{"action":"PROCEED_TO_STAMP","task_id":"TASK-1789015749326-42","next_state":"APPROVED_FOR_DISPATCH"},"timestamp":"2026-09-10T04:49:09.327Z"}
FRAME:488:6844a011ed8afbcd
{"type":"TASK_STAMPED","task_id":"TASK-1789015749326-42","passport":{"task_id":"TASK-1789015749326-42","task_version":1,"goal_id":"GOAL-OMEGA-DEEP-CONTINUATION-V2","scope_paths":["c:/users/lol/2026-workspace/courier/scratch/durable_autonomy_runtime_multi_hour_v1/scratch/task-1789015749326-42"],"max_capability":"WORKSPACE_WRITE","signature":"b4732db4fe7df5a861f504b202449a4ed80af1ac3fc121d569ebbbe49db019b3","issued_at":"2026-09-10T04:49:09.327Z"},"timestamp":"2026-09-10T04:49:09.327Z"}
FRAME:232:4cb1319f012c9cbb
{"type":"LEASE_ACQUIRED","resource":"C:\\Users\\lol\\2026-workspace\\courier\\scratch\\durable_autonomy_runtime_multi_hour_v1\\scratch\\TASK-1789015749326-42","task_id":"TASK-1789015749326-42","timestamp":"2026-09-10T04:49:09.328Z"}
FRAME:161:56b85b5d8cfcaf59
{"type":"TASK_DISPATCHED","task_id":"TASK-1789015749326-42","worker_id":"WORKER-PRIMARY","lease_id":"EXCLUSIVE_EXECUTION","timestamp":"2026-09-10T04:49:09.328Z"}
FRAME:118:0be5f791792488bc
{"type":"TASK_COMPLETED","task_id":"TASK-1789015749326-42","artifacts_count":1,"timestamp":"2026-09-10T04:49:09.331Z"}
FRAME:232:43b9807f8419f933
{"type":"LEASE_RELEASED","resource":"C:\\Users\\lol\\2026-workspace\\courier\\scratch\\durable_autonomy_runtime_multi_hour_v1\\scratch\\TASK-1789015749326-42","task_id":"TASK-1789015749326-42","timestamp":"2026-09-10T04:49:09.332Z"}
FRAME:824:6009ad9b912d7304
{"type":"TASK_PROPOSED","task":{"task_id":"TASK-1789015749333-43","task_version":1,"version":1,"title":"Follow-Up Work: Differential State Replay Engine with In-Memory Checkpointing","priority":"P1","goal_id":"GOAL-OMEGA-DEEP-CONTINUATION-V2","working_dir":"C:\\Users\\lol\\2026-workspace\\courier\\scratch\\durable_autonomy_runtime_multi_hour_v1\\scratch\\TASK-1789015749333-43","required_capability":"WORKSPACE_WRITE","scope_paths":["C:\\Users\\lol\\2026-workspace\\courier\\scratch\\durable_autonomy_runtime_multi_hour_v1\\scratch\\TASK-1789015749333-43"],"fingerprint":"e6b2b13669eb8674176e8b7d831e801f07cc9baec7895158ac552acdf67a0abb","payload":{},"state":"PROPOSED","created_at":"2026-09-10T04:49:09.334Z","history":[{"state":"PROPOSED","timestamp":"2026-09-10T04:49:09.334Z"}]},"timestamp":"2026-09-10T04:49:09.334Z"}
FRAME:214:55c0e9ad9e9cfaca
{"type":"TASK_NEGOTIATED","task_id":"TASK-1789015749333-43","negotiation":{"action":"PROCEED_TO_STAMP","task_id":"TASK-1789015749333-43","next_state":"APPROVED_FOR_DISPATCH"},"timestamp":"2026-09-10T04:49:09.334Z"}
FRAME:488:b5d3ca229005d944
{"type":"TASK_STAMPED","task_id":"TASK-1789015749333-43","passport":{"task_id":"TASK-1789015749333-43","task_version":1,"goal_id":"GOAL-OMEGA-DEEP-CONTINUATION-V2","scope_paths":["c:/users/lol/2026-workspace/courier/scratch/durable_autonomy_runtime_multi_hour_v1/scratch/task-1789015749333-43"],"max_capability":"WORKSPACE_WRITE","signature":"b26874197f3ff83bb132977b6cfb09e88ba8e4986a251df5b3c0b6612dcfd639","issued_at":"2026-09-10T04:49:09.335Z"},"timestamp":"2026-09-10T04:49:09.335Z"}
FRAME:232:9667cb5873b620c9
{"type":"LEASE_ACQUIRED","resource":"C:\\Users\\lol\\2026-workspace\\courier\\scratch\\durable_autonomy_runtime_multi_hour_v1\\scratch\\TASK-1789015749333-43","task_id":"TASK-1789015749333-43","timestamp":"2026-09-10T04:49:09.335Z"}
FRAME:161:d0159eacb0b72198
{"type":"TASK_DISPATCHED","task_id":"TASK-1789015749333-43","worker_id":"WORKER-PRIMARY","lease_id":"EXCLUSIVE_EXECUTION","timestamp":"2026-09-10T04:49:09.335Z"}
FRAME:118:eda62b96c49f0195
{"type":"TASK_COMPLETED","task_id":"TASK-1789015749333-43","artifacts_count":1,"timestamp":"2026-09-10T04:49:09.338Z"}
FRAME:232:ab91000f616b8327
{"type":"LEASE_RELEASED","resource":"C:\\Users\\lol\\2026-workspace\\courier\\scratch\\durable_autonomy_runtime_multi_hour_v1\\scratch\\TASK-1789015749333-43","task_id":"TASK-1789015749333-43","timestamp":"2026-09-10T04:49:09.339Z"}
FRAME:820:cda7ff232ff4db7a
{"type":"TASK_PROPOSED","task":{"task_id":"TASK-1789015749340-44","task_version":1,"version":1,"title":"Follow-Up Work: Cross-Repository Contract Adapter for 2026-Project-Memory","priority":"P1","goal_id":"GOAL-OMEGA-DEEP-CONTINUATION-V2","working_dir":"C:\\Users\\lol\\2026-workspace\\courier\\scratch\\durable_autonomy_runtime_multi_hour_v1\\scratch\\TASK-1789015749340-44","required_capability":"WORKSPACE_WRITE","scope_paths":["C:\\Users\\lol\\2026-workspace\\courier\\scratch\\durable_autonomy_runtime_multi_hour_v1\\scratch\\TASK-1789015749340-44"],"fingerprint":"bfe8830177516e658e29303f969344fda908a4f2e8f85da397f4abbc1eaec569","payload":{},"state":"PROPOSED","created_at":"2026-09-10T04:49:09.341Z","history":[{"state":"PROPOSED","timestamp":"2026-09-10T04:49:09.341Z"}]},"timestamp":"2026-09-10T04:49:09.341Z"}
FRAME:214:9f41faafba763415
{"type":"TASK_NEGOTIATED","task_id":"TASK-1789015749340-44","negotiation":{"action":"PROCEED_TO_STAMP","task_id":"TASK-1789015749340-44","next_state":"APPROVED_FOR_DISPATCH"},"timestamp":"2026-09-10T04:49:09.341Z"}
FRAME:488:de5eba29b4ebccb6
{"type":"TASK_STAMPED","task_id":"TASK-1789015749340-44","passport":{"task_id":"TASK-1789015749340-44","task_version":1,"goal_id":"GOAL-OMEGA-DEEP-CONTINUATION-V2","scope_paths":["c:/users/lol/2026-workspace/courier/scratch/durable_autonomy_runtime_multi_hour_v1/scratch/task-1789015749340-44"],"max_capability":"WORKSPACE_WRITE","signature":"e181d8a950a8365ed71481765d018e3ba80af044da1b974d67d21adbc917b275","issued_at":"2026-09-10T04:49:09.341Z"},"timestamp":"2026-09-10T04:49:09.341Z"}
FRAME:232:25d26d9f03401f98
{"type":"LEASE_ACQUIRED","resource":"C:\\Users\\lol\\2026-workspace\\courier\\scratch\\durable_autonomy_runtime_multi_hour_v1\\scratch\\TASK-1789015749340-44","task_id":"TASK-1789015749340-44","timestamp":"2026-09-10T04:49:09.342Z"}
FRAME:161:3bd3a549f5efc245
{"type":"TASK_DISPATCHED","task_id":"TASK-1789015749340-44","worker_id":"WORKER-PRIMARY","lease_id":"EXCLUSIVE_EXECUTION","timestamp":"2026-09-10T04:49:09.342Z"}
FRAME:118:dc941a93a55a0bf2
{"type":"TASK_COMPLETED","task_id":"TASK-1789015749340-44","artifacts_count":1,"timestamp":"2026-09-10T04:49:09.345Z"}
FRAME:232:0d34802e659db03e
{"type":"LEASE_RELEASED","resource":"C:\\Users\\lol\\2026-workspace\\courier\\scratch\\durable_autonomy_runtime_multi_hour_v1\\scratch\\TASK-1789015749340-44","task_id":"TASK-1789015749340-44","timestamp":"2026-09-10T04:49:09.346Z"}
FRAME:798:7eeb0afccb42a86e
{"type":"TASK_PROPOSED","task":{"task_id":"TASK-1789015749348-45","task_version":1,"version":1,"title":"Mutation Gap: Border Guard Unstamped Task Rejection","priority":"P1","goal_id":"GOAL-OMEGA-DEEP-CONTINUATION-V2","working_dir":"C:\\Users\\lol\\2026-workspace\\courier\\scratch\\durable_autonomy_runtime_multi_hour_v1\\scratch\\TASK-1789015749348-45","required_capability":"WORKSPACE_WRITE","scope_paths":["C:\\Users\\lol\\2026-workspace\\courier\\scratch\\durable_autonomy_runtime_multi_hour_v1\\scratch\\TASK-1789015749348-45"],"fingerprint":"7bb15e76b1f3cbaad82b01ad1646f7d06d388364fc710bc4e3682b0e6e4421d2","payload":{},"state":"PROPOSED","created_at":"2026-09-10T04:49:09.348Z","history":[{"state":"PROPOSED","timestamp":"2026-09-10T04:49:09.348Z"}]},"timestamp":"2026-09-10T04:49:09.348Z"}
FRAME:214:38e4520c682b14c0
{"type":"TASK_NEGOTIATED","task_id":"TASK-1789015749348-45","negotiation":{"action":"PROCEED_TO_STAMP","task_id":"TASK-1789015749348-45","next_state":"APPROVED_FOR_DISPATCH"},"timestamp":"2026-09-10T04:49:09.348Z"}
FRAME:488:ef190cd8928e8989
{"type":"TASK_STAMPED","task_id":"TASK-1789015749348-45","passport":{"task_id":"TASK-1789015749348-45","task_version":1,"goal_id":"GOAL-OMEGA-DEEP-CONTINUATION-V2","scope_paths":["c:/users/lol/2026-workspace/courier/scratch/durable_autonomy_runtime_multi_hour_v1/scratch/task-1789015749348-45"],"max_capability":"WORKSPACE_WRITE","signature":"946459264051fc5a2af98bcceb9992a3fe6db308f450a1131dbf7f1f045be138","issued_at":"2026-09-10T04:49:09.349Z"},"timestamp":"2026-09-10T04:49:09.349Z"}
FRAME:232:f025112ca4b432c1
{"type":"LEASE_ACQUIRED","resource":"C:\\Users\\lol\\2026-workspace\\courier\\scratch\\durable_autonomy_runtime_multi_hour_v1\\scratch\\TASK-1789015749348-45","task_id":"TASK-1789015749348-45","timestamp":"2026-09-10T04:49:09.349Z"}
FRAME:161:b1156323c0d47747
{"type":"TASK_DISPATCHED","task_id":"TASK-1789015749348-45","worker_id":"WORKER-PRIMARY","lease_id":"EXCLUSIVE_EXECUTION","timestamp":"2026-09-10T04:49:09.350Z"}
FRAME:118:908650ff4e335fa4
{"type":"TASK_COMPLETED","task_id":"TASK-1789015749348-45","artifacts_count":1,"timestamp":"2026-09-10T04:49:09.353Z"}
FRAME:232:ce8df3cdac8ddfff
{"type":"LEASE_RELEASED","resource":"C:\\Users\\lol\\2026-workspace\\courier\\scratch\\durable_autonomy_runtime_multi_hour_v1\\scratch\\TASK-1789015749348-45","task_id":"TASK-1789015749348-45","timestamp":"2026-09-10T04:49:09.353Z"}
FRAME:803:c54fc8ed1f406efe
{"type":"TASK_PROPOSED","task":{"task_id":"TASK-1789015749355-46","task_version":1,"version":1,"title":"Mutation Gap: Worker Global Saturation Forgery Rejection","priority":"P1","goal_id":"GOAL-OMEGA-DEEP-CONTINUATION-V2","working_dir":"C:\\Users\\lol\\2026-workspace\\courier\\scratch\\durable_autonomy_runtime_multi_hour_v1\\scratch\\TASK-1789015749355-46","required_capability":"WORKSPACE_WRITE","scope_paths":["C:\\Users\\lol\\2026-workspace\\courier\\scratch\\durable_autonomy_runtime_multi_hour_v1\\scratch\\TASK-1789015749355-46"],"fingerprint":"6cbe73df04c981c36fc825459b40a045f68782a008a7057526351f50d29f9bf7","payload":{},"state":"PROPOSED","created_at":"2026-09-10T04:49:09.356Z","history":[{"state":"PROPOSED","timestamp":"2026-09-10T04:49:09.356Z"}]},"timestamp":"2026-09-10T04:49:09.356Z"}
FRAME:214:2b9da02127684c93
{"type":"TASK_NEGOTIATED","task_id":"TASK-1789015749355-46","negotiation":{"action":"PROCEED_TO_STAMP","task_id":"TASK-1789015749355-46","next_state":"APPROVED_FOR_DISPATCH"},"timestamp":"2026-09-10T04:49:09.356Z"}
FRAME:488:9f4c358b27d9846f
{"type":"TASK_STAMPED","task_id":"TASK-1789015749355-46","passport":{"task_id":"TASK-1789015749355-46","task_version":1,"goal_id":"GOAL-OMEGA-DEEP-CONTINUATION-V2","scope_paths":["c:/users/lol/2026-workspace/courier/scratch/durable_autonomy_runtime_multi_hour_v1/scratch/task-1789015749355-46"],"max_capability":"WORKSPACE_WRITE","signature":"36865ed95ecf10085539424675b3a287fbb4094272d0d2e991acb65f9a4df73e","issued_at":"2026-09-10T04:49:09.356Z"},"timestamp":"2026-09-10T04:49:09.356Z"}
FRAME:232:b8934ba43aa98a69
{"type":"LEASE_ACQUIRED","resource":"C:\\Users\\lol\\2026-workspace\\courier\\scratch\\durable_autonomy_runtime_multi_hour_v1\\scratch\\TASK-1789015749355-46","task_id":"TASK-1789015749355-46","timestamp":"2026-09-10T04:49:09.357Z"}
FRAME:161:504a18aa4f27c1be
{"type":"TASK_DISPATCHED","task_id":"TASK-1789015749355-46","worker_id":"WORKER-PRIMARY","lease_id":"EXCLUSIVE_EXECUTION","timestamp":"2026-09-10T04:49:09.357Z"}
FRAME:118:3fec04f4c5dad199
{"type":"TASK_COMPLETED","task_id":"TASK-1789015749355-46","artifacts_count":1,"timestamp":"2026-09-10T04:49:09.360Z"}
FRAME:232:ef22218614b965b9
{"type":"LEASE_RELEASED","resource":"C:\\Users\\lol\\2026-workspace\\courier\\scratch\\durable_autonomy_runtime_multi_hour_v1\\scratch\\TASK-1789015749355-46","task_id":"TASK-1789015749355-46","timestamp":"2026-09-10T04:49:09.361Z"}
FRAME:810:cdccd80b0f19f7e8
{"type":"TASK_PROPOSED","task":{"task_id":"TASK-1789015749363-47","task_version":1,"version":1,"title":"Mutation Gap: Result Customs Envelope Checksum Tamper Rejection","priority":"P1","goal_id":"GOAL-OMEGA-DEEP-CONTINUATION-V2","working_dir":"C:\\Users\\lol\\2026-workspace\\courier\\scratch\\durable_autonomy_runtime_multi_hour_v1\\scratch\\TASK-1789015749363-47","required_capability":"WORKSPACE_WRITE","scope_paths":["C:\\Users\\lol\\2026-workspace\\courier\\scratch\\durable_autonomy_runtime_multi_hour_v1\\scratch\\TASK-1789015749363-47"],"fingerprint":"b37b747437fe2f98526e1d10436e816fa7d094f483f5fadc37f2542c10899e03","payload":{},"state":"PROPOSED","created_at":"2026-09-10T04:49:09.363Z","history":[{"state":"PROPOSED","timestamp":"2026-09-10T04:49:09.363Z"}]},"timestamp":"2026-09-10T04:49:09.363Z"}
FRAME:214:c98e15b8eddf136d
{"type":"TASK_NEGOTIATED","task_id":"TASK-1789015749363-47","negotiation":{"action":"PROCEED_TO_STAMP","task_id":"TASK-1789015749363-47","next_state":"APPROVED_FOR_DISPATCH"},"timestamp":"2026-09-10T04:49:09.364Z"}
FRAME:488:e8536cbd75715c69
{"type":"TASK_STAMPED","task_id":"TASK-1789015749363-47","passport":{"task_id":"TASK-1789015749363-47","task_version":1,"goal_id":"GOAL-OMEGA-DEEP-CONTINUATION-V2","scope_paths":["c:/users/lol/2026-workspace/courier/scratch/durable_autonomy_runtime_multi_hour_v1/scratch/task-1789015749363-47"],"max_capability":"WORKSPACE_WRITE","signature":"7800be452070952830b23fc953cb0f22c1e371ebc89c0cfb0f434145f2d3f081","issued_at":"2026-09-10T04:49:09.364Z"},"timestamp":"2026-09-10T04:49:09.364Z"}
FRAME:232:f8426394e000c260
{"type":"LEASE_ACQUIRED","resource":"C:\\Users\\lol\\2026-workspace\\courier\\scratch\\durable_autonomy_runtime_multi_hour_v1\\scratch\\TASK-1789015749363-47","task_id":"TASK-1789015749363-47","timestamp":"2026-09-10T04:49:09.364Z"}
FRAME:161:ba6116ad2291986a
{"type":"TASK_DISPATCHED","task_id":"TASK-1789015749363-47","worker_id":"WORKER-PRIMARY","lease_id":"EXCLUSIVE_EXECUTION","timestamp":"2026-09-10T04:49:09.365Z"}
FRAME:118:d4b75d3abcb808ba
{"type":"TASK_COMPLETED","task_id":"TASK-1789015749363-47","artifacts_count":1,"timestamp":"2026-09-10T04:49:09.370Z"}
FRAME:232:2cc751d4ef898394
{"type":"LEASE_RELEASED","resource":"C:\\Users\\lol\\2026-workspace\\courier\\scratch\\durable_autonomy_runtime_multi_hour_v1\\scratch\\TASK-1789015749363-47","task_id":"TASK-1789015749363-47","timestamp":"2026-09-10T04:49:09.370Z"}
FRAME:817:1d12d9545c06ea76
{"type":"TASK_PROPOSED","task":{"task_id":"TASK-1789015749372-48","task_version":1,"version":1,"title":"Source Gap: Production No-Stacking NTFS Case-Folding and Subpath Guard","priority":"P1","goal_id":"GOAL-OMEGA-DEEP-CONTINUATION-V2","working_dir":"C:\\Users\\lol\\2026-workspace\\courier\\scratch\\durable_autonomy_runtime_multi_hour_v1\\scratch\\TASK-1789015749372-48","required_capability":"WORKSPACE_WRITE","scope_paths":["C:\\Users\\lol\\2026-workspace\\courier\\scratch\\durable_autonomy_runtime_multi_hour_v1\\scratch\\TASK-1789015749372-48"],"fingerprint":"37e543235d57a2cf5a1c4f25760bcc0cd6d79940d9753c69c77940f69f85ecdc","payload":{},"state":"PROPOSED","created_at":"2026-09-10T04:49:09.372Z","history":[{"state":"PROPOSED","timestamp":"2026-09-10T04:49:09.372Z"}]},"timestamp":"2026-09-10T04:49:09.372Z"}
FRAME:214:f43ab2ad760d43db
{"type":"TASK_NEGOTIATED","task_id":"TASK-1789015749372-48","negotiation":{"action":"PROCEED_TO_STAMP","task_id":"TASK-1789015749372-48","next_state":"APPROVED_FOR_DISPATCH"},"timestamp":"2026-09-10T04:49:09.373Z"}
FRAME:488:b3235a9bcbf93d04
{"type":"TASK_STAMPED","task_id":"TASK-1789015749372-48","passport":{"task_id":"TASK-1789015749372-48","task_version":1,"goal_id":"GOAL-OMEGA-DEEP-CONTINUATION-V2","scope_paths":["c:/users/lol/2026-workspace/courier/scratch/durable_autonomy_runtime_multi_hour_v1/scratch/task-1789015749372-48"],"max_capability":"WORKSPACE_WRITE","signature":"0cff454f8c7b368cf3f2864b0a5827d1504459c4131ffac892abf7969d252a78","issued_at":"2026-09-10T04:49:09.373Z"},"timestamp":"2026-09-10T04:49:09.373Z"}
FRAME:232:30f4c7fa5ba35e08
{"type":"LEASE_ACQUIRED","resource":"C:\\Users\\lol\\2026-workspace\\courier\\scratch\\durable_autonomy_runtime_multi_hour_v1\\scratch\\TASK-1789015749372-48","task_id":"TASK-1789015749372-48","timestamp":"2026-09-10T04:49:09.373Z"}
FRAME:161:a8e374b2e0bcc03d
{"type":"TASK_DISPATCHED","task_id":"TASK-1789015749372-48","worker_id":"WORKER-PRIMARY","lease_id":"EXCLUSIVE_EXECUTION","timestamp":"2026-09-10T04:49:09.374Z"}
FRAME:118:101d8fed646cdfee
{"type":"TASK_COMPLETED","task_id":"TASK-1789015749372-48","artifacts_count":1,"timestamp":"2026-09-10T04:49:09.377Z"}
FRAME:232:fbc2a3e407bf6b56
{"type":"LEASE_RELEASED","resource":"C:\\Users\\lol\\2026-workspace\\courier\\scratch\\durable_autonomy_runtime_multi_hour_v1\\scratch\\TASK-1789015749372-48","task_id":"TASK-1789015749372-48","timestamp":"2026-09-10T04:49:09.377Z"}
FRAME:809:75a16b2df0209a44
{"type":"TASK_PROPOSED","task":{"task_id":"TASK-1789015749379-49","task_version":1,"version":1,"title":"Source Gap: Process Lease PID and Monotonic Start-Time Binding","priority":"P1","goal_id":"GOAL-OMEGA-DEEP-CONTINUATION-V2","working_dir":"C:\\Users\\lol\\2026-workspace\\courier\\scratch\\durable_autonomy_runtime_multi_hour_v1\\scratch\\TASK-1789015749379-49","required_capability":"WORKSPACE_WRITE","scope_paths":["C:\\Users\\lol\\2026-workspace\\courier\\scratch\\durable_autonomy_runtime_multi_hour_v1\\scratch\\TASK-1789015749379-49"],"fingerprint":"d55d0cd22c7a3766f875c5589b917ca23ec4b99f046d4d7c086fb97e5c67d9a0","payload":{},"state":"PROPOSED","created_at":"2026-09-10T04:49:09.379Z","history":[{"state":"PROPOSED","timestamp":"2026-09-10T04:49:09.379Z"}]},"timestamp":"2026-09-10T04:49:09.379Z"}
FRAME:214:ebbf1e920bc8380c
{"type":"TASK_NEGOTIATED","task_id":"TASK-1789015749379-49","negotiation":{"action":"PROCEED_TO_STAMP","task_id":"TASK-1789015749379-49","next_state":"APPROVED_FOR_DISPATCH"},"timestamp":"2026-09-10T04:49:09.380Z"}
FRAME:488:b08e789cd597b62e
{"type":"TASK_STAMPED","task_id":"TASK-1789015749379-49","passport":{"task_id":"TASK-1789015749379-49","task_version":1,"goal_id":"GOAL-OMEGA-DEEP-CONTINUATION-V2","scope_paths":["c:/users/lol/2026-workspace/courier/scratch/durable_autonomy_runtime_multi_hour_v1/scratch/task-1789015749379-49"],"max_capability":"WORKSPACE_WRITE","signature":"26d73351b3b56b2db28c78b01615f1573b16275aa73aa0530d0a7f96adf66ff4","issued_at":"2026-09-10T04:49:09.380Z"},"timestamp":"2026-09-10T04:49:09.380Z"}
FRAME:232:a717f9758aae7068
{"type":"LEASE_ACQUIRED","resource":"C:\\Users\\lol\\2026-workspace\\courier\\scratch\\durable_autonomy_runtime_multi_hour_v1\\scratch\\TASK-1789015749379-49","task_id":"TASK-1789015749379-49","timestamp":"2026-09-10T04:49:09.380Z"}
FRAME:161:5bf5e94503f3dbf5
{"type":"TASK_DISPATCHED","task_id":"TASK-1789015749379-49","worker_id":"WORKER-PRIMARY","lease_id":"EXCLUSIVE_EXECUTION","timestamp":"2026-09-10T04:49:09.381Z"}
FRAME:118:cc64ea48fb60b787
{"type":"TASK_COMPLETED","task_id":"TASK-1789015749379-49","artifacts_count":1,"timestamp":"2026-09-10T04:49:09.384Z"}
FRAME:232:652f83c7d5243a45
{"type":"LEASE_RELEASED","resource":"C:\\Users\\lol\\2026-workspace\\courier\\scratch\\durable_autonomy_runtime_multi_hour_v1\\scratch\\TASK-1789015749379-49","task_id":"TASK-1789015749379-49","timestamp":"2026-09-10T04:49:09.384Z"}
FRAME:808:ca7adcc05bd4ef03
{"type":"TASK_PROPOSED","task":{"task_id":"TASK-1789015749386-50","task_version":1,"version":1,"title":"Simplification Audit: Single Choke Point Dispatch Enforcement","priority":"P1","goal_id":"GOAL-OMEGA-DEEP-CONTINUATION-V2","working_dir":"C:\\Users\\lol\\2026-workspace\\courier\\scratch\\durable_autonomy_runtime_multi_hour_v1\\scratch\\TASK-1789015749386-50","required_capability":"WORKSPACE_WRITE","scope_paths":["C:\\Users\\lol\\2026-workspace\\courier\\scratch\\durable_autonomy_runtime_multi_hour_v1\\scratch\\TASK-1789015749386-50"],"fingerprint":"88c7b6264d0ea620f69af7224c6b0166dda057a98b1dd48f71c667f06443af36","payload":{},"state":"PROPOSED","created_at":"2026-09-10T04:49:09.386Z","history":[{"state":"PROPOSED","timestamp":"2026-09-10T04:49:09.386Z"}]},"timestamp":"2026-09-10T04:49:09.386Z"}
FRAME:214:91fa27264b0f4fa0
{"type":"TASK_NEGOTIATED","task_id":"TASK-1789015749386-50","negotiation":{"action":"PROCEED_TO_STAMP","task_id":"TASK-1789015749386-50","next_state":"APPROVED_FOR_DISPATCH"},"timestamp":"2026-09-10T04:49:09.386Z"}
FRAME:488:afe05fe5a59e8838
{"type":"TASK_STAMPED","task_id":"TASK-1789015749386-50","passport":{"task_id":"TASK-1789015749386-50","task_version":1,"goal_id":"GOAL-OMEGA-DEEP-CONTINUATION-V2","scope_paths":["c:/users/lol/2026-workspace/courier/scratch/durable_autonomy_runtime_multi_hour_v1/scratch/task-1789015749386-50"],"max_capability":"WORKSPACE_WRITE","signature":"7ef422d606011df2bfe55a2fea80d24b68d4345bd1bc4ceb54dfea13dfd66d21","issued_at":"2026-09-10T04:49:09.387Z"},"timestamp":"2026-09-10T04:49:09.387Z"}
FRAME:232:a8aef536ecd42771
{"type":"LEASE_ACQUIRED","resource":"C:\\Users\\lol\\2026-workspace\\courier\\scratch\\durable_autonomy_runtime_multi_hour_v1\\scratch\\TASK-1789015749386-50","task_id":"TASK-1789015749386-50","timestamp":"2026-09-10T04:49:09.387Z"}
FRAME:161:17fec1c228ee3ca1
{"type":"TASK_DISPATCHED","task_id":"TASK-1789015749386-50","worker_id":"WORKER-PRIMARY","lease_id":"EXCLUSIVE_EXECUTION","timestamp":"2026-09-10T04:49:09.388Z"}
FRAME:118:6715f93ba88d20c4
{"type":"TASK_COMPLETED","task_id":"TASK-1789015749386-50","artifacts_count":1,"timestamp":"2026-09-10T04:49:09.391Z"}
FRAME:232:08bcb8cc2537961a
{"type":"LEASE_RELEASED","resource":"C:\\Users\\lol\\2026-workspace\\courier\\scratch\\durable_autonomy_runtime_multi_hour_v1\\scratch\\TASK-1789015749386-50","task_id":"TASK-1789015749386-50","timestamp":"2026-09-10T04:49:09.391Z"}
FRAME:624:a45d7bc81c90fcb1
{"type":"TASK_PROPOSED","task":{"task_id":"TASK-1789015754017-51","task_version":1,"version":1,"title":"Catastrophe Check: Zero Financial Spend & Live Trading Hard Wall","priority":"P0","goal_id":"GOAL-DURABLE-AUTONOMY-V1","working_dir":"scratch\\TASK-1789015754017-51","required_capability":"WORKSPACE_WRITE","scope_paths":["scratch\\TASK-1789015754017-51"],"fingerprint":"de1f351f5f1e56badc40055178a0228e57cbba93eeb6be692ea3740720a56ca0","payload":{},"state":"PROPOSED","created_at":"2026-09-10T04:49:14.025Z","history":[{"state":"PROPOSED","timestamp":"2026-09-10T04:49:14.025Z"}]},"timestamp":"2026-09-10T04:49:14.026Z"}
FRAME:214:90325f890a24cd5d
{"type":"TASK_NEGOTIATED","task_id":"TASK-1789015754017-51","negotiation":{"action":"PROCEED_TO_STAMP","task_id":"TASK-1789015754017-51","next_state":"APPROVED_FOR_DISPATCH"},"timestamp":"2026-09-10T04:49:14.026Z"}
FRAME:481:d2f17a3253197072
{"type":"TASK_STAMPED","task_id":"TASK-1789015754017-51","passport":{"task_id":"TASK-1789015754017-51","task_version":1,"goal_id":"GOAL-DURABLE-AUTONOMY-V1","scope_paths":["c:/users/lol/2026-workspace/courier/scratch/durable_autonomy_runtime_multi_hour_v1/scratch/task-1789015754017-51"],"max_capability":"WORKSPACE_WRITE","signature":"d6e0fc39b9b6f6d331e1369ef730e57771c1900868b658d0e697d8260ff59b03","issued_at":"2026-09-10T04:49:14.027Z"},"timestamp":"2026-09-10T04:49:14.027Z"}
FRAME:142:a3ca8d5a8600f6dd
{"type":"LEASE_ACQUIRED","resource":"scratch\\TASK-1789015754017-51","task_id":"TASK-1789015754017-51","timestamp":"2026-09-10T04:49:14.028Z"}
FRAME:161:714ac357ad4fac4f
{"type":"TASK_DISPATCHED","task_id":"TASK-1789015754017-51","worker_id":"WORKER-PRIMARY","lease_id":"EXCLUSIVE_EXECUTION","timestamp":"2026-09-10T04:49:14.028Z"}
FRAME:125:f1c8053d6cc571a2
{"type":"TASK_FENCED","task_id":"TASK-1789015754017-51","reason":"NON_ZERO_EXIT_CODE","timestamp":"2026-09-10T04:49:14.030Z"}
FRAME:622:2340a32909053fd5
{"type":"TASK_PROPOSED","task":{"task_id":"TASK-1789015754031-51","task_version":1,"version":1,"title":"Catastrophe Check: Mac Host & UniversuX Confinement Invariants","priority":"P0","goal_id":"GOAL-DURABLE-AUTONOMY-V1","working_dir":"scratch\\TASK-1789015754031-51","required_capability":"WORKSPACE_WRITE","scope_paths":["scratch\\TASK-1789015754031-51"],"fingerprint":"1841cb3f359f443224c9841175b30f7410e06b524ecc024820b4a4bc2ccb1bba","payload":{},"state":"PROPOSED","created_at":"2026-09-10T04:49:14.032Z","history":[{"state":"PROPOSED","timestamp":"2026-09-10T04:49:14.032Z"}]},"timestamp":"2026-09-10T04:49:14.032Z"}
FRAME:214:e0ae6524fee7021e
{"type":"TASK_NEGOTIATED","task_id":"TASK-1789015754031-51","negotiation":{"action":"PROCEED_TO_STAMP","task_id":"TASK-1789015754031-51","next_state":"APPROVED_FOR_DISPATCH"},"timestamp":"2026-09-10T04:49:14.032Z"}
FRAME:481:ec4969330d2ba39e
{"type":"TASK_STAMPED","task_id":"TASK-1789015754031-51","passport":{"task_id":"TASK-1789015754031-51","task_version":1,"goal_id":"GOAL-DURABLE-AUTONOMY-V1","scope_paths":["c:/users/lol/2026-workspace/courier/scratch/durable_autonomy_runtime_multi_hour_v1/scratch/task-1789015754031-51"],"max_capability":"WORKSPACE_WRITE","signature":"f805b3bdcececbae3edb1dbce882e7942a6731a1da189be8da31a4990b132a62","issued_at":"2026-09-10T04:49:14.032Z"},"timestamp":"2026-09-10T04:49:14.032Z"}
FRAME:142:9a484ce93ce13c09
{"type":"LEASE_ACQUIRED","resource":"scratch\\TASK-1789015754031-51","task_id":"TASK-1789015754031-51","timestamp":"2026-09-10T04:49:14.033Z"}
FRAME:161:13b79095656aa1e1
{"type":"TASK_DISPATCHED","task_id":"TASK-1789015754031-51","worker_id":"WORKER-PRIMARY","lease_id":"EXCLUSIVE_EXECUTION","timestamp":"2026-09-10T04:49:14.033Z"}
FRAME:118:2b244a7d18136249
{"type":"TASK_COMPLETED","task_id":"TASK-1789015754031-51","artifacts_count":1,"timestamp":"2026-09-10T04:49:14.037Z"}
FRAME:142:c13325fa3a6abc05
{"type":"LEASE_RELEASED","resource":"scratch\\TASK-1789015754031-51","task_id":"TASK-1789015754031-51","timestamp":"2026-09-10T04:49:14.038Z"}
FRAME:621:f8b58fc8a37187e6
{"type":"TASK_PROPOSED","task":{"task_id":"TASK-1789015754040-52","task_version":1,"version":1,"title":"Concurrency Gap: Multi-Process NTFS Exclusive Lock Mutex Race","priority":"P1","goal_id":"GOAL-DURABLE-AUTONOMY-V1","working_dir":"scratch\\TASK-1789015754040-52","required_capability":"WORKSPACE_WRITE","scope_paths":["scratch\\TASK-1789015754040-52"],"fingerprint":"d88c07043acfb0acc63b5fc70685b1c026691095b1182cbb2091c3b8bfe4637e","payload":{},"state":"PROPOSED","created_at":"2026-09-10T04:49:14.041Z","history":[{"state":"PROPOSED","timestamp":"2026-09-10T04:49:14.041Z"}]},"timestamp":"2026-09-10T04:49:14.041Z"}
FRAME:214:b161dd01f0ed6800
{"type":"TASK_NEGOTIATED","task_id":"TASK-1789015754040-52","negotiation":{"action":"PROCEED_TO_STAMP","task_id":"TASK-1789015754040-52","next_state":"APPROVED_FOR_DISPATCH"},"timestamp":"2026-09-10T04:49:14.041Z"}
FRAME:481:52b8da5e1bc8368b
{"type":"TASK_STAMPED","task_id":"TASK-1789015754040-52","passport":{"task_id":"TASK-1789015754040-52","task_version":1,"goal_id":"GOAL-DURABLE-AUTONOMY-V1","scope_paths":["c:/users/lol/2026-workspace/courier/scratch/durable_autonomy_runtime_multi_hour_v1/scratch/task-1789015754040-52"],"max_capability":"WORKSPACE_WRITE","signature":"0ba8a0ab025a4f3498e30368fd85cc776abae0521be01465d481bad79da3211c","issued_at":"2026-09-10T04:49:14.042Z"},"timestamp":"2026-09-10T04:49:14.042Z"}
FRAME:142:8e1b7c2c5d759b40
{"type":"LEASE_ACQUIRED","resource":"scratch\\TASK-1789015754040-52","task_id":"TASK-1789015754040-52","timestamp":"2026-09-10T04:49:14.042Z"}
FRAME:161:2afbef391788cbb3
{"type":"TASK_DISPATCHED","task_id":"TASK-1789015754040-52","worker_id":"WORKER-PRIMARY","lease_id":"EXCLUSIVE_EXECUTION","timestamp":"2026-09-10T04:49:14.042Z"}
FRAME:118:60b96f1f02f0c103
{"type":"TASK_COMPLETED","task_id":"TASK-1789015754040-52","artifacts_count":1,"timestamp":"2026-09-10T04:49:14.048Z"}
FRAME:142:5cae5eb436d68ccf
{"type":"LEASE_RELEASED","resource":"scratch\\TASK-1789015754040-52","task_id":"TASK-1789015754040-52","timestamp":"2026-09-10T04:49:14.048Z"}
FRAME:281:0c428c60ef8d52e8
{"type":"CHECKPOINT_SAVED","mission_id":"WINDOWS_COURIER_DURABLE_AUTONOMY_RUNTIME_MULTI_HOUR_V1","status":"PAUSED_BY_HUMAN_PRIORITY_CHANGE","reason":"USER_EXPLICIT_EARLY_CHECKPOINT_AND_HANDOFF","completed_work_units":52,"reconciled_leases":0,"timestamp":"2026-09-10T05:20:44.719Z"}
