FRAME:587:e81407cd3a29b3fa
{"type":"TASK_STAGED","task":{"task_id":"DIFF-TASK-1001-0","title":"Differential Test Task 0","priority":"P0","working_dir":"C:/Users/lol/2026-workspace/courier/scratch/expedition_test_a/sub1","required_capability":"WORKSPACE_WRITE","version":1,"state":"STAGED"},"passport":{"task_id":"DIFF-TASK-1001-0","task_version":1,"goal_id":"GOAL-CANONICAL","scope_paths":["c:/users/lol/2026-workspace/courier/scratch/expedition_test_a/sub1"],"max_capability":"WORKSPACE_WRITE","signature":"04b5f4ae8f9b57b889f8a4568dc007d7c4d498f303c38f4ceec790ae8b06fd0d","issued_at":"2026-09-10T04:18:48.697Z"}}
FRAME:119:f2e3d8ded48be654
{"type":"TASK_DISPATCHED","task_id":"DIFF-TASK-1001-0","worker_id":"WORKER-1","lease_id":"LEASE-V2-1789013928699-8804"}
FRAME:569:ec4b8880cd7dd507
{"type":"TASK_STAGED","task":{"task_id":"DIFF-TASK-1001-2","title":"Differential Test Task 2","priority":"P2","working_dir":"C:/Users/lol/2026-workspace/courier/scratch/expedition_test_c","required_capability":"EXTERNAL_FS","version":1,"state":"STAGED"},"passport":{"task_id":"DIFF-TASK-1001-2","task_version":1,"goal_id":"GOAL-CANONICAL","scope_paths":["c:/users/lol/2026-workspace/courier/scratch/expedition_test_c"],"max_capability":"EXTERNAL_FS","signature":"f65b5d00914c1a617dc95e656c14574d20af096642e28eca84a3887b912f87d8","issued_at":"2026-09-10T04:18:48.700Z"}}
FRAME:77:f6a489630d542c13
{"type":"TASK_COMPLETED","task_id":"DIFF-TASK-1001-0","verified_artifacts":2}
FRAME:119:047492f7a24de35d
{"type":"TASK_DISPATCHED","task_id":"DIFF-TASK-1001-2","worker_id":"WORKER-4","lease_id":"LEASE-V2-1789013928701-9444"}
FRAME:587:d7a195a25bf5bd2e
{"type":"TASK_STAGED","task":{"task_id":"DIFF-TASK-1001-5","title":"Differential Test Task 5","priority":"P0","working_dir":"C:/Users/lol/2026-workspace/courier/scratch/expedition_test_b/logs","required_capability":"WORKSPACE_WRITE","version":1,"state":"STAGED"},"passport":{"task_id":"DIFF-TASK-1001-5","task_version":1,"goal_id":"GOAL-CANONICAL","scope_paths":["c:/users/lol/2026-workspace/courier/scratch/expedition_test_b/logs"],"max_capability":"WORKSPACE_WRITE","signature":"95165667ca92252762107f549163146ddeb09f63f4c4df1c78c799e3423d9eff","issued_at":"2026-09-10T04:18:48.701Z"}}
FRAME:579:da57adaa1dba889c
{"type":"TASK_STAGED","task":{"task_id":"DIFF-TASK-1001-6","title":"Differential Test Task 6","priority":"P2","working_dir":"C:/Users/lol/2026-workspace/courier/scratch/expedition_test_a/sub1","required_capability":"EXTERNAL_FS","version":1,"state":"STAGED"},"passport":{"task_id":"DIFF-TASK-1001-6","task_version":1,"goal_id":"GOAL-CANONICAL","scope_paths":["c:/users/lol/2026-workspace/courier/scratch/expedition_test_a/sub1"],"max_capability":"EXTERNAL_FS","signature":"f0ff42ec706a8c75ad9e378570afacf9c77dd9905b1e3bfba9244f0416b7b27e","issued_at":"2026-09-10T04:18:48.702Z"}}
FRAME:119:ef02edf977ca214c
{"type":"TASK_DISPATCHED","task_id":"DIFF-TASK-1001-5","worker_id":"WORKER-7","lease_id":"LEASE-V2-1789013928702-5599"}
FRAME:119:ed7cf5b51e170c2c
{"type":"TASK_DISPATCHED","task_id":"DIFF-TASK-1001-6","worker_id":"WORKER-8","lease_id":"LEASE-V2-1789013928702-1119"}
FRAME:580:0c22a53d99b70d60
{"type":"TASK_STAGED","task":{"task_id":"DIFF-TASK-1001-11","title":"Differential Test Task 11","priority":"P1","working_dir":"C:/Users/lol/2026-workspace/courier/scratch/expedition_test_c","required_capability":"WORKSPACE_WRITE","version":1,"state":"STAGED"},"passport":{"task_id":"DIFF-TASK-1001-11","task_version":1,"goal_id":"GOAL-CANONICAL","scope_paths":["c:/users/lol/2026-workspace/courier/scratch/expedition_test_c"],"max_capability":"WORKSPACE_WRITE","signature":"c70d259b71139bc696f837ad47dab1b1c04ea18058bf59302fbead5a42ef08a9","issued_at":"2026-09-10T04:18:48.703Z"}}
FRAME:590:d74562193b0a8090
{"type":"TASK_STAGED","task":{"task_id":"DIFF-TASK-1001-12","title":"Differential Test Task 12","priority":"P1","working_dir":"C:/Users/lol/2026-workspace/courier/scratch/expedition_test_a/sub1","required_capability":"WORKSPACE_WRITE","version":1,"state":"STAGED"},"passport":{"task_id":"DIFF-TASK-1001-12","task_version":1,"goal_id":"GOAL-CANONICAL","scope_paths":["c:/users/lol/2026-workspace/courier/scratch/expedition_test_a/sub1"],"max_capability":"WORKSPACE_WRITE","signature":"e4bc84a8af1edd6828adcfc6e916907715edabebe0a074dbe0545047cac7a10b","issued_at":"2026-09-10T04:18:48.703Z"}}
FRAME:77:8d175b7351179d61
{"type":"TASK_COMPLETED","task_id":"DIFF-TASK-1001-5","verified_artifacts":2}
FRAME:590:7f030ae2b85ac4d9
{"type":"TASK_STAGED","task":{"task_id":"DIFF-TASK-1001-16","title":"Differential Test Task 16","priority":"P2","working_dir":"C:/Users/lol/2026-workspace/courier/scratch/expedition_test_b/logs","required_capability":"WORKSPACE_WRITE","version":1,"state":"STAGED"},"passport":{"task_id":"DIFF-TASK-1001-16","task_version":1,"goal_id":"GOAL-CANONICAL","scope_paths":["c:/users/lol/2026-workspace/courier/scratch/expedition_test_b/logs"],"max_capability":"WORKSPACE_WRITE","signature":"8c62b641974a372ed4c808f533a4c2f8bdda188c722ef6012c4c2ca4513e56d5","issued_at":"2026-09-10T04:18:48.704Z"}}
FRAME:590:a499b88aa7a84255
{"type":"TASK_STAGED","task":{"task_id":"DIFF-TASK-1001-17","title":"Differential Test Task 17","priority":"P1","working_dir":"C:/Users/lol/2026-workspace/courier/scratch/expedition_test_a/sub1","required_capability":"WORKSPACE_WRITE","version":1,"state":"STAGED"},"passport":{"task_id":"DIFF-TASK-1001-17","task_version":1,"goal_id":"GOAL-CANONICAL","scope_paths":["c:/users/lol/2026-workspace/courier/scratch/expedition_test_a/sub1"],"max_capability":"WORKSPACE_WRITE","signature":"891f92c0560c1bd550724784225ba5c249fdd50867c3660e248c21a7681efb8e","issued_at":"2026-09-10T04:18:48.704Z"}}
FRAME:77:56b4f958a6e0a0b2
{"type":"TASK_COMPLETED","task_id":"DIFF-TASK-1001-6","verified_artifacts":2}
FRAME:580:163d9f644e014e69
{"type":"TASK_STAGED","task":{"task_id":"DIFF-TASK-1001-22","title":"Differential Test Task 22","priority":"P0","working_dir":"C:/Users/lol/2026-workspace/courier/scratch/expedition_test_c","required_capability":"WORKSPACE_WRITE","version":1,"state":"STAGED"},"passport":{"task_id":"DIFF-TASK-1001-22","task_version":1,"goal_id":"GOAL-CANONICAL","scope_paths":["c:/users/lol/2026-workspace/courier/scratch/expedition_test_c"],"max_capability":"WORKSPACE_WRITE","signature":"5f2a942d31c07865d91f712d990494d229486cb39a396f3fae11f20a45409e43","issued_at":"2026-09-10T04:18:48.706Z"}}
FRAME:121:e23a6898b52f5441
{"type":"TASK_DISPATCHED","task_id":"DIFF-TASK-1001-16","worker_id":"WORKER-24","lease_id":"LEASE-V2-1789013928707-5706"}
FRAME:590:577fee3db1326cfe
{"type":"TASK_STAGED","task":{"task_id":"DIFF-TASK-1001-25","title":"Differential Test Task 25","priority":"P1","working_dir":"C:/Users/lol/2026-workspace/courier/scratch/expedition_test_a/sub1","required_capability":"WORKSPACE_WRITE","version":1,"state":"STAGED"},"passport":{"task_id":"DIFF-TASK-1001-25","task_version":1,"goal_id":"GOAL-CANONICAL","scope_paths":["c:/users/lol/2026-workspace/courier/scratch/expedition_test_a/sub1"],"max_capability":"WORKSPACE_WRITE","signature":"21e074229a35dea3db448aba0ff6db2de53efd601042dde28fbf697a8b3837d2","issued_at":"2026-09-10T04:18:48.708Z"}}
FRAME:121:6499df16cc3cbf57
{"type":"TASK_DISPATCHED","task_id":"DIFF-TASK-1001-25","worker_id":"WORKER-26","lease_id":"LEASE-V2-1789013928709-2074"}
FRAME:580:f58f37b2fb9d5132
{"type":"TASK_STAGED","task":{"task_id":"DIFF-TASK-1001-28","title":"Differential Test Task 28","priority":"P2","working_dir":"C:/Users/lol/2026-workspace/courier/scratch/expedition_test_c","required_capability":"WORKSPACE_WRITE","version":1,"state":"STAGED"},"passport":{"task_id":"DIFF-TASK-1001-28","task_version":1,"goal_id":"GOAL-CANONICAL","scope_paths":["c:/users/lol/2026-workspace/courier/scratch/expedition_test_c"],"max_capability":"WORKSPACE_WRITE","signature":"dc2f023cec460f137484f0c57ff067d5e84f73e5cfc0d8faf2ba638ef8b13e79","issued_at":"2026-09-10T04:18:48.710Z"}}
FRAME:590:f954de509d749cfa
{"type":"TASK_STAGED","task":{"task_id":"DIFF-TASK-1001-29","title":"Differential Test Task 29","priority":"P0","working_dir":"C:/Users/lol/2026-workspace/courier/scratch/expedition_test_a/sub1","required_capability":"WORKSPACE_WRITE","version":1,"state":"STAGED"},"passport":{"task_id":"DIFF-TASK-1001-29","task_version":1,"goal_id":"GOAL-CANONICAL","scope_paths":["c:/users/lol/2026-workspace/courier/scratch/expedition_test_a/sub1"],"max_capability":"WORKSPACE_WRITE","signature":"7add1b99bfee5563874fe06a3b54ac8024d606205a471abddf762d488749aa5e","issued_at":"2026-09-10T04:18:48.710Z"}}
FRAME:580:c3c162125014edb3
{"type":"TASK_STAGED","task":{"task_id":"DIFF-TASK-1001-31","title":"Differential Test Task 31","priority":"P1","working_dir":"C:/Users/lol/2026-workspace/courier/scratch/expedition_test_b","required_capability":"WORKSPACE_WRITE","version":1,"state":"STAGED"},"passport":{"task_id":"DIFF-TASK-1001-31","task_version":1,"goal_id":"GOAL-CANONICAL","scope_paths":["c:/users/lol/2026-workspace/courier/scratch/expedition_test_b"],"max_capability":"WORKSPACE_WRITE","signature":"cde5968fcef69c19d75fa45ab90768e7729d92aa29d5de175d99bf74742ce3cc","issued_at":"2026-09-10T04:18:48.710Z"}}
FRAME:78:e2649c997e229184
{"type":"TASK_COMPLETED","task_id":"DIFF-TASK-1001-16","verified_artifacts":2}
FRAME:580:881bfe5de664911a
{"type":"TASK_STAGED","task":{"task_id":"DIFF-TASK-1001-34","title":"Differential Test Task 34","priority":"P1","working_dir":"C:/Users/lol/2026-workspace/courier/scratch/expedition_test_b","required_capability":"WORKSPACE_WRITE","version":1,"state":"STAGED"},"passport":{"task_id":"DIFF-TASK-1001-34","task_version":1,"goal_id":"GOAL-CANONICAL","scope_paths":["c:/users/lol/2026-workspace/courier/scratch/expedition_test_b"],"max_capability":"WORKSPACE_WRITE","signature":"aaedb7cf2a5ce7588205eb2a884b44a7f7a20632db44cece7a0b9c34333f4471","issued_at":"2026-09-10T04:18:48.711Z"}}
FRAME:78:58cd500397c99a5b
{"type":"TASK_COMPLETED","task_id":"DIFF-TASK-1001-25","verified_artifacts":2}
FRAME:580:a00c13be9c56a9db
{"type":"TASK_STAGED","task":{"task_id":"DIFF-TASK-1001-36","title":"Differential Test Task 36","priority":"P2","working_dir":"C:/Users/lol/2026-workspace/courier/scratch/expedition_test_c","required_capability":"WORKSPACE_WRITE","version":1,"state":"STAGED"},"passport":{"task_id":"DIFF-TASK-1001-36","task_version":1,"goal_id":"GOAL-CANONICAL","scope_paths":["c:/users/lol/2026-workspace/courier/scratch/expedition_test_c"],"max_capability":"WORKSPACE_WRITE","signature":"dcc59c0bada6dd2175b6fb205d70b6de4b1028d106eccd373e5ad4a26679fe9d","issued_at":"2026-09-10T04:18:48.712Z"}}
FRAME:602:18dd4fb04c3a56ad
{"type":"TASK_STAGED","task":{"task_id":"DIFF-TASK-1001-38","title":"Differential Test Task 38","priority":"P1","working_dir":"C:/Users/lol/2026-workspace/courier/scratch/expedition_test_c/data/cache","required_capability":"WORKSPACE_WRITE","version":1,"state":"STAGED"},"passport":{"task_id":"DIFF-TASK-1001-38","task_version":1,"goal_id":"GOAL-CANONICAL","scope_paths":["c:/users/lol/2026-workspace/courier/scratch/expedition_test_c/data/cache"],"max_capability":"WORKSPACE_WRITE","signature":"5daab0c12561ba27771cbb2e25774efe36800540f52b3f16f57f0c1eb7a5f787","issued_at":"2026-09-10T04:18:48.712Z"}}
FRAME:121:b1ff5796d0bc7283
{"type":"TASK_DISPATCHED","task_id":"DIFF-TASK-1001-34","worker_id":"WORKER-39","lease_id":"LEASE-V2-1789013928712-4390"}
FRAME:572:5b092b22b1894d92
{"type":"TASK_STAGED","task":{"task_id":"DIFF-TASK-1001-40","title":"Differential Test Task 40","priority":"P1","working_dir":"C:/Users/lol/2026-workspace/courier/scratch/expedition_test_b","required_capability":"EXTERNAL_FS","version":1,"state":"STAGED"},"passport":{"task_id":"DIFF-TASK-1001-40","task_version":1,"goal_id":"GOAL-CANONICAL","scope_paths":["c:/users/lol/2026-workspace/courier/scratch/expedition_test_b"],"max_capability":"EXTERNAL_FS","signature":"79e80f33ee4028e3981c8178ac4baf4a6fe5613a655e96f34a6efc051725270a","issued_at":"2026-09-10T04:18:48.712Z"}}
FRAME:580:6bdb6bd4b241eea8
{"type":"TASK_STAGED","task":{"task_id":"DIFF-TASK-1001-42","title":"Differential Test Task 42","priority":"P1","working_dir":"C:/Users/lol/2026-workspace/courier/scratch/expedition_test_c","required_capability":"WORKSPACE_WRITE","version":1,"state":"STAGED"},"passport":{"task_id":"DIFF-TASK-1001-42","task_version":1,"goal_id":"GOAL-CANONICAL","scope_paths":["c:/users/lol/2026-workspace/courier/scratch/expedition_test_c"],"max_capability":"WORKSPACE_WRITE","signature":"fdb5cd0d4ead74800b4f76a6f5cd0a39060a261523fbb2e7796177c4dd51db76","issued_at":"2026-09-10T04:18:48.713Z"}}
FRAME:580:28a330229e277502
{"type":"TASK_STAGED","task":{"task_id":"DIFF-TASK-1001-45","title":"Differential Test Task 45","priority":"P0","working_dir":"C:/Users/lol/2026-workspace/courier/scratch/expedition_test_c","required_capability":"WORKSPACE_WRITE","version":1,"state":"STAGED"},"passport":{"task_id":"DIFF-TASK-1001-45","task_version":1,"goal_id":"GOAL-CANONICAL","scope_paths":["c:/users/lol/2026-workspace/courier/scratch/expedition_test_c"],"max_capability":"WORKSPACE_WRITE","signature":"3d7b1db19892d3acc8b5a434a21aaa106144b8c69e45612aed2a2f5b4cddc3d2","issued_at":"2026-09-10T04:18:48.713Z"}}
FRAME:580:16dccc5afce45737
{"type":"TASK_STAGED","task":{"task_id":"DIFF-TASK-1001-47","title":"Differential Test Task 47","priority":"P2","working_dir":"C:/Users/lol/2026-workspace/courier/scratch/expedition_test_b","required_capability":"WORKSPACE_WRITE","version":1,"state":"STAGED"},"passport":{"task_id":"DIFF-TASK-1001-47","task_version":1,"goal_id":"GOAL-CANONICAL","scope_paths":["c:/users/lol/2026-workspace/courier/scratch/expedition_test_b"],"max_capability":"WORKSPACE_WRITE","signature":"3c5a06013d680ed4554d94da308189bf3124853f65bd9e40e63f6509e7c122c6","issued_at":"2026-09-10T04:18:48.713Z"}}
FRAME:580:376048cce4e299d4
{"type":"TASK_STAGED","task":{"task_id":"DIFF-TASK-1001-58","title":"Differential Test Task 58","priority":"P1","working_dir":"C:/Users/lol/2026-workspace/courier/scratch/expedition_test_c","required_capability":"WORKSPACE_WRITE","version":1,"state":"STAGED"},"passport":{"task_id":"DIFF-TASK-1001-58","task_version":1,"goal_id":"GOAL-CANONICAL","scope_paths":["c:/users/lol/2026-workspace/courier/scratch/expedition_test_c"],"max_capability":"WORKSPACE_WRITE","signature":"61e1e525af020befbec43767de22e6b5cb80e4dfd35106a3c55a82bac35a9472","issued_at":"2026-09-10T04:18:48.714Z"}}
FRAME:602:d3f6796c0e9bb104
{"type":"TASK_STAGED","task":{"task_id":"DIFF-TASK-1001-60","title":"Differential Test Task 60","priority":"P1","working_dir":"C:/Users/lol/2026-workspace/courier/scratch/expedition_test_c/data/cache","required_capability":"WORKSPACE_WRITE","version":1,"state":"STAGED"},"passport":{"task_id":"DIFF-TASK-1001-60","task_version":1,"goal_id":"GOAL-CANONICAL","scope_paths":["c:/users/lol/2026-workspace/courier/scratch/expedition_test_c/data/cache"],"max_capability":"WORKSPACE_WRITE","signature":"b75d325b3d25ecea4cb0043196e8720422fa8554813b76c4f153d4c9b9934314","issued_at":"2026-09-10T04:18:48.714Z"}}
FRAME:590:902fe0f8a6c2dbae
{"type":"TASK_STAGED","task":{"task_id":"DIFF-TASK-1001-62","title":"Differential Test Task 62","priority":"P1","working_dir":"C:/Users/lol/2026-workspace/courier/scratch/expedition_test_b/logs","required_capability":"WORKSPACE_WRITE","version":1,"state":"STAGED"},"passport":{"task_id":"DIFF-TASK-1001-62","task_version":1,"goal_id":"GOAL-CANONICAL","scope_paths":["c:/users/lol/2026-workspace/courier/scratch/expedition_test_b/logs"],"max_capability":"WORKSPACE_WRITE","signature":"8b26b8dcc8ef11191e30a3f07be01bd34b2fefab89ddf7a0780a03497bb47845","issued_at":"2026-09-10T04:18:48.714Z"}}
FRAME:580:5cb68d6693c42752
{"type":"TASK_STAGED","task":{"task_id":"DIFF-TASK-1001-64","title":"Differential Test Task 64","priority":"P1","working_dir":"C:/Users/lol/2026-workspace/courier/scratch/expedition_test_c","required_capability":"WORKSPACE_WRITE","version":1,"state":"STAGED"},"passport":{"task_id":"DIFF-TASK-1001-64","task_version":1,"goal_id":"GOAL-CANONICAL","scope_paths":["c:/users/lol/2026-workspace/courier/scratch/expedition_test_c"],"max_capability":"WORKSPACE_WRITE","signature":"0bdd374b0f31321780d0cea5031c30e309ea5b0c1eaa3f65145359abd04f0901","issued_at":"2026-09-10T04:18:48.715Z"}}
FRAME:580:fcd14b264c81f5e9
{"type":"TASK_STAGED","task":{"task_id":"DIFF-TASK-1001-67","title":"Differential Test Task 67","priority":"P2","working_dir":"C:/Users/lol/2026-workspace/courier/scratch/expedition_test_c","required_capability":"WORKSPACE_WRITE","version":1,"state":"STAGED"},"passport":{"task_id":"DIFF-TASK-1001-67","task_version":1,"goal_id":"GOAL-CANONICAL","scope_paths":["c:/users/lol/2026-workspace/courier/scratch/expedition_test_c"],"max_capability":"WORKSPACE_WRITE","signature":"76cefa2d6d14f92964e1ed8cc85247266fd1c5e795590dee3b1d59c4e10e560b","issued_at":"2026-09-10T04:18:48.715Z"}}
FRAME:580:bfd911a760f2b7c8
{"type":"TASK_STAGED","task":{"task_id":"DIFF-TASK-1001-69","title":"Differential Test Task 69","priority":"P1","working_dir":"C:/Users/lol/2026-workspace/courier/scratch/expedition_test_b","required_capability":"WORKSPACE_WRITE","version":1,"state":"STAGED"},"passport":{"task_id":"DIFF-TASK-1001-69","task_version":1,"goal_id":"GOAL-CANONICAL","scope_paths":["c:/users/lol/2026-workspace/courier/scratch/expedition_test_b"],"max_capability":"WORKSPACE_WRITE","signature":"d6b825609e757ccc9df6b05a9947fbb49ccf0f70cd1fb5d8b73e7263645011d6","issued_at":"2026-09-10T04:18:48.715Z"}}
FRAME:602:d34f0fdf7e0989ac
{"type":"TASK_STAGED","task":{"task_id":"DIFF-TASK-1001-70","title":"Differential Test Task 70","priority":"P1","working_dir":"C:/Users/lol/2026-workspace/courier/scratch/expedition_test_c/data/cache","required_capability":"WORKSPACE_WRITE","version":1,"state":"STAGED"},"passport":{"task_id":"DIFF-TASK-1001-70","task_version":1,"goal_id":"GOAL-CANONICAL","scope_paths":["c:/users/lol/2026-workspace/courier/scratch/expedition_test_c/data/cache"],"max_capability":"WORKSPACE_WRITE","signature":"76ebcabd461408c710bb7de01c7358ccce5e468387f8752962651825b3c78289","issued_at":"2026-09-10T04:18:48.715Z"}}
FRAME:590:ea28cf2f8cbff953
{"type":"TASK_STAGED","task":{"task_id":"DIFF-TASK-1001-73","title":"Differential Test Task 73","priority":"P0","working_dir":"C:/Users/lol/2026-workspace/courier/scratch/expedition_test_b/logs","required_capability":"WORKSPACE_WRITE","version":1,"state":"STAGED"},"passport":{"task_id":"DIFF-TASK-1001-73","task_version":1,"goal_id":"GOAL-CANONICAL","scope_paths":["c:/users/lol/2026-workspace/courier/scratch/expedition_test_b/logs"],"max_capability":"WORKSPACE_WRITE","signature":"ad71c8be6e2634512b074e4694f191272caac367093583ade4fdb5dc4c16e97d","issued_at":"2026-09-10T04:18:48.716Z"}}
FRAME:580:6414f133d3daa093
{"type":"TASK_STAGED","task":{"task_id":"DIFF-TASK-1001-74","title":"Differential Test Task 74","priority":"P2","working_dir":"C:/Users/lol/2026-workspace/courier/scratch/expedition_test_a","required_capability":"WORKSPACE_WRITE","version":1,"state":"STAGED"},"passport":{"task_id":"DIFF-TASK-1001-74","task_version":1,"goal_id":"GOAL-CANONICAL","scope_paths":["c:/users/lol/2026-workspace/courier/scratch/expedition_test_a"],"max_capability":"WORKSPACE_WRITE","signature":"06a1ab5b3cbf9733d8ce941e932204ddf2612bbc3edab086339234c97851b23f","issued_at":"2026-09-10T04:18:48.716Z"}}
FRAME:580:fb3a4f95454efa2e
{"type":"TASK_STAGED","task":{"task_id":"DIFF-TASK-1001-75","title":"Differential Test Task 75","priority":"P1","working_dir":"C:/Users/lol/2026-workspace/courier/scratch/expedition_test_c","required_capability":"WORKSPACE_WRITE","version":1,"state":"STAGED"},"passport":{"task_id":"DIFF-TASK-1001-75","task_version":1,"goal_id":"GOAL-CANONICAL","scope_paths":["c:/users/lol/2026-workspace/courier/scratch/expedition_test_c"],"max_capability":"WORKSPACE_WRITE","signature":"0854a0a27a20d34dfb2081b1fa03c63dc2c0abc8d87b9a0d5be0bc06904b59e5","issued_at":"2026-09-10T04:18:48.716Z"}}
FRAME:590:94eebe71ee8ce7ad
{"type":"TASK_STAGED","task":{"task_id":"DIFF-TASK-1001-76","title":"Differential Test Task 76","priority":"P1","working_dir":"C:/Users/lol/2026-workspace/courier/scratch/expedition_test_a/sub1","required_capability":"WORKSPACE_WRITE","version":1,"state":"STAGED"},"passport":{"task_id":"DIFF-TASK-1001-76","task_version":1,"goal_id":"GOAL-CANONICAL","scope_paths":["c:/users/lol/2026-workspace/courier/scratch/expedition_test_a/sub1"],"max_capability":"WORKSPACE_WRITE","signature":"fcd00db86b524f8ff0eb49c875ba0fd30bd634eb54976d1e96ec523262415097","issued_at":"2026-09-10T04:18:48.716Z"}}
FRAME:590:93b49ded72067ecd
{"type":"TASK_STAGED","task":{"task_id":"DIFF-TASK-1001-77","title":"Differential Test Task 77","priority":"P1","working_dir":"C:/Users/lol/2026-workspace/courier/scratch/expedition_test_a/sub1","required_capability":"WORKSPACE_WRITE","version":1,"state":"STAGED"},"passport":{"task_id":"DIFF-TASK-1001-77","task_version":1,"goal_id":"GOAL-CANONICAL","scope_paths":["c:/users/lol/2026-workspace/courier/scratch/expedition_test_a/sub1"],"max_capability":"WORKSPACE_WRITE","signature":"3205e69153bb68774a723e11c4b55850366d16e5c19daad241c83d9e4a5eb1a7","issued_at":"2026-09-10T04:18:48.717Z"}}
FRAME:580:0f6b64f0ce97901b
{"type":"TASK_STAGED","task":{"task_id":"DIFF-TASK-1001-80","title":"Differential Test Task 80","priority":"P2","working_dir":"C:/Users/lol/2026-workspace/courier/scratch/expedition_test_b","required_capability":"WORKSPACE_WRITE","version":1,"state":"STAGED"},"passport":{"task_id":"DIFF-TASK-1001-80","task_version":1,"goal_id":"GOAL-CANONICAL","scope_paths":["c:/users/lol/2026-workspace/courier/scratch/expedition_test_b"],"max_capability":"WORKSPACE_WRITE","signature":"7ce6cee660b3a8244ac75d74d278dbb0b52f1299bf0e348d98a7e9f654619d75","issued_at":"2026-09-10T04:18:48.717Z"}}
FRAME:572:9264602c13a8fd46
{"type":"TASK_STAGED","task":{"task_id":"DIFF-TASK-1001-83","title":"Differential Test Task 83","priority":"P0","working_dir":"C:/Users/lol/2026-workspace/courier/scratch/expedition_test_b","required_capability":"EXTERNAL_FS","version":1,"state":"STAGED"},"passport":{"task_id":"DIFF-TASK-1001-83","task_version":1,"goal_id":"GOAL-CANONICAL","scope_paths":["c:/users/lol/2026-workspace/courier/scratch/expedition_test_b"],"max_capability":"EXTERNAL_FS","signature":"2ca4c7397e2c90ac6917259da9c458499c4d1f9e64885649a2e549aba6e2370e","issued_at":"2026-09-10T04:18:48.717Z"}}
FRAME:590:f61cf1cedd895afb
{"type":"TASK_STAGED","task":{"task_id":"DIFF-TASK-1001-86","title":"Differential Test Task 86","priority":"P2","working_dir":"C:/Users/lol/2026-workspace/courier/scratch/expedition_test_a/sub1","required_capability":"WORKSPACE_WRITE","version":1,"state":"STAGED"},"passport":{"task_id":"DIFF-TASK-1001-86","task_version":1,"goal_id":"GOAL-CANONICAL","scope_paths":["c:/users/lol/2026-workspace/courier/scratch/expedition_test_a/sub1"],"max_capability":"WORKSPACE_WRITE","signature":"56a6d5782ad42ab23ba89150718f5fb0df7331233b263a3fe2f363641ab121e5","issued_at":"2026-09-10T04:18:48.718Z"}}
FRAME:580:a2b9bf3eb79e691b
{"type":"TASK_STAGED","task":{"task_id":"DIFF-TASK-1001-90","title":"Differential Test Task 90","priority":"P2","working_dir":"C:/Users/lol/2026-workspace/courier/scratch/expedition_test_a","required_capability":"WORKSPACE_WRITE","version":1,"state":"STAGED"},"passport":{"task_id":"DIFF-TASK-1001-90","task_version":1,"goal_id":"GOAL-CANONICAL","scope_paths":["c:/users/lol/2026-workspace/courier/scratch/expedition_test_a"],"max_capability":"WORKSPACE_WRITE","signature":"308a27354bec95f6c4b2d5a84cfa44cc1033a665956dc59c584f2abfcd1c5fe7","issued_at":"2026-09-10T04:18:48.718Z"}}
FRAME:572:f99f153f980c0aa9
{"type":"TASK_STAGED","task":{"task_id":"DIFF-TASK-1001-91","title":"Differential Test Task 91","priority":"P1","working_dir":"C:/Users/lol/2026-workspace/courier/scratch/expedition_test_c","required_capability":"EXTERNAL_FS","version":1,"state":"STAGED"},"passport":{"task_id":"DIFF-TASK-1001-91","task_version":1,"goal_id":"GOAL-CANONICAL","scope_paths":["c:/users/lol/2026-workspace/courier/scratch/expedition_test_c"],"max_capability":"EXTERNAL_FS","signature":"44cd5e0e1236f97e553ea5bc6adf00cbf773e7c00404ee48a9289492fd81564f","issued_at":"2026-09-10T04:18:48.719Z"}}
FRAME:602:f3bb7ac38bfb3310
{"type":"TASK_STAGED","task":{"task_id":"DIFF-TASK-1001-95","title":"Differential Test Task 95","priority":"P1","working_dir":"C:/Users/lol/2026-workspace/courier/scratch/expedition_test_c/data/cache","required_capability":"WORKSPACE_WRITE","version":1,"state":"STAGED"},"passport":{"task_id":"DIFF-TASK-1001-95","task_version":1,"goal_id":"GOAL-CANONICAL","scope_paths":["c:/users/lol/2026-workspace/courier/scratch/expedition_test_c/data/cache"],"max_capability":"WORKSPACE_WRITE","signature":"e1fd4b0a28a2a51ba5a8d4c4d2305c49b19e0ec784dbbc624de7427aee280fe4","issued_at":"2026-09-10T04:18:48.719Z"}}
FRAME:580:ccc44738b78fc071
{"type":"TASK_STAGED","task":{"task_id":"DIFF-TASK-1001-96","title":"Differential Test Task 96","priority":"P2","working_dir":"C:/Users/lol/2026-workspace/courier/scratch/expedition_test_b","required_capability":"WORKSPACE_WRITE","version":1,"state":"STAGED"},"passport":{"task_id":"DIFF-TASK-1001-96","task_version":1,"goal_id":"GOAL-CANONICAL","scope_paths":["c:/users/lol/2026-workspace/courier/scratch/expedition_test_b"],"max_capability":"WORKSPACE_WRITE","signature":"1c99886e119d02c2d66c92b5e02bb3d5eb5ee107785e2ac6459fea6583454a07","issued_at":"2026-09-10T04:18:48.719Z"}}
FRAME:580:4d683e0ac2cde312
{"type":"TASK_STAGED","task":{"task_id":"DIFF-TASK-1001-97","title":"Differential Test Task 97","priority":"P0","working_dir":"C:/Users/lol/2026-workspace/courier/scratch/expedition_test_b","required_capability":"WORKSPACE_WRITE","version":1,"state":"STAGED"},"passport":{"task_id":"DIFF-TASK-1001-97","task_version":1,"goal_id":"GOAL-CANONICAL","scope_paths":["c:/users/lol/2026-workspace/courier/scratch/expedition_test_b"],"max_capability":"WORKSPACE_WRITE","signature":"6e86f2c78e47d6224c4863d359e765f45767e13b55cea6998b918516fdedf4b6","issued_at":"2026-09-10T04:18:48.720Z"}}
FRAME:605:05a1b5a47ee87d44
{"type":"TASK_STAGED","task":{"task_id":"DIFF-TASK-1001-100","title":"Differential Test Task 100","priority":"P2","working_dir":"C:/Users/lol/2026-workspace/courier/scratch/expedition_test_c/data/cache","required_capability":"WORKSPACE_WRITE","version":1,"state":"STAGED"},"passport":{"task_id":"DIFF-TASK-1001-100","task_version":1,"goal_id":"GOAL-CANONICAL","scope_paths":["c:/users/lol/2026-workspace/courier/scratch/expedition_test_c/data/cache"],"max_capability":"WORKSPACE_WRITE","signature":"c9eee49c2a1b5f844d72e737c9c0c28995d1688c4d148a650b0849843c2e2aa1","issued_at":"2026-09-10T04:18:48.720Z"}}
FRAME:605:68246b175d716413
{"type":"TASK_STAGED","task":{"task_id":"DIFF-TASK-1001-102","title":"Differential Test Task 102","priority":"P2","working_dir":"C:/Users/lol/2026-workspace/courier/scratch/expedition_test_c/data/cache","required_capability":"WORKSPACE_WRITE","version":1,"state":"STAGED"},"passport":{"task_id":"DIFF-TASK-1001-102","task_version":1,"goal_id":"GOAL-CANONICAL","scope_paths":["c:/users/lol/2026-workspace/courier/scratch/expedition_test_c/data/cache"],"max_capability":"WORKSPACE_WRITE","signature":"69430a447fe339dd1c4a78ffb395cbeb2b685679581a91fde7355be1add4ecac","issued_at":"2026-09-10T04:18:48.720Z"}}
FRAME:122:aeda76aec7f2bb23
{"type":"TASK_DISPATCHED","task_id":"DIFF-TASK-1001-76","worker_id":"WORKER-105","lease_id":"LEASE-V2-1789013928721-3604"}
FRAME:78:02232de1b6e55659
{"type":"TASK_COMPLETED","task_id":"DIFF-TASK-1001-76","verified_artifacts":2}
FRAME:593:63bb64f6b47a7001
{"type":"TASK_STAGED","task":{"task_id":"DIFF-TASK-1001-107","title":"Differential Test Task 107","priority":"P1","working_dir":"C:/Users/lol/2026-workspace/courier/scratch/expedition_test_b/logs","required_capability":"WORKSPACE_WRITE","version":1,"state":"STAGED"},"passport":{"task_id":"DIFF-TASK-1001-107","task_version":1,"goal_id":"GOAL-CANONICAL","scope_paths":["c:/users/lol/2026-workspace/courier/scratch/expedition_test_b/logs"],"max_capability":"WORKSPACE_WRITE","signature":"eff2559a15487e5ee18a506f05ccd1477257fc1e68c16f62f97850ec77dae505","issued_at":"2026-09-10T04:18:48.721Z"}}
FRAME:122:561effb8d4b0f47f
{"type":"TASK_DISPATCHED","task_id":"DIFF-TASK-1001-77","worker_id":"WORKER-108","lease_id":"LEASE-V2-1789013928722-7331"}
FRAME:583:8a5941dbfaec0dbf
{"type":"TASK_STAGED","task":{"task_id":"DIFF-TASK-1001-109","title":"Differential Test Task 109","priority":"P2","working_dir":"C:/Users/lol/2026-workspace/courier/scratch/expedition_test_c","required_capability":"WORKSPACE_WRITE","version":1,"state":"STAGED"},"passport":{"task_id":"DIFF-TASK-1001-109","task_version":1,"goal_id":"GOAL-CANONICAL","scope_paths":["c:/users/lol/2026-workspace/courier/scratch/expedition_test_c"],"max_capability":"WORKSPACE_WRITE","signature":"f967af98cbd4847ef2396b4782effb331a8c2972f3459697afeab5e0c3db347a","issued_at":"2026-09-10T04:18:48.722Z"}}
FRAME:583:4e2122f64b9482d1
{"type":"TASK_STAGED","task":{"task_id":"DIFF-TASK-1001-110","title":"Differential Test Task 110","priority":"P0","working_dir":"C:/Users/lol/2026-workspace/courier/scratch/expedition_test_a","required_capability":"WORKSPACE_WRITE","version":1,"state":"STAGED"},"passport":{"task_id":"DIFF-TASK-1001-110","task_version":1,"goal_id":"GOAL-CANONICAL","scope_paths":["c:/users/lol/2026-workspace/courier/scratch/expedition_test_a"],"max_capability":"WORKSPACE_WRITE","signature":"138c17130c1a2c356ee5baf70553aa4e723383f4fd08a3d4a09f0376cc7d5b04","issued_at":"2026-09-10T04:18:48.722Z"}}
FRAME:585:480de2a534928b8e
{"type":"TASK_STAGED","task":{"task_id":"DIFF-TASK-1001-111","title":"Differential Test Task 111","priority":"P2","working_dir":"C:/Users/lol/2026-workspace/courier/scratch/expedition_test_b/logs","required_capability":"EXTERNAL_FS","version":1,"state":"STAGED"},"passport":{"task_id":"DIFF-TASK-1001-111","task_version":1,"goal_id":"GOAL-CANONICAL","scope_paths":["c:/users/lol/2026-workspace/courier/scratch/expedition_test_b/logs"],"max_capability":"EXTERNAL_FS","signature":"39b9cf9b3a67cf6ab7ea649b259a503cc090fa33dcf49cdc493cfcada0560ec7","issued_at":"2026-09-10T04:18:48.723Z"}}
FRAME:605:1297c10cfa722bbd
{"type":"TASK_STAGED","task":{"task_id":"DIFF-TASK-1001-113","title":"Differential Test Task 113","priority":"P0","working_dir":"C:/Users/lol/2026-workspace/courier/scratch/expedition_test_c/data/cache","required_capability":"WORKSPACE_WRITE","version":1,"state":"STAGED"},"passport":{"task_id":"DIFF-TASK-1001-113","task_version":1,"goal_id":"GOAL-CANONICAL","scope_paths":["c:/users/lol/2026-workspace/courier/scratch/expedition_test_c/data/cache"],"max_capability":"WORKSPACE_WRITE","signature":"9d9a389b2d6524b7e7e9aaae560c6fe2d303960a55cbcafb57cde7ad7d8da337","issued_at":"2026-09-10T04:18:48.723Z"}}
FRAME:583:822db0b5c3673fc5
{"type":"TASK_STAGED","task":{"task_id":"DIFF-TASK-1001-116","title":"Differential Test Task 116","priority":"P2","working_dir":"C:/Users/lol/2026-workspace/courier/scratch/expedition_test_b","required_capability":"WORKSPACE_WRITE","version":1,"state":"STAGED"},"passport":{"task_id":"DIFF-TASK-1001-116","task_version":1,"goal_id":"GOAL-CANONICAL","scope_paths":["c:/users/lol/2026-workspace/courier/scratch/expedition_test_b"],"max_capability":"WORKSPACE_WRITE","signature":"f0b66aeb6d403c3be2a1cf0168ff959e9c44c5ca6d9771e855dc735b344cd74b","issued_at":"2026-09-10T04:18:48.723Z"}}
FRAME:593:7449387892289658
{"type":"TASK_STAGED","task":{"task_id":"DIFF-TASK-1001-120","title":"Differential Test Task 120","priority":"P2","working_dir":"C:/Users/lol/2026-workspace/courier/scratch/expedition_test_b/logs","required_capability":"WORKSPACE_WRITE","version":1,"state":"STAGED"},"passport":{"task_id":"DIFF-TASK-1001-120","task_version":1,"goal_id":"GOAL-CANONICAL","scope_paths":["c:/users/lol/2026-workspace/courier/scratch/expedition_test_b/logs"],"max_capability":"WORKSPACE_WRITE","signature":"7e8c61c8b27f5645f2ccbbffcf1aabc183f1d1ddf2933ab04294b99524d932db","issued_at":"2026-09-10T04:18:48.724Z"}}
FRAME:593:af14463240d65d03
{"type":"TASK_STAGED","task":{"task_id":"DIFF-TASK-1001-124","title":"Differential Test Task 124","priority":"P1","working_dir":"C:/Users/lol/2026-workspace/courier/scratch/expedition_test_b/logs","required_capability":"WORKSPACE_WRITE","version":1,"state":"STAGED"},"passport":{"task_id":"DIFF-TASK-1001-124","task_version":1,"goal_id":"GOAL-CANONICAL","scope_paths":["c:/users/lol/2026-workspace/courier/scratch/expedition_test_b/logs"],"max_capability":"WORKSPACE_WRITE","signature":"27e15d994a639f49a1481b5ac31cd07f65cbca93d20d64b10e714493e6a90857","issued_at":"2026-09-10T04:18:48.724Z"}}
FRAME:593:c0520c8cbd883e67
{"type":"TASK_STAGED","task":{"task_id":"DIFF-TASK-1001-125","title":"Differential Test Task 125","priority":"P1","working_dir":"C:/Users/lol/2026-workspace/courier/scratch/expedition_test_b/logs","required_capability":"WORKSPACE_WRITE","version":1,"state":"STAGED"},"passport":{"task_id":"DIFF-TASK-1001-125","task_version":1,"goal_id":"GOAL-CANONICAL","scope_paths":["c:/users/lol/2026-workspace/courier/scratch/expedition_test_b/logs"],"max_capability":"WORKSPACE_WRITE","signature":"589dfd4e41acaf9a90e289d22255c5eaddfd0a8e7b781eb9ac56ac2c4b9bbad6","issued_at":"2026-09-10T04:18:48.724Z"}}
FRAME:593:681be9b0588b6272
{"type":"TASK_STAGED","task":{"task_id":"DIFF-TASK-1001-127","title":"Differential Test Task 127","priority":"P1","working_dir":"C:/Users/lol/2026-workspace/courier/scratch/expedition_test_b/logs","required_capability":"WORKSPACE_WRITE","version":1,"state":"STAGED"},"passport":{"task_id":"DIFF-TASK-1001-127","task_version":1,"goal_id":"GOAL-CANONICAL","scope_paths":["c:/users/lol/2026-workspace/courier/scratch/expedition_test_b/logs"],"max_capability":"WORKSPACE_WRITE","signature":"e719972847698a923aed180da7a14cf11abf9667891fe8d1c988d1ba59d8b78a","issued_at":"2026-09-10T04:18:48.725Z"}}
FRAME:605:da8d6e6774500202
{"type":"TASK_STAGED","task":{"task_id":"DIFF-TASK-1001-131","title":"Differential Test Task 131","priority":"P2","working_dir":"C:/Users/lol/2026-workspace/courier/scratch/expedition_test_c/data/cache","required_capability":"WORKSPACE_WRITE","version":1,"state":"STAGED"},"passport":{"task_id":"DIFF-TASK-1001-131","task_version":1,"goal_id":"GOAL-CANONICAL","scope_paths":["c:/users/lol/2026-workspace/courier/scratch/expedition_test_c/data/cache"],"max_capability":"WORKSPACE_WRITE","signature":"1ea18fea5066b88b917da643c4d98725da5fed82e7074b5ecf81b62b0ddb923e","issued_at":"2026-09-10T04:18:48.726Z"}}
FRAME:583:f58f5f3bff538856
{"type":"TASK_STAGED","task":{"task_id":"DIFF-TASK-1001-133","title":"Differential Test Task 133","priority":"P2","working_dir":"C:/Users/lol/2026-workspace/courier/scratch/expedition_test_a","required_capability":"WORKSPACE_WRITE","version":1,"state":"STAGED"},"passport":{"task_id":"DIFF-TASK-1001-133","task_version":1,"goal_id":"GOAL-CANONICAL","scope_paths":["c:/users/lol/2026-workspace/courier/scratch/expedition_test_a"],"max_capability":"WORKSPACE_WRITE","signature":"c1e969bf786d705460150313434ae48c52850cd1fce1f3ae78107f4b05fbf777","issued_at":"2026-09-10T04:18:48.727Z"}}
FRAME:605:e36de6cf9fe3a77c
{"type":"TASK_STAGED","task":{"task_id":"DIFF-TASK-1001-134","title":"Differential Test Task 134","priority":"P2","working_dir":"C:/Users/lol/2026-workspace/courier/scratch/expedition_test_c/data/cache","required_capability":"WORKSPACE_WRITE","version":1,"state":"STAGED"},"passport":{"task_id":"DIFF-TASK-1001-134","task_version":1,"goal_id":"GOAL-CANONICAL","scope_paths":["c:/users/lol/2026-workspace/courier/scratch/expedition_test_c/data/cache"],"max_capability":"WORKSPACE_WRITE","signature":"4c75ba9979f4da79ef23cd728067b00f66c61fa9c4c09d135163b44225bd44b5","issued_at":"2026-09-10T04:18:48.727Z"}}
FRAME:605:65951ef56c938a1e
{"type":"TASK_STAGED","task":{"task_id":"DIFF-TASK-1001-135","title":"Differential Test Task 135","priority":"P1","working_dir":"C:/Users/lol/2026-workspace/courier/scratch/expedition_test_c/data/cache","required_capability":"WORKSPACE_WRITE","version":1,"state":"STAGED"},"passport":{"task_id":"DIFF-TASK-1001-135","task_version":1,"goal_id":"GOAL-CANONICAL","scope_paths":["c:/users/lol/2026-workspace/courier/scratch/expedition_test_c/data/cache"],"max_capability":"WORKSPACE_WRITE","signature":"c3471d2abe8c54752b3b607ee516415133614da975909227da4f6d0ef65c06b7","issued_at":"2026-09-10T04:18:48.727Z"}}
FRAME:583:1183b2f48033e6a2
{"type":"TASK_STAGED","task":{"task_id":"DIFF-TASK-1001-137","title":"Differential Test Task 137","priority":"P1","working_dir":"C:/Users/lol/2026-workspace/courier/scratch/expedition_test_a","required_capability":"WORKSPACE_WRITE","version":1,"state":"STAGED"},"passport":{"task_id":"DIFF-TASK-1001-137","task_version":1,"goal_id":"GOAL-CANONICAL","scope_paths":["c:/users/lol/2026-workspace/courier/scratch/expedition_test_a"],"max_capability":"WORKSPACE_WRITE","signature":"dbe971c4c73ca34e76c2bccecd8e32543a9de24f6494e41212fc6d8f519e9940","issued_at":"2026-09-10T04:18:48.728Z"}}
FRAME:593:2fd64b12c70ec120
{"type":"TASK_STAGED","task":{"task_id":"DIFF-TASK-1001-140","title":"Differential Test Task 140","priority":"P2","working_dir":"C:/Users/lol/2026-workspace/courier/scratch/expedition_test_a/sub1","required_capability":"WORKSPACE_WRITE","version":1,"state":"STAGED"},"passport":{"task_id":"DIFF-TASK-1001-140","task_version":1,"goal_id":"GOAL-CANONICAL","scope_paths":["c:/users/lol/2026-workspace/courier/scratch/expedition_test_a/sub1"],"max_capability":"WORKSPACE_WRITE","signature":"cf12f188288d23fa789a705bbc990892b3d2923dd1e6383237ca50fc4f071e90","issued_at":"2026-09-10T04:18:48.728Z"}}
FRAME:593:37696618d62a8156
{"type":"TASK_STAGED","task":{"task_id":"DIFF-TASK-1001-148","title":"Differential Test Task 148","priority":"P1","working_dir":"C:/Users/lol/2026-workspace/courier/scratch/expedition_test_b/logs","required_capability":"WORKSPACE_WRITE","version":1,"state":"STAGED"},"passport":{"task_id":"DIFF-TASK-1001-148","task_version":1,"goal_id":"GOAL-CANONICAL","scope_paths":["c:/users/lol/2026-workspace/courier/scratch/expedition_test_b/logs"],"max_capability":"WORKSPACE_WRITE","signature":"4c53ca572319f12d5a141e217b5d365ac137a9e769f6122d6795a0d763935450","issued_at":"2026-09-10T04:18:48.729Z"}}
FRAME:583:771a9b111222a271
{"type":"TASK_STAGED","task":{"task_id":"DIFF-TASK-1001-150","title":"Differential Test Task 150","priority":"P1","working_dir":"C:/Users/lol/2026-workspace/courier/scratch/expedition_test_a","required_capability":"WORKSPACE_WRITE","version":1,"state":"STAGED"},"passport":{"task_id":"DIFF-TASK-1001-150","task_version":1,"goal_id":"GOAL-CANONICAL","scope_paths":["c:/users/lol/2026-workspace/courier/scratch/expedition_test_a"],"max_capability":"WORKSPACE_WRITE","signature":"2aac217cf44ffebf917436d2227e8607472d44c5c8182eed8a0ef4b1edf4d484","issued_at":"2026-09-10T04:18:48.729Z"}}
FRAME:583:b409930c84d17627
{"type":"TASK_STAGED","task":{"task_id":"DIFF-TASK-1001-165","title":"Differential Test Task 165","priority":"P2","working_dir":"C:/Users/lol/2026-workspace/courier/scratch/expedition_test_a","required_capability":"WORKSPACE_WRITE","version":1,"state":"STAGED"},"passport":{"task_id":"DIFF-TASK-1001-165","task_version":1,"goal_id":"GOAL-CANONICAL","scope_paths":["c:/users/lol/2026-workspace/courier/scratch/expedition_test_a"],"max_capability":"WORKSPACE_WRITE","signature":"ff0fae7ae78bcd2e62d3db91c24fa23d7b268763c7bcfe6b1492f8f611fac57e","issued_at":"2026-09-10T04:18:48.729Z"}}
FRAME:583:48585c90b7b4c962
{"type":"TASK_STAGED","task":{"task_id":"DIFF-TASK-1001-166","title":"Differential Test Task 166","priority":"P0","working_dir":"C:/Users/lol/2026-workspace/courier/scratch/expedition_test_b","required_capability":"WORKSPACE_WRITE","version":1,"state":"STAGED"},"passport":{"task_id":"DIFF-TASK-1001-166","task_version":1,"goal_id":"GOAL-CANONICAL","scope_paths":["c:/users/lol/2026-workspace/courier/scratch/expedition_test_b"],"max_capability":"WORKSPACE_WRITE","signature":"4c69dc90bf53c42182bd991cb4fba5ef74f08fed3fcc844f7f8f0f65ec0c720c","issued_at":"2026-09-10T04:18:48.730Z"}}
FRAME:593:6c8346a891f060fd
{"type":"TASK_STAGED","task":{"task_id":"DIFF-TASK-1001-167","title":"Differential Test Task 167","priority":"P1","working_dir":"C:/Users/lol/2026-workspace/courier/scratch/expedition_test_a/sub1","required_capability":"WORKSPACE_WRITE","version":1,"state":"STAGED"},"passport":{"task_id":"DIFF-TASK-1001-167","task_version":1,"goal_id":"GOAL-CANONICAL","scope_paths":["c:/users/lol/2026-workspace/courier/scratch/expedition_test_a/sub1"],"max_capability":"WORKSPACE_WRITE","signature":"7e60270a7b4f78e37b2e070689aeceb850c41be222d9790636270721e63aa2c4","issued_at":"2026-09-10T04:18:48.730Z"}}
FRAME:593:f769e9c687c6bec1
{"type":"TASK_STAGED","task":{"task_id":"DIFF-TASK-1001-170","title":"Differential Test Task 170","priority":"P1","working_dir":"C:/Users/lol/2026-workspace/courier/scratch/expedition_test_a/sub1","required_capability":"WORKSPACE_WRITE","version":1,"state":"STAGED"},"passport":{"task_id":"DIFF-TASK-1001-170","task_version":1,"goal_id":"GOAL-CANONICAL","scope_paths":["c:/users/lol/2026-workspace/courier/scratch/expedition_test_a/sub1"],"max_capability":"WORKSPACE_WRITE","signature":"19dedc800f5a76b5f2b6d5b6c98706492612280437539cbfd2e0a8b282472aa2","issued_at":"2026-09-10T04:18:48.730Z"}}
FRAME:605:809cd44e39ff8ece
{"type":"TASK_STAGED","task":{"task_id":"DIFF-TASK-1001-172","title":"Differential Test Task 172","priority":"P0","working_dir":"C:/Users/lol/2026-workspace/courier/scratch/expedition_test_c/data/cache","required_capability":"WORKSPACE_WRITE","version":1,"state":"STAGED"},"passport":{"task_id":"DIFF-TASK-1001-172","task_version":1,"goal_id":"GOAL-CANONICAL","scope_paths":["c:/users/lol/2026-workspace/courier/scratch/expedition_test_c/data/cache"],"max_capability":"WORKSPACE_WRITE","signature":"1b42597ddbec2f19226724e9a6701b7c491fa31fa53681751c7458d64c8c064f","issued_at":"2026-09-10T04:18:48.731Z"}}
FRAME:605:4f126e79994d1291
{"type":"TASK_STAGED","task":{"task_id":"DIFF-TASK-1001-173","title":"Differential Test Task 173","priority":"P0","working_dir":"C:/Users/lol/2026-workspace/courier/scratch/expedition_test_c/data/cache","required_capability":"WORKSPACE_WRITE","version":1,"state":"STAGED"},"passport":{"task_id":"DIFF-TASK-1001-173","task_version":1,"goal_id":"GOAL-CANONICAL","scope_paths":["c:/users/lol/2026-workspace/courier/scratch/expedition_test_c/data/cache"],"max_capability":"WORKSPACE_WRITE","signature":"706751b3af84ce7d14f081d5ca9ce86f8469483be837889a977f3afca54b1704","issued_at":"2026-09-10T04:18:48.731Z"}}
FRAME:593:f37191ed5a371cc6
{"type":"TASK_STAGED","task":{"task_id":"DIFF-TASK-1001-174","title":"Differential Test Task 174","priority":"P1","working_dir":"C:/Users/lol/2026-workspace/courier/scratch/expedition_test_b/logs","required_capability":"WORKSPACE_WRITE","version":1,"state":"STAGED"},"passport":{"task_id":"DIFF-TASK-1001-174","task_version":1,"goal_id":"GOAL-CANONICAL","scope_paths":["c:/users/lol/2026-workspace/courier/scratch/expedition_test_b/logs"],"max_capability":"WORKSPACE_WRITE","signature":"0dcf56bfb985dbd6b566465deba78343b40a0bbdd6c5d2da1b5c0841a35c247a","issued_at":"2026-09-10T04:18:48.731Z"}}
FRAME:583:ca20b309b7c8c008
{"type":"TASK_STAGED","task":{"task_id":"DIFF-TASK-1001-175","title":"Differential Test Task 175","priority":"P0","working_dir":"C:/Users/lol/2026-workspace/courier/scratch/expedition_test_c","required_capability":"WORKSPACE_WRITE","version":1,"state":"STAGED"},"passport":{"task_id":"DIFF-TASK-1001-175","task_version":1,"goal_id":"GOAL-CANONICAL","scope_paths":["c:/users/lol/2026-workspace/courier/scratch/expedition_test_c"],"max_capability":"WORKSPACE_WRITE","signature":"9a2d8701dd6db3506a51551594908ab01c112d33b99e4c4fb51ad8e7c14852cd","issued_at":"2026-09-10T04:18:48.732Z"}}
FRAME:583:be1d274d59273a24
{"type":"TASK_STAGED","task":{"task_id":"DIFF-TASK-1001-178","title":"Differential Test Task 178","priority":"P0","working_dir":"C:/Users/lol/2026-workspace/courier/scratch/expedition_test_c","required_capability":"WORKSPACE_WRITE","version":1,"state":"STAGED"},"passport":{"task_id":"DIFF-TASK-1001-178","task_version":1,"goal_id":"GOAL-CANONICAL","scope_paths":["c:/users/lol/2026-workspace/courier/scratch/expedition_test_c"],"max_capability":"WORKSPACE_WRITE","signature":"f96e846aebb802db60b5a52c3f7628e949925c2cebb92ed798bb12003bc6472d","issued_at":"2026-09-10T04:18:48.732Z"}}
FRAME:583:2670862025404a61
{"type":"TASK_STAGED","task":{"task_id":"DIFF-TASK-1001-179","title":"Differential Test Task 179","priority":"P0","working_dir":"C:/Users/lol/2026-workspace/courier/scratch/expedition_test_a","required_capability":"WORKSPACE_WRITE","version":1,"state":"STAGED"},"passport":{"task_id":"DIFF-TASK-1001-179","task_version":1,"goal_id":"GOAL-CANONICAL","scope_paths":["c:/users/lol/2026-workspace/courier/scratch/expedition_test_a"],"max_capability":"WORKSPACE_WRITE","signature":"2dd6ca7c05994c3bc866305643a6709fd53920cd6f8c856593eeac556bfe3a7c","issued_at":"2026-09-10T04:18:48.732Z"}}
FRAME:583:6eef0e15bc8c86c1
{"type":"TASK_STAGED","task":{"task_id":"DIFF-TASK-1001-180","title":"Differential Test Task 180","priority":"P1","working_dir":"C:/Users/lol/2026-workspace/courier/scratch/expedition_test_b","required_capability":"WORKSPACE_WRITE","version":1,"state":"STAGED"},"passport":{"task_id":"DIFF-TASK-1001-180","task_version":1,"goal_id":"GOAL-CANONICAL","scope_paths":["c:/users/lol/2026-workspace/courier/scratch/expedition_test_b"],"max_capability":"WORKSPACE_WRITE","signature":"f157af4b49b8143c9b9a3bfca2de9c0b6ca36b5f1fc2e53b48fd5aa9c51e3916","issued_at":"2026-09-10T04:18:48.733Z"}}
FRAME:593:277f566967d564b2
{"type":"TASK_STAGED","task":{"task_id":"DIFF-TASK-1001-184","title":"Differential Test Task 184","priority":"P2","working_dir":"C:/Users/lol/2026-workspace/courier/scratch/expedition_test_b/logs","required_capability":"WORKSPACE_WRITE","version":1,"state":"STAGED"},"passport":{"task_id":"DIFF-TASK-1001-184","task_version":1,"goal_id":"GOAL-CANONICAL","scope_paths":["c:/users/lol/2026-workspace/courier/scratch/expedition_test_b/logs"],"max_capability":"WORKSPACE_WRITE","signature":"49b3a26f8bef4a8ae1ee1040583cf61a52d46124751ab19cfe327c0d03aad7bc","issued_at":"2026-09-10T04:18:48.733Z"}}
FRAME:583:74732b5c12a24424
{"type":"TASK_STAGED","task":{"task_id":"DIFF-TASK-1001-186","title":"Differential Test Task 186","priority":"P1","working_dir":"C:/Users/lol/2026-workspace/courier/scratch/expedition_test_b","required_capability":"WORKSPACE_WRITE","version":1,"state":"STAGED"},"passport":{"task_id":"DIFF-TASK-1001-186","task_version":1,"goal_id":"GOAL-CANONICAL","scope_paths":["c:/users/lol/2026-workspace/courier/scratch/expedition_test_b"],"max_capability":"WORKSPACE_WRITE","signature":"18bd8658c67175b7391e4c01a0d5df15561b23d5f2af44ccfb30342cfda80a21","issued_at":"2026-09-10T04:18:48.733Z"}}
FRAME:583:0519875300fbac40
{"type":"TASK_STAGED","task":{"task_id":"DIFF-TASK-1001-187","title":"Differential Test Task 187","priority":"P1","working_dir":"C:/Users/lol/2026-workspace/courier/scratch/expedition_test_b","required_capability":"WORKSPACE_WRITE","version":1,"state":"STAGED"},"passport":{"task_id":"DIFF-TASK-1001-187","task_version":1,"goal_id":"GOAL-CANONICAL","scope_paths":["c:/users/lol/2026-workspace/courier/scratch/expedition_test_b"],"max_capability":"WORKSPACE_WRITE","signature":"3576a7617995ebf6b9ca9018147544f80bc435777beaf51a75257513dfabef71","issued_at":"2026-09-10T04:18:48.734Z"}}
FRAME:583:513fbcaa15f4b539
{"type":"TASK_STAGED","task":{"task_id":"DIFF-TASK-1001-190","title":"Differential Test Task 190","priority":"P2","working_dir":"C:/Users/lol/2026-workspace/courier/scratch/expedition_test_c","required_capability":"WORKSPACE_WRITE","version":1,"state":"STAGED"},"passport":{"task_id":"DIFF-TASK-1001-190","task_version":1,"goal_id":"GOAL-CANONICAL","scope_paths":["c:/users/lol/2026-workspace/courier/scratch/expedition_test_c"],"max_capability":"WORKSPACE_WRITE","signature":"513f3f117aa1d2efe589d61b4f39d44757ae88f18d785c268268d71e6ee48819","issued_at":"2026-09-10T04:18:48.734Z"}}
FRAME:583:27b9915621ac5d16
{"type":"TASK_STAGED","task":{"task_id":"DIFF-TASK-1001-192","title":"Differential Test Task 192","priority":"P2","working_dir":"C:/Users/lol/2026-workspace/courier/scratch/expedition_test_a","required_capability":"WORKSPACE_WRITE","version":1,"state":"STAGED"},"passport":{"task_id":"DIFF-TASK-1001-192","task_version":1,"goal_id":"GOAL-CANONICAL","scope_paths":["c:/users/lol/2026-workspace/courier/scratch/expedition_test_a"],"max_capability":"WORKSPACE_WRITE","signature":"e646d0d415b7501f93af73687996ce45015efd82bb579d7c8fbaeb5bb6e79d36","issued_at":"2026-09-10T04:18:48.734Z"}}
FRAME:593:57c05233d540edcf
{"type":"TASK_STAGED","task":{"task_id":"DIFF-TASK-1001-195","title":"Differential Test Task 195","priority":"P1","working_dir":"C:/Users/lol/2026-workspace/courier/scratch/expedition_test_a/sub1","required_capability":"WORKSPACE_WRITE","version":1,"state":"STAGED"},"passport":{"task_id":"DIFF-TASK-1001-195","task_version":1,"goal_id":"GOAL-CANONICAL","scope_paths":["c:/users/lol/2026-workspace/courier/scratch/expedition_test_a/sub1"],"max_capability":"WORKSPACE_WRITE","signature":"6192714ece81a096ef49c220851ec9df2b1622bcc660a9d5d2d0c6d658821f2a","issued_at":"2026-09-10T04:18:48.735Z"}}
FRAME:583:5a64fe38d493075e
{"type":"TASK_STAGED","task":{"task_id":"DIFF-TASK-1001-197","title":"Differential Test Task 197","priority":"P1","working_dir":"C:/Users/lol/2026-workspace/courier/scratch/expedition_test_c","required_capability":"WORKSPACE_WRITE","version":1,"state":"STAGED"},"passport":{"task_id":"DIFF-TASK-1001-197","task_version":1,"goal_id":"GOAL-CANONICAL","scope_paths":["c:/users/lol/2026-workspace/courier/scratch/expedition_test_c"],"max_capability":"WORKSPACE_WRITE","signature":"ff46a3e3e98e31fb2be1006cf95b7aaa0bcd8aa9e03b1d4be8cdfe825b43a737","issued_at":"2026-09-10T04:18:48.735Z"}}
FRAME:583:b662dfc144ced6f6
{"type":"TASK_STAGED","task":{"task_id":"DIFF-TASK-1001-202","title":"Differential Test Task 202","priority":"P2","working_dir":"C:/Users/lol/2026-workspace/courier/scratch/expedition_test_b","required_capability":"WORKSPACE_WRITE","version":1,"state":"STAGED"},"passport":{"task_id":"DIFF-TASK-1001-202","task_version":1,"goal_id":"GOAL-CANONICAL","scope_paths":["c:/users/lol/2026-workspace/courier/scratch/expedition_test_b"],"max_capability":"WORKSPACE_WRITE","signature":"a6a0a5a316eff9a9366a6e22796894ef38fde8c5047148efe15a71662da95798","issued_at":"2026-09-10T04:18:48.735Z"}}
FRAME:605:4b2704a6c4ba170b
{"type":"TASK_STAGED","task":{"task_id":"DIFF-TASK-1001-203","title":"Differential Test Task 203","priority":"P1","working_dir":"C:/Users/lol/2026-workspace/courier/scratch/expedition_test_c/data/cache","required_capability":"WORKSPACE_WRITE","version":1,"state":"STAGED"},"passport":{"task_id":"DIFF-TASK-1001-203","task_version":1,"goal_id":"GOAL-CANONICAL","scope_paths":["c:/users/lol/2026-workspace/courier/scratch/expedition_test_c/data/cache"],"max_capability":"WORKSPACE_WRITE","signature":"1c7dea58d0517751077cfdf0e4c24a753f956208d54de7de475a136e16351694","issued_at":"2026-09-10T04:18:48.736Z"}}
FRAME:583:076c8b8fe50faf1a
{"type":"TASK_STAGED","task":{"task_id":"DIFF-TASK-1001-205","title":"Differential Test Task 205","priority":"P0","working_dir":"C:/Users/lol/2026-workspace/courier/scratch/expedition_test_c","required_capability":"WORKSPACE_WRITE","version":1,"state":"STAGED"},"passport":{"task_id":"DIFF-TASK-1001-205","task_version":1,"goal_id":"GOAL-CANONICAL","scope_paths":["c:/users/lol/2026-workspace/courier/scratch/expedition_test_c"],"max_capability":"WORKSPACE_WRITE","signature":"84956fa2b93a5298fffa669eddd0bc4e667fa6518da6f11b51a4eab1f32bcbb0","issued_at":"2026-09-10T04:18:48.736Z"}}
FRAME:583:54fb789222545eb9
{"type":"TASK_STAGED","task":{"task_id":"DIFF-TASK-1001-206","title":"Differential Test Task 206","priority":"P1","working_dir":"C:/Users/lol/2026-workspace/courier/scratch/expedition_test_a","required_capability":"WORKSPACE_WRITE","version":1,"state":"STAGED"},"passport":{"task_id":"DIFF-TASK-1001-206","task_version":1,"goal_id":"GOAL-CANONICAL","scope_paths":["c:/users/lol/2026-workspace/courier/scratch/expedition_test_a"],"max_capability":"WORKSPACE_WRITE","signature":"da939cbe6255352a75810133488a5e0f7ab8ed52dda6a618896294e823434c11","issued_at":"2026-09-10T04:18:48.736Z"}}
FRAME:593:f3baac1d708535c6
{"type":"TASK_STAGED","task":{"task_id":"DIFF-TASK-1001-216","title":"Differential Test Task 216","priority":"P1","working_dir":"C:/Users/lol/2026-workspace/courier/scratch/expedition_test_b/logs","required_capability":"WORKSPACE_WRITE","version":1,"state":"STAGED"},"passport":{"task_id":"DIFF-TASK-1001-216","task_version":1,"goal_id":"GOAL-CANONICAL","scope_paths":["c:/users/lol/2026-workspace/courier/scratch/expedition_test_b/logs"],"max_capability":"WORKSPACE_WRITE","signature":"1440ccec9b4d669a34eb741a5f2449fa83a4bc4647247cfad0525e1047b66e26","issued_at":"2026-09-10T04:18:48.737Z"}}
FRAME:583:cd51e9a8895ab178
{"type":"TASK_STAGED","task":{"task_id":"DIFF-TASK-1001-217","title":"Differential Test Task 217","priority":"P1","working_dir":"C:/Users/lol/2026-workspace/courier/scratch/expedition_test_a","required_capability":"WORKSPACE_WRITE","version":1,"state":"STAGED"},"passport":{"task_id":"DIFF-TASK-1001-217","task_version":1,"goal_id":"GOAL-CANONICAL","scope_paths":["c:/users/lol/2026-workspace/courier/scratch/expedition_test_a"],"max_capability":"WORKSPACE_WRITE","signature":"156a7ef6eb43cbe2a213c2753bce4641d022e408cd6b8d7c0ba38b9bf088d90a","issued_at":"2026-09-10T04:18:48.737Z"}}
FRAME:593:dd79e5fdc942dcb4
{"type":"TASK_STAGED","task":{"task_id":"DIFF-TASK-1001-225","title":"Differential Test Task 225","priority":"P2","working_dir":"C:/Users/lol/2026-workspace/courier/scratch/expedition_test_a/sub1","required_capability":"WORKSPACE_WRITE","version":1,"state":"STAGED"},"passport":{"task_id":"DIFF-TASK-1001-225","task_version":1,"goal_id":"GOAL-CANONICAL","scope_paths":["c:/users/lol/2026-workspace/courier/scratch/expedition_test_a/sub1"],"max_capability":"WORKSPACE_WRITE","signature":"de4e1a892dd9fe73549f6d98e438a3e836be62efa9d6af7e3418a1f01449d242","issued_at":"2026-09-10T04:18:48.737Z"}}
FRAME:593:8b15ce957b9e4b40
{"type":"TASK_STAGED","task":{"task_id":"DIFF-TASK-1001-227","title":"Differential Test Task 227","priority":"P1","working_dir":"C:/Users/lol/2026-workspace/courier/scratch/expedition_test_a/sub1","required_capability":"WORKSPACE_WRITE","version":1,"state":"STAGED"},"passport":{"task_id":"DIFF-TASK-1001-227","task_version":1,"goal_id":"GOAL-CANONICAL","scope_paths":["c:/users/lol/2026-workspace/courier/scratch/expedition_test_a/sub1"],"max_capability":"WORKSPACE_WRITE","signature":"82e40d7c35aad94c065d8ad6338ea81a0ebe965d3411511e385f50b79c1d383e","issued_at":"2026-09-10T04:18:48.738Z"}}
FRAME:605:0ee16ae6eaf6673a
{"type":"TASK_STAGED","task":{"task_id":"DIFF-TASK-1001-228","title":"Differential Test Task 228","priority":"P2","working_dir":"C:/Users/lol/2026-workspace/courier/scratch/expedition_test_c/data/cache","required_capability":"WORKSPACE_WRITE","version":1,"state":"STAGED"},"passport":{"task_id":"DIFF-TASK-1001-228","task_version":1,"goal_id":"GOAL-CANONICAL","scope_paths":["c:/users/lol/2026-workspace/courier/scratch/expedition_test_c/data/cache"],"max_capability":"WORKSPACE_WRITE","signature":"63850f4c68b5e9ecfb8728803bfd40df0f1194f972de3f97c43ba06e2e827a06","issued_at":"2026-09-10T04:18:48.738Z"}}
FRAME:605:a5096a337d17fbe1
{"type":"TASK_STAGED","task":{"task_id":"DIFF-TASK-1001-230","title":"Differential Test Task 230","priority":"P1","working_dir":"C:/Users/lol/2026-workspace/courier/scratch/expedition_test_c/data/cache","required_capability":"WORKSPACE_WRITE","version":1,"state":"STAGED"},"passport":{"task_id":"DIFF-TASK-1001-230","task_version":1,"goal_id":"GOAL-CANONICAL","scope_paths":["c:/users/lol/2026-workspace/courier/scratch/expedition_test_c/data/cache"],"max_capability":"WORKSPACE_WRITE","signature":"3047f95aa60c236850357b7dddf3da534b4fb9559aff64c1aa16bd3d29ef6796","issued_at":"2026-09-10T04:18:48.738Z"}}
FRAME:593:0f24254d0bcdc478
{"type":"TASK_STAGED","task":{"task_id":"DIFF-TASK-1001-231","title":"Differential Test Task 231","priority":"P1","working_dir":"C:/Users/lol/2026-workspace/courier/scratch/expedition_test_a/sub1","required_capability":"WORKSPACE_WRITE","version":1,"state":"STAGED"},"passport":{"task_id":"DIFF-TASK-1001-231","task_version":1,"goal_id":"GOAL-CANONICAL","scope_paths":["c:/users/lol/2026-workspace/courier/scratch/expedition_test_a/sub1"],"max_capability":"WORKSPACE_WRITE","signature":"8c9fe1c45441f4a031f4da05a1b0f9fd9f23f188e466cdecd6f700c3873673ff","issued_at":"2026-09-10T04:18:48.738Z"}}
FRAME:593:239b570a91637c40
{"type":"TASK_STAGED","task":{"task_id":"DIFF-TASK-1001-233","title":"Differential Test Task 233","priority":"P1","working_dir":"C:/Users/lol/2026-workspace/courier/scratch/expedition_test_b/logs","required_capability":"WORKSPACE_WRITE","version":1,"state":"STAGED"},"passport":{"task_id":"DIFF-TASK-1001-233","task_version":1,"goal_id":"GOAL-CANONICAL","scope_paths":["c:/users/lol/2026-workspace/courier/scratch/expedition_test_b/logs"],"max_capability":"WORKSPACE_WRITE","signature":"9c0c016fd0fcc8a80a0914bee5c59221c0731d5be2f0bb1fc92ca65d3c3bb7e3","issued_at":"2026-09-10T04:18:48.739Z"}}
FRAME:593:c5fb8c830f6da568
{"type":"TASK_STAGED","task":{"task_id":"DIFF-TASK-1001-234","title":"Differential Test Task 234","priority":"P1","working_dir":"C:/Users/lol/2026-workspace/courier/scratch/expedition_test_a/sub1","required_capability":"WORKSPACE_WRITE","version":1,"state":"STAGED"},"passport":{"task_id":"DIFF-TASK-1001-234","task_version":1,"goal_id":"GOAL-CANONICAL","scope_paths":["c:/users/lol/2026-workspace/courier/scratch/expedition_test_a/sub1"],"max_capability":"WORKSPACE_WRITE","signature":"1984e405d1a4684f92cae1b3d0263ec54a5ef215790d4169aa9afe0012837460","issued_at":"2026-09-10T04:18:48.739Z"}}
FRAME:605:f3a6bb0cf6b74448
{"type":"TASK_STAGED","task":{"task_id":"DIFF-TASK-1001-238","title":"Differential Test Task 238","priority":"P2","working_dir":"C:/Users/lol/2026-workspace/courier/scratch/expedition_test_c/data/cache","required_capability":"WORKSPACE_WRITE","version":1,"state":"STAGED"},"passport":{"task_id":"DIFF-TASK-1001-238","task_version":1,"goal_id":"GOAL-CANONICAL","scope_paths":["c:/users/lol/2026-workspace/courier/scratch/expedition_test_c/data/cache"],"max_capability":"WORKSPACE_WRITE","signature":"7148b39e4192c853d3ad11e07164d12c895c097d71e2b23408eed92b6855dd8c","issued_at":"2026-09-10T04:18:48.739Z"}}
FRAME:593:3ab9deae112cf463
{"type":"TASK_STAGED","task":{"task_id":"DIFF-TASK-1001-242","title":"Differential Test Task 242","priority":"P1","working_dir":"C:/Users/lol/2026-workspace/courier/scratch/expedition_test_a/sub1","required_capability":"WORKSPACE_WRITE","version":1,"state":"STAGED"},"passport":{"task_id":"DIFF-TASK-1001-242","task_version":1,"goal_id":"GOAL-CANONICAL","scope_paths":["c:/users/lol/2026-workspace/courier/scratch/expedition_test_a/sub1"],"max_capability":"WORKSPACE_WRITE","signature":"6a9274c6598c36b84b68798621d3f62995e4ac4a0f53bdc846e62854b05a3f5a","issued_at":"2026-09-10T04:18:48.740Z"}}
FRAME:605:aafcdb7478017ed3
{"type":"TASK_STAGED","task":{"task_id":"DIFF-TASK-1001-249","title":"Differential Test Task 249","priority":"P1","working_dir":"C:/Users/lol/2026-workspace/courier/scratch/expedition_test_c/data/cache","required_capability":"WORKSPACE_WRITE","version":1,"state":"STAGED"},"passport":{"task_id":"DIFF-TASK-1001-249","task_version":1,"goal_id":"GOAL-CANONICAL","scope_paths":["c:/users/lol/2026-workspace/courier/scratch/expedition_test_c/data/cache"],"max_capability":"WORKSPACE_WRITE","signature":"bd25be6a97039a2821fdc61bdb17b10d3e18d87f120f5733058775ab4a530626","issued_at":"2026-09-10T04:18:48.740Z"}}
FRAME:605:5921a0cab79c4312
{"type":"TASK_STAGED","task":{"task_id":"DIFF-TASK-1001-250","title":"Differential Test Task 250","priority":"P2","working_dir":"C:/Users/lol/2026-workspace/courier/scratch/expedition_test_c/data/cache","required_capability":"WORKSPACE_WRITE","version":1,"state":"STAGED"},"passport":{"task_id":"DIFF-TASK-1001-250","task_version":1,"goal_id":"GOAL-CANONICAL","scope_paths":["c:/users/lol/2026-workspace/courier/scratch/expedition_test_c/data/cache"],"max_capability":"WORKSPACE_WRITE","signature":"5a0b8a948a7962c5ea060fa85e2bc2f8a20cc96a2f28a12ffe62b9e8eb8703e1","issued_at":"2026-09-10T04:18:48.741Z"}}
FRAME:593:a97040b18c27fb5c
{"type":"TASK_STAGED","task":{"task_id":"DIFF-TASK-1001-251","title":"Differential Test Task 251","priority":"P0","working_dir":"C:/Users/lol/2026-workspace/courier/scratch/expedition_test_a/sub1","required_capability":"WORKSPACE_WRITE","version":1,"state":"STAGED"},"passport":{"task_id":"DIFF-TASK-1001-251","task_version":1,"goal_id":"GOAL-CANONICAL","scope_paths":["c:/users/lol/2026-workspace/courier/scratch/expedition_test_a/sub1"],"max_capability":"WORKSPACE_WRITE","signature":"6e3875c4ce755ce79eb56709ddba0a399e9b6849d2de5df4ae4f92280a2afbc2","issued_at":"2026-09-10T04:18:48.741Z"}}
FRAME:593:563ff7cf8b6b1348
{"type":"TASK_STAGED","task":{"task_id":"DIFF-TASK-1001-254","title":"Differential Test Task 254","priority":"P1","working_dir":"C:/Users/lol/2026-workspace/courier/scratch/expedition_test_b/logs","required_capability":"WORKSPACE_WRITE","version":1,"state":"STAGED"},"passport":{"task_id":"DIFF-TASK-1001-254","task_version":1,"goal_id":"GOAL-CANONICAL","scope_paths":["c:/users/lol/2026-workspace/courier/scratch/expedition_test_b/logs"],"max_capability":"WORKSPACE_WRITE","signature":"aaf8fae52d95411d584ec659566fc9bc5a8bb6e1b9c7f3e6056b16225c09b3db","issued_at":"2026-09-10T04:18:48.741Z"}}
FRAME:583:4f24faea96aa6280
{"type":"TASK_STAGED","task":{"task_id":"DIFF-TASK-1001-257","title":"Differential Test Task 257","priority":"P1","working_dir":"C:/Users/lol/2026-workspace/courier/scratch/expedition_test_b","required_capability":"WORKSPACE_WRITE","version":1,"state":"STAGED"},"passport":{"task_id":"DIFF-TASK-1001-257","task_version":1,"goal_id":"GOAL-CANONICAL","scope_paths":["c:/users/lol/2026-workspace/courier/scratch/expedition_test_b"],"max_capability":"WORKSPACE_WRITE","signature":"49a33e04d6d793a7716c64f1e9bd31ba87fe45e39ca7dcfa33d60b477fb7e002","issued_at":"2026-09-10T04:18:48.742Z"}}
FRAME:593:d799656304f0ac5e
{"type":"TASK_STAGED","task":{"task_id":"DIFF-TASK-1001-258","title":"Differential Test Task 258","priority":"P2","working_dir":"C:/Users/lol/2026-workspace/courier/scratch/expedition_test_a/sub1","required_capability":"WORKSPACE_WRITE","version":1,"state":"STAGED"},"passport":{"task_id":"DIFF-TASK-1001-258","task_version":1,"goal_id":"GOAL-CANONICAL","scope_paths":["c:/users/lol/2026-workspace/courier/scratch/expedition_test_a/sub1"],"max_capability":"WORKSPACE_WRITE","signature":"179ee69df572ae6c2c57d461a7767c990c6593191ae520f353ba578567dc5663","issued_at":"2026-09-10T04:18:48.742Z"}}
FRAME:583:150bf165b7f3b5fd
{"type":"TASK_STAGED","task":{"task_id":"DIFF-TASK-1001-260","title":"Differential Test Task 260","priority":"P0","working_dir":"C:/Users/lol/2026-workspace/courier/scratch/expedition_test_c","required_capability":"WORKSPACE_WRITE","version":1,"state":"STAGED"},"passport":{"task_id":"DIFF-TASK-1001-260","task_version":1,"goal_id":"GOAL-CANONICAL","scope_paths":["c:/users/lol/2026-workspace/courier/scratch/expedition_test_c"],"max_capability":"WORKSPACE_WRITE","signature":"1af6eff3e8b1db4b28c4b072bf06f18f243a042dadb095d74887903879b850fd","issued_at":"2026-09-10T04:18:48.742Z"}}
FRAME:583:7ba75ab51f314b5b
{"type":"TASK_STAGED","task":{"task_id":"DIFF-TASK-1001-261","title":"Differential Test Task 261","priority":"P0","working_dir":"C:/Users/lol/2026-workspace/courier/scratch/expedition_test_b","required_capability":"WORKSPACE_WRITE","version":1,"state":"STAGED"},"passport":{"task_id":"DIFF-TASK-1001-261","task_version":1,"goal_id":"GOAL-CANONICAL","scope_paths":["c:/users/lol/2026-workspace/courier/scratch/expedition_test_b"],"max_capability":"WORKSPACE_WRITE","signature":"27db38a0141aee6a2bdeecc58f256af1460a9b36dab2055f34ff44e43c0fc19c","issued_at":"2026-09-10T04:18:48.742Z"}}
FRAME:583:93124014e43b5fb6
{"type":"TASK_STAGED","task":{"task_id":"DIFF-TASK-1001-262","title":"Differential Test Task 262","priority":"P1","working_dir":"C:/Users/lol/2026-workspace/courier/scratch/expedition_test_b","required_capability":"WORKSPACE_WRITE","version":1,"state":"STAGED"},"passport":{"task_id":"DIFF-TASK-1001-262","task_version":1,"goal_id":"GOAL-CANONICAL","scope_paths":["c:/users/lol/2026-workspace/courier/scratch/expedition_test_b"],"max_capability":"WORKSPACE_WRITE","signature":"b21f7f5a696f0f4aa0eadc58fabb83c3b2270f12bf195e2603a6e0f404afaf6c","issued_at":"2026-09-10T04:18:48.743Z"}}
FRAME:583:08c6825dd5e4a9fa
{"type":"TASK_STAGED","task":{"task_id":"DIFF-TASK-1001-267","title":"Differential Test Task 267","priority":"P0","working_dir":"C:/Users/lol/2026-workspace/courier/scratch/expedition_test_c","required_capability":"WORKSPACE_WRITE","version":1,"state":"STAGED"},"passport":{"task_id":"DIFF-TASK-1001-267","task_version":1,"goal_id":"GOAL-CANONICAL","scope_paths":["c:/users/lol/2026-workspace/courier/scratch/expedition_test_c"],"max_capability":"WORKSPACE_WRITE","signature":"f0fabb5f54f289dd6378c4a2f6aaa922144db22088b98870c7598d0d598faaa3","issued_at":"2026-09-10T04:18:48.743Z"}}
FRAME:583:33074b08fa90c334
{"type":"TASK_STAGED","task":{"task_id":"DIFF-TASK-1001-268","title":"Differential Test Task 268","priority":"P0","working_dir":"C:/Users/lol/2026-workspace/courier/scratch/expedition_test_a","required_capability":"WORKSPACE_WRITE","version":1,"state":"STAGED"},"passport":{"task_id":"DIFF-TASK-1001-268","task_version":1,"goal_id":"GOAL-CANONICAL","scope_paths":["c:/users/lol/2026-workspace/courier/scratch/expedition_test_a"],"max_capability":"WORKSPACE_WRITE","signature":"3c2564eaa75a9bcecb3590a56e27a3e300fce3018223a4f0da9b391787089cf8","issued_at":"2026-09-10T04:18:48.743Z"}}
FRAME:593:38b254af8e28fa17
{"type":"TASK_STAGED","task":{"task_id":"DIFF-TASK-1001-269","title":"Differential Test Task 269","priority":"P2","working_dir":"C:/Users/lol/2026-workspace/courier/scratch/expedition_test_a/sub1","required_capability":"WORKSPACE_WRITE","version":1,"state":"STAGED"},"passport":{"task_id":"DIFF-TASK-1001-269","task_version":1,"goal_id":"GOAL-CANONICAL","scope_paths":["c:/users/lol/2026-workspace/courier/scratch/expedition_test_a/sub1"],"max_capability":"WORKSPACE_WRITE","signature":"be20708e3b794c2ca6c979e6bc30a139f58428bd6f4528e71b55d706f03fff04","issued_at":"2026-09-10T04:18:48.743Z"}}
FRAME:593:071eebbb4ceec627
{"type":"TASK_STAGED","task":{"task_id":"DIFF-TASK-1001-274","title":"Differential Test Task 274","priority":"P2","working_dir":"C:/Users/lol/2026-workspace/courier/scratch/expedition_test_a/sub1","required_capability":"WORKSPACE_WRITE","version":1,"state":"STAGED"},"passport":{"task_id":"DIFF-TASK-1001-274","task_version":1,"goal_id":"GOAL-CANONICAL","scope_paths":["c:/users/lol/2026-workspace/courier/scratch/expedition_test_a/sub1"],"max_capability":"WORKSPACE_WRITE","signature":"531fd6814136fd1a4b879f9651eca1b7b1a61414ddf171dd8f7ff4637e2ff2c1","issued_at":"2026-09-10T04:18:48.744Z"}}
FRAME:593:117443d1aceb8720
{"type":"TASK_STAGED","task":{"task_id":"DIFF-TASK-1001-277","title":"Differential Test Task 277","priority":"P2","working_dir":"C:/Users/lol/2026-workspace/courier/scratch/expedition_test_b/logs","required_capability":"WORKSPACE_WRITE","version":1,"state":"STAGED"},"passport":{"task_id":"DIFF-TASK-1001-277","task_version":1,"goal_id":"GOAL-CANONICAL","scope_paths":["c:/users/lol/2026-workspace/courier/scratch/expedition_test_b/logs"],"max_capability":"WORKSPACE_WRITE","signature":"67de365058b9c48057e10aa745111e7310d9ef50f9f5d5ee5a7ba8b4ad14b5eb","issued_at":"2026-09-10T04:18:48.744Z"}}
FRAME:605:d3879cbdcb4e3fea
{"type":"TASK_STAGED","task":{"task_id":"DIFF-TASK-1001-278","title":"Differential Test Task 278","priority":"P1","working_dir":"C:/Users/lol/2026-workspace/courier/scratch/expedition_test_c/data/cache","required_capability":"WORKSPACE_WRITE","version":1,"state":"STAGED"},"passport":{"task_id":"DIFF-TASK-1001-278","task_version":1,"goal_id":"GOAL-CANONICAL","scope_paths":["c:/users/lol/2026-workspace/courier/scratch/expedition_test_c/data/cache"],"max_capability":"WORKSPACE_WRITE","signature":"375e96e4d3a7f0910de82a2a900d4eb710fd125a60acb7e17705c7cdb4ac963a","issued_at":"2026-09-10T04:18:48.744Z"}}
FRAME:583:559bc11c1732a76c
{"type":"TASK_STAGED","task":{"task_id":"DIFF-TASK-1001-282","title":"Differential Test Task 282","priority":"P1","working_dir":"C:/Users/lol/2026-workspace/courier/scratch/expedition_test_b","required_capability":"WORKSPACE_WRITE","version":1,"state":"STAGED"},"passport":{"task_id":"DIFF-TASK-1001-282","task_version":1,"goal_id":"GOAL-CANONICAL","scope_paths":["c:/users/lol/2026-workspace/courier/scratch/expedition_test_b"],"max_capability":"WORKSPACE_WRITE","signature":"122bea455f833d1b9a773c7666184a626f545a40bf2d58782d332178a56b372d","issued_at":"2026-09-10T04:18:48.745Z"}}
FRAME:575:e497dd9746605cfa
{"type":"TASK_STAGED","task":{"task_id":"DIFF-TASK-1001-283","title":"Differential Test Task 283","priority":"P2","working_dir":"C:/Users/lol/2026-workspace/courier/scratch/expedition_test_b","required_capability":"EXTERNAL_FS","version":1,"state":"STAGED"},"passport":{"task_id":"DIFF-TASK-1001-283","task_version":1,"goal_id":"GOAL-CANONICAL","scope_paths":["c:/users/lol/2026-workspace/courier/scratch/expedition_test_b"],"max_capability":"EXTERNAL_FS","signature":"be38a66af628d3989240afb1b1408b85492968a5da42dcd6ba4bbb35792d13a6","issued_at":"2026-09-10T04:18:48.745Z"}}
FRAME:593:8bd17f6505b7321a
{"type":"TASK_STAGED","task":{"task_id":"DIFF-TASK-1001-287","title":"Differential Test Task 287","priority":"P0","working_dir":"C:/Users/lol/2026-workspace/courier/scratch/expedition_test_a/sub1","required_capability":"WORKSPACE_WRITE","version":1,"state":"STAGED"},"passport":{"task_id":"DIFF-TASK-1001-287","task_version":1,"goal_id":"GOAL-CANONICAL","scope_paths":["c:/users/lol/2026-workspace/courier/scratch/expedition_test_a/sub1"],"max_capability":"WORKSPACE_WRITE","signature":"f20c80b1b48eb42751a1be3efcd90ea4eb74f5c88da4e330f23c671b25937c62","issued_at":"2026-09-10T04:18:48.745Z"}}
FRAME:583:2a2609c00b2089f9
{"type":"TASK_STAGED","task":{"task_id":"DIFF-TASK-1001-290","title":"Differential Test Task 290","priority":"P0","working_dir":"C:/Users/lol/2026-workspace/courier/scratch/expedition_test_b","required_capability":"WORKSPACE_WRITE","version":1,"state":"STAGED"},"passport":{"task_id":"DIFF-TASK-1001-290","task_version":1,"goal_id":"GOAL-CANONICAL","scope_paths":["c:/users/lol/2026-workspace/courier/scratch/expedition_test_b"],"max_capability":"WORKSPACE_WRITE","signature":"c995aa62317fc0b9b218202144326929acc5aa8e1c2bac68d370fd4e8f2b51c1","issued_at":"2026-09-10T04:18:48.745Z"}}
FRAME:583:fa9a6aea8e860ed3
{"type":"TASK_STAGED","task":{"task_id":"DIFF-TASK-1001-291","title":"Differential Test Task 291","priority":"P2","working_dir":"C:/Users/lol/2026-workspace/courier/scratch/expedition_test_b","required_capability":"WORKSPACE_WRITE","version":1,"state":"STAGED"},"passport":{"task_id":"DIFF-TASK-1001-291","task_version":1,"goal_id":"GOAL-CANONICAL","scope_paths":["c:/users/lol/2026-workspace/courier/scratch/expedition_test_b"],"max_capability":"WORKSPACE_WRITE","signature":"63cc2ed38db88888d97d308d69b1809d80830582b960d3773b5bd834fe2da026","issued_at":"2026-09-10T04:18:48.746Z"}}
FRAME:597:ca6df7221ccd8241
{"type":"TASK_STAGED","task":{"task_id":"DIFF-TASK-1001-294","title":"Differential Test Task 294","priority":"P1","working_dir":"C:/Users/lol/2026-workspace/courier/scratch/expedition_test_c/data/cache","required_capability":"EXTERNAL_FS","version":1,"state":"STAGED"},"passport":{"task_id":"DIFF-TASK-1001-294","task_version":1,"goal_id":"GOAL-CANONICAL","scope_paths":["c:/users/lol/2026-workspace/courier/scratch/expedition_test_c/data/cache"],"max_capability":"EXTERNAL_FS","signature":"c77baf904297d2b5ab39f23553c79a7af6543d13e486ec6592cff34cd0f3cec4","issued_at":"2026-09-10T04:18:48.746Z"}}
FRAME:605:110b5eb2f0f9c423
{"type":"TASK_STAGED","task":{"task_id":"DIFF-TASK-1001-296","title":"Differential Test Task 296","priority":"P0","working_dir":"C:/Users/lol/2026-workspace/courier/scratch/expedition_test_c/data/cache","required_capability":"WORKSPACE_WRITE","version":1,"state":"STAGED"},"passport":{"task_id":"DIFF-TASK-1001-296","task_version":1,"goal_id":"GOAL-CANONICAL","scope_paths":["c:/users/lol/2026-workspace/courier/scratch/expedition_test_c/data/cache"],"max_capability":"WORKSPACE_WRITE","signature":"384ad91ac3ae81169a1be4d33b89a31bf4f615457dfed2b8385ed2f5b78e52db","issued_at":"2026-09-10T04:18:48.746Z"}}
FRAME:585:c54ac6a5da40ae2e
{"type":"TASK_STAGED","task":{"task_id":"DIFF-TASK-1001-298","title":"Differential Test Task 298","priority":"P1","working_dir":"C:/Users/lol/2026-workspace/courier/scratch/expedition_test_b/logs","required_capability":"EXTERNAL_FS","version":1,"state":"STAGED"},"passport":{"task_id":"DIFF-TASK-1001-298","task_version":1,"goal_id":"GOAL-CANONICAL","scope_paths":["c:/users/lol/2026-workspace/courier/scratch/expedition_test_b/logs"],"max_capability":"EXTERNAL_FS","signature":"c31fd36e24ad2483b6f4c5532d6e94ee9aa0857e3c5e6cd1fe87766ae41d07e6","issued_at":"2026-09-10T04:18:48.746Z"}}
FRAME:575:334337792ffc6613
{"type":"TASK_STAGED","task":{"task_id":"DIFF-TASK-1001-299","title":"Differential Test Task 299","priority":"P1","working_dir":"C:/Users/lol/2026-workspace/courier/scratch/expedition_test_b","required_capability":"EXTERNAL_FS","version":1,"state":"STAGED"},"passport":{"task_id":"DIFF-TASK-1001-299","task_version":1,"goal_id":"GOAL-CANONICAL","scope_paths":["c:/users/lol/2026-workspace/courier/scratch/expedition_test_b"],"max_capability":"EXTERNAL_FS","signature":"fed88f3b9bbf73758141e799fd1679e2a3e540178276250b099cc19cc461a1ba","issued_at":"2026-09-10T04:18:48.747Z"}}
FRAME:605:e55a09ef2a37c4c1
{"type":"TASK_STAGED","task":{"task_id":"DIFF-TASK-1001-300","title":"Differential Test Task 300","priority":"P2","working_dir":"C:/Users/lol/2026-workspace/courier/scratch/expedition_test_c/data/cache","required_capability":"WORKSPACE_WRITE","version":1,"state":"STAGED"},"passport":{"task_id":"DIFF-TASK-1001-300","task_version":1,"goal_id":"GOAL-CANONICAL","scope_paths":["c:/users/lol/2026-workspace/courier/scratch/expedition_test_c/data/cache"],"max_capability":"WORKSPACE_WRITE","signature":"6042c1ded91cdb57adf36a11cb728fe3b5b8b9d3b44e07e636d299b78273f3f9","issued_at":"2026-09-10T04:18:48.747Z"}}
FRAME:583:044865155e0babee
{"type":"TASK_STAGED","task":{"task_id":"DIFF-TASK-1001-301","title":"Differential Test Task 301","priority":"P1","working_dir":"C:/Users/lol/2026-workspace/courier/scratch/expedition_test_b","required_capability":"WORKSPACE_WRITE","version":1,"state":"STAGED"},"passport":{"task_id":"DIFF-TASK-1001-301","task_version":1,"goal_id":"GOAL-CANONICAL","scope_paths":["c:/users/lol/2026-workspace/courier/scratch/expedition_test_b"],"max_capability":"WORKSPACE_WRITE","signature":"dcbb613ab2ec6bce186718649b18effbdb8f30def42b189bac4ef2ab6a2319ca","issued_at":"2026-09-10T04:18:48.747Z"}}
FRAME:605:f760b0435eda5283
{"type":"TASK_STAGED","task":{"task_id":"DIFF-TASK-1001-303","title":"Differential Test Task 303","priority":"P1","working_dir":"C:/Users/lol/2026-workspace/courier/scratch/expedition_test_c/data/cache","required_capability":"WORKSPACE_WRITE","version":1,"state":"STAGED"},"passport":{"task_id":"DIFF-TASK-1001-303","task_version":1,"goal_id":"GOAL-CANONICAL","scope_paths":["c:/users/lol/2026-workspace/courier/scratch/expedition_test_c/data/cache"],"max_capability":"WORKSPACE_WRITE","signature":"218d0a39124371d119b42d755070e2264b2b0219ac6e2d4cf0a2fb646b9b63e9","issued_at":"2026-09-10T04:18:48.747Z"}}
FRAME:583:829f584a157fbe06
{"type":"TASK_STAGED","task":{"task_id":"DIFF-TASK-1001-310","title":"Differential Test Task 310","priority":"P1","working_dir":"C:/Users/lol/2026-workspace/courier/scratch/expedition_test_b","required_capability":"WORKSPACE_WRITE","version":1,"state":"STAGED"},"passport":{"task_id":"DIFF-TASK-1001-310","task_version":1,"goal_id":"GOAL-CANONICAL","scope_paths":["c:/users/lol/2026-workspace/courier/scratch/expedition_test_b"],"max_capability":"WORKSPACE_WRITE","signature":"c250a262a7441a74f4c3d139e1beaa316287dca42cd5512eb0fd75e35381d5c8","issued_at":"2026-09-10T04:18:48.748Z"}}
FRAME:575:f7bf55ade04bd16d
{"type":"TASK_STAGED","task":{"task_id":"DIFF-TASK-1001-311","title":"Differential Test Task 311","priority":"P1","working_dir":"C:/Users/lol/2026-workspace/courier/scratch/expedition_test_b","required_capability":"EXTERNAL_FS","version":1,"state":"STAGED"},"passport":{"task_id":"DIFF-TASK-1001-311","task_version":1,"goal_id":"GOAL-CANONICAL","scope_paths":["c:/users/lol/2026-workspace/courier/scratch/expedition_test_b"],"max_capability":"EXTERNAL_FS","signature":"36db0280cfa2a6b7eded20d225fbd50496a3022c7de5873c64d3ef3706631504","issued_at":"2026-09-10T04:18:48.748Z"}}
FRAME:583:6b2749a14d1b9877
{"type":"TASK_STAGED","task":{"task_id":"DIFF-TASK-1001-312","title":"Differential Test Task 312","priority":"P2","working_dir":"C:/Users/lol/2026-workspace/courier/scratch/expedition_test_c","required_capability":"WORKSPACE_WRITE","version":1,"state":"STAGED"},"passport":{"task_id":"DIFF-TASK-1001-312","task_version":1,"goal_id":"GOAL-CANONICAL","scope_paths":["c:/users/lol/2026-workspace/courier/scratch/expedition_test_c"],"max_capability":"WORKSPACE_WRITE","signature":"e24fb757607c068f06eebf8072aec16b55dbc8605eae84475da85630a69f7189","issued_at":"2026-09-10T04:18:48.748Z"}}
FRAME:583:bc5cec09c1198775
{"type":"TASK_STAGED","task":{"task_id":"DIFF-TASK-1001-314","title":"Differential Test Task 314","priority":"P1","working_dir":"C:/Users/lol/2026-workspace/courier/scratch/expedition_test_b","required_capability":"WORKSPACE_WRITE","version":1,"state":"STAGED"},"passport":{"task_id":"DIFF-TASK-1001-314","task_version":1,"goal_id":"GOAL-CANONICAL","scope_paths":["c:/users/lol/2026-workspace/courier/scratch/expedition_test_b"],"max_capability":"WORKSPACE_WRITE","signature":"a56968d1f6b046e484404617cc5bcce7e5aa909a58bb5d38ca0fe0a0b6146ced","issued_at":"2026-09-10T04:18:48.748Z"}}
FRAME:593:af75f6f9e2904e9d
{"type":"TASK_STAGED","task":{"task_id":"DIFF-TASK-1001-317","title":"Differential Test Task 317","priority":"P2","working_dir":"C:/Users/lol/2026-workspace/courier/scratch/expedition_test_b/logs","required_capability":"WORKSPACE_WRITE","version":1,"state":"STAGED"},"passport":{"task_id":"DIFF-TASK-1001-317","task_version":1,"goal_id":"GOAL-CANONICAL","scope_paths":["c:/users/lol/2026-workspace/courier/scratch/expedition_test_b/logs"],"max_capability":"WORKSPACE_WRITE","signature":"d2e71e8c815b0517d2a123243a516b76df5b0f47af1c177cbb42bd48bcce3fbc","issued_at":"2026-09-10T04:18:48.749Z"}}
FRAME:583:cf2e1a2c7f06ead5
{"type":"TASK_STAGED","task":{"task_id":"DIFF-TASK-1001-322","title":"Differential Test Task 322","priority":"P1","working_dir":"C:/Users/lol/2026-workspace/courier/scratch/expedition_test_a","required_capability":"WORKSPACE_WRITE","version":1,"state":"STAGED"},"passport":{"task_id":"DIFF-TASK-1001-322","task_version":1,"goal_id":"GOAL-CANONICAL","scope_paths":["c:/users/lol/2026-workspace/courier/scratch/expedition_test_a"],"max_capability":"WORKSPACE_WRITE","signature":"459c8f9287ea661669d514bf789343a00c737ae7b6a8740f4b39a44c1c32f773","issued_at":"2026-09-10T04:18:48.749Z"}}
FRAME:583:b1acc7d32d46afe6
{"type":"TASK_STAGED","task":{"task_id":"DIFF-TASK-1001-326","title":"Differential Test Task 326","priority":"P0","working_dir":"C:/Users/lol/2026-workspace/courier/scratch/expedition_test_a","required_capability":"WORKSPACE_WRITE","version":1,"state":"STAGED"},"passport":{"task_id":"DIFF-TASK-1001-326","task_version":1,"goal_id":"GOAL-CANONICAL","scope_paths":["c:/users/lol/2026-workspace/courier/scratch/expedition_test_a"],"max_capability":"WORKSPACE_WRITE","signature":"f3c6f0f450a4e122aeb490a1355347094670fa91f7d150241609b5ebbf3a83a7","issued_at":"2026-09-10T04:18:48.749Z"}}
FRAME:583:59d1d7b00867bf0b
{"type":"TASK_STAGED","task":{"task_id":"DIFF-TASK-1001-328","title":"Differential Test Task 328","priority":"P2","working_dir":"C:/Users/lol/2026-workspace/courier/scratch/expedition_test_a","required_capability":"WORKSPACE_WRITE","version":1,"state":"STAGED"},"passport":{"task_id":"DIFF-TASK-1001-328","task_version":1,"goal_id":"GOAL-CANONICAL","scope_paths":["c:/users/lol/2026-workspace/courier/scratch/expedition_test_a"],"max_capability":"WORKSPACE_WRITE","signature":"d0903edc9319dda4d201ac042dc69dea888d966ded95c559629c2b172fa638b6","issued_at":"2026-09-10T04:18:48.750Z"}}
FRAME:605:462083125c4bb4ff
{"type":"TASK_STAGED","task":{"task_id":"DIFF-TASK-1001-333","title":"Differential Test Task 333","priority":"P1","working_dir":"C:/Users/lol/2026-workspace/courier/scratch/expedition_test_c/data/cache","required_capability":"WORKSPACE_WRITE","version":1,"state":"STAGED"},"passport":{"task_id":"DIFF-TASK-1001-333","task_version":1,"goal_id":"GOAL-CANONICAL","scope_paths":["c:/users/lol/2026-workspace/courier/scratch/expedition_test_c/data/cache"],"max_capability":"WORKSPACE_WRITE","signature":"1e3103b24af2124b6766c2fe3d73f4e3a9cf0d5f84a335e5c43dfab3bc914ea1","issued_at":"2026-09-10T04:18:48.750Z"}}
FRAME:583:4bddac14fa912b81
{"type":"TASK_STAGED","task":{"task_id":"DIFF-TASK-1001-336","title":"Differential Test Task 336","priority":"P2","working_dir":"C:/Users/lol/2026-workspace/courier/scratch/expedition_test_a","required_capability":"WORKSPACE_WRITE","version":1,"state":"STAGED"},"passport":{"task_id":"DIFF-TASK-1001-336","task_version":1,"goal_id":"GOAL-CANONICAL","scope_paths":["c:/users/lol/2026-workspace/courier/scratch/expedition_test_a"],"max_capability":"WORKSPACE_WRITE","signature":"b5400c40a3ada28cb21bcc6bc4bc56afabc507855f129da05d04b25ee75bd940","issued_at":"2026-09-10T04:18:48.751Z"}}
FRAME:583:0144afff9266c3b1
{"type":"TASK_STAGED","task":{"task_id":"DIFF-TASK-1001-337","title":"Differential Test Task 337","priority":"P0","working_dir":"C:/Users/lol/2026-workspace/courier/scratch/expedition_test_c","required_capability":"WORKSPACE_WRITE","version":1,"state":"STAGED"},"passport":{"task_id":"DIFF-TASK-1001-337","task_version":1,"goal_id":"GOAL-CANONICAL","scope_paths":["c:/users/lol/2026-workspace/courier/scratch/expedition_test_c"],"max_capability":"WORKSPACE_WRITE","signature":"f6a826f39da4c93620c20168a9c571ef31b0a7ce009bf895c7ca384ef774c59b","issued_at":"2026-09-10T04:18:48.751Z"}}
FRAME:583:42c09886936e9a12
{"type":"TASK_STAGED","task":{"task_id":"DIFF-TASK-1001-342","title":"Differential Test Task 342","priority":"P2","working_dir":"C:/Users/lol/2026-workspace/courier/scratch/expedition_test_c","required_capability":"WORKSPACE_WRITE","version":1,"state":"STAGED"},"passport":{"task_id":"DIFF-TASK-1001-342","task_version":1,"goal_id":"GOAL-CANONICAL","scope_paths":["c:/users/lol/2026-workspace/courier/scratch/expedition_test_c"],"max_capability":"WORKSPACE_WRITE","signature":"3fa2b4c463df05c7b4e0c363f10ab6b070c32ef5d9786fe338a7ea53933f3c47","issued_at":"2026-09-10T04:18:48.751Z"}}
FRAME:583:4e3e21ae2e80d960
{"type":"TASK_STAGED","task":{"task_id":"DIFF-TASK-1001-344","title":"Differential Test Task 344","priority":"P2","working_dir":"C:/Users/lol/2026-workspace/courier/scratch/expedition_test_a","required_capability":"WORKSPACE_WRITE","version":1,"state":"STAGED"},"passport":{"task_id":"DIFF-TASK-1001-344","task_version":1,"goal_id":"GOAL-CANONICAL","scope_paths":["c:/users/lol/2026-workspace/courier/scratch/expedition_test_a"],"max_capability":"WORKSPACE_WRITE","signature":"99104ee05f1b6007d3a1fa755ce4053f2d54da776d87d749585884bd30c083c8","issued_at":"2026-09-10T04:18:48.751Z"}}
FRAME:605:6da68320dddb061e
{"type":"TASK_STAGED","task":{"task_id":"DIFF-TASK-1001-350","title":"Differential Test Task 350","priority":"P1","working_dir":"C:/Users/lol/2026-workspace/courier/scratch/expedition_test_c/data/cache","required_capability":"WORKSPACE_WRITE","version":1,"state":"STAGED"},"passport":{"task_id":"DIFF-TASK-1001-350","task_version":1,"goal_id":"GOAL-CANONICAL","scope_paths":["c:/users/lol/2026-workspace/courier/scratch/expedition_test_c/data/cache"],"max_capability":"WORKSPACE_WRITE","signature":"395f1049b9baa8255e9f84e2858791d2f5f28e18efb00bb9ce913bc0d511849c","issued_at":"2026-09-10T04:18:48.752Z"}}
FRAME:593:d19a5481a0d53791
{"type":"TASK_STAGED","task":{"task_id":"DIFF-TASK-1001-351","title":"Differential Test Task 351","priority":"P2","working_dir":"C:/Users/lol/2026-workspace/courier/scratch/expedition_test_b/logs","required_capability":"WORKSPACE_WRITE","version":1,"state":"STAGED"},"passport":{"task_id":"DIFF-TASK-1001-351","task_version":1,"goal_id":"GOAL-CANONICAL","scope_paths":["c:/users/lol/2026-workspace/courier/scratch/expedition_test_b/logs"],"max_capability":"WORKSPACE_WRITE","signature":"99a46fc6ac26031e556768d8d1bcc8e5c51140a27f694b2756bb170b5ed015bb","issued_at":"2026-09-10T04:18:48.752Z"}}
FRAME:593:76b35f62eb93f56f
{"type":"TASK_STAGED","task":{"task_id":"DIFF-TASK-1001-352","title":"Differential Test Task 352","priority":"P2","working_dir":"C:/Users/lol/2026-workspace/courier/scratch/expedition_test_a/sub1","required_capability":"WORKSPACE_WRITE","version":1,"state":"STAGED"},"passport":{"task_id":"DIFF-TASK-1001-352","task_version":1,"goal_id":"GOAL-CANONICAL","scope_paths":["c:/users/lol/2026-workspace/courier/scratch/expedition_test_a/sub1"],"max_capability":"WORKSPACE_WRITE","signature":"c486c972832d2f30d38bd5cd482288a06d34c647beb99fc9ee3b2042e73d9ba5","issued_at":"2026-09-10T04:18:48.752Z"}}
FRAME:593:95f1e54bca76648b
{"type":"TASK_STAGED","task":{"task_id":"DIFF-TASK-1001-359","title":"Differential Test Task 359","priority":"P1","working_dir":"C:/Users/lol/2026-workspace/courier/scratch/expedition_test_a/sub1","required_capability":"WORKSPACE_WRITE","version":1,"state":"STAGED"},"passport":{"task_id":"DIFF-TASK-1001-359","task_version":1,"goal_id":"GOAL-CANONICAL","scope_paths":["c:/users/lol/2026-workspace/courier/scratch/expedition_test_a/sub1"],"max_capability":"WORKSPACE_WRITE","signature":"377c47bc423376da961dc5bc0515a87f25cdf1cf4ca5408787d125ca15f8e465","issued_at":"2026-09-10T04:18:48.752Z"}}
FRAME:593:121f7a82e50bf01d
{"type":"TASK_STAGED","task":{"task_id":"DIFF-TASK-1001-361","title":"Differential Test Task 361","priority":"P0","working_dir":"C:/Users/lol/2026-workspace/courier/scratch/expedition_test_b/logs","required_capability":"WORKSPACE_WRITE","version":1,"state":"STAGED"},"passport":{"task_id":"DIFF-TASK-1001-361","task_version":1,"goal_id":"GOAL-CANONICAL","scope_paths":["c:/users/lol/2026-workspace/courier/scratch/expedition_test_b/logs"],"max_capability":"WORKSPACE_WRITE","signature":"9d9d2627cf08148eae9324d2746a7e3617fc4b83250de9298c8b0bc1200a9f65","issued_at":"2026-09-10T04:18:48.752Z"}}
FRAME:575:5ee83ace2ccae9dd
{"type":"TASK_STAGED","task":{"task_id":"DIFF-TASK-1001-362","title":"Differential Test Task 362","priority":"P0","working_dir":"C:/Users/lol/2026-workspace/courier/scratch/expedition_test_a","required_capability":"EXTERNAL_FS","version":1,"state":"STAGED"},"passport":{"task_id":"DIFF-TASK-1001-362","task_version":1,"goal_id":"GOAL-CANONICAL","scope_paths":["c:/users/lol/2026-workspace/courier/scratch/expedition_test_a"],"max_capability":"EXTERNAL_FS","signature":"b1596c3283ea86f34246767bcf557f051bbd0c8457fe64c4a47baeb13f07f154","issued_at":"2026-09-10T04:18:48.753Z"}}
FRAME:593:53e716ff177d7b44
{"type":"TASK_STAGED","task":{"task_id":"DIFF-TASK-1001-364","title":"Differential Test Task 364","priority":"P0","working_dir":"C:/Users/lol/2026-workspace/courier/scratch/expedition_test_a/sub1","required_capability":"WORKSPACE_WRITE","version":1,"state":"STAGED"},"passport":{"task_id":"DIFF-TASK-1001-364","task_version":1,"goal_id":"GOAL-CANONICAL","scope_paths":["c:/users/lol/2026-workspace/courier/scratch/expedition_test_a/sub1"],"max_capability":"WORKSPACE_WRITE","signature":"db845cf0f1cf89e1b7e38637b9b303b158904dd4ecd60fcdcb5342e4d9e783e2","issued_at":"2026-09-10T04:18:48.753Z"}}
FRAME:583:6dc2d9ee036b0b03
{"type":"TASK_STAGED","task":{"task_id":"DIFF-TASK-1001-366","title":"Differential Test Task 366","priority":"P1","working_dir":"C:/Users/lol/2026-workspace/courier/scratch/expedition_test_c","required_capability":"WORKSPACE_WRITE","version":1,"state":"STAGED"},"passport":{"task_id":"DIFF-TASK-1001-366","task_version":1,"goal_id":"GOAL-CANONICAL","scope_paths":["c:/users/lol/2026-workspace/courier/scratch/expedition_test_c"],"max_capability":"WORKSPACE_WRITE","signature":"92ea1164092da5e339503c882807edcc0b321c9d139fd7d81fcb8cc7e96ede74","issued_at":"2026-09-10T04:18:48.753Z"}}
FRAME:585:3e9ee359e46c6d48
{"type":"TASK_STAGED","task":{"task_id":"DIFF-TASK-1001-367","title":"Differential Test Task 367","priority":"P1","working_dir":"C:/Users/lol/2026-workspace/courier/scratch/expedition_test_a/sub1","required_capability":"EXTERNAL_FS","version":1,"state":"STAGED"},"passport":{"task_id":"DIFF-TASK-1001-367","task_version":1,"goal_id":"GOAL-CANONICAL","scope_paths":["c:/users/lol/2026-workspace/courier/scratch/expedition_test_a/sub1"],"max_capability":"EXTERNAL_FS","signature":"c968e01f81f7ba174830917770fa57a987ced7404065f97f986cdb1da294eb5a","issued_at":"2026-09-10T04:18:48.753Z"}}
FRAME:583:4c9b05bfbac80185
{"type":"TASK_STAGED","task":{"task_id":"DIFF-TASK-1001-369","title":"Differential Test Task 369","priority":"P2","working_dir":"C:/Users/lol/2026-workspace/courier/scratch/expedition_test_c","required_capability":"WORKSPACE_WRITE","version":1,"state":"STAGED"},"passport":{"task_id":"DIFF-TASK-1001-369","task_version":1,"goal_id":"GOAL-CANONICAL","scope_paths":["c:/users/lol/2026-workspace/courier/scratch/expedition_test_c"],"max_capability":"WORKSPACE_WRITE","signature":"798472c14081294e3ce0373821212fc6cc54e55901de66752cef6498d8eef627","issued_at":"2026-09-10T04:18:48.754Z"}}
FRAME:575:d6cf89e44b8af73a
{"type":"TASK_STAGED","task":{"task_id":"DIFF-TASK-1001-371","title":"Differential Test Task 371","priority":"P1","working_dir":"C:/Users/lol/2026-workspace/courier/scratch/expedition_test_a","required_capability":"EXTERNAL_FS","version":1,"state":"STAGED"},"passport":{"task_id":"DIFF-TASK-1001-371","task_version":1,"goal_id":"GOAL-CANONICAL","scope_paths":["c:/users/lol/2026-workspace/courier/scratch/expedition_test_a"],"max_capability":"EXTERNAL_FS","signature":"c40b0da0c4ba31d2f43e341be41ef65cd82cc9302760dda156fe9326638e810b","issued_at":"2026-09-10T04:18:48.754Z"}}
FRAME:605:c9754037a3b606ef
{"type":"TASK_STAGED","task":{"task_id":"DIFF-TASK-1001-372","title":"Differential Test Task 372","priority":"P2","working_dir":"C:/Users/lol/2026-workspace/courier/scratch/expedition_test_c/data/cache","required_capability":"WORKSPACE_WRITE","version":1,"state":"STAGED"},"passport":{"task_id":"DIFF-TASK-1001-372","task_version":1,"goal_id":"GOAL-CANONICAL","scope_paths":["c:/users/lol/2026-workspace/courier/scratch/expedition_test_c/data/cache"],"max_capability":"WORKSPACE_WRITE","signature":"ab79fc4cc1f5205be5e1f067a284ccdae45c029e8713357bb5958462e2fa98e8","issued_at":"2026-09-10T04:18:48.754Z"}}
FRAME:593:8175fbeeb56fb2ac
{"type":"TASK_STAGED","task":{"task_id":"DIFF-TASK-1001-373","title":"Differential Test Task 373","priority":"P0","working_dir":"C:/Users/lol/2026-workspace/courier/scratch/expedition_test_a/sub1","required_capability":"WORKSPACE_WRITE","version":1,"state":"STAGED"},"passport":{"task_id":"DIFF-TASK-1001-373","task_version":1,"goal_id":"GOAL-CANONICAL","scope_paths":["c:/users/lol/2026-workspace/courier/scratch/expedition_test_a/sub1"],"max_capability":"WORKSPACE_WRITE","signature":"5f9419b99bb6accc35eec0c0e6372f6ab4a6e1857ef1d1f532ee29d7e574a502","issued_at":"2026-09-10T04:18:48.754Z"}}
FRAME:593:6647ba511583c152
{"type":"TASK_STAGED","task":{"task_id":"DIFF-TASK-1001-374","title":"Differential Test Task 374","priority":"P1","working_dir":"C:/Users/lol/2026-workspace/courier/scratch/expedition_test_b/logs","required_capability":"WORKSPACE_WRITE","version":1,"state":"STAGED"},"passport":{"task_id":"DIFF-TASK-1001-374","task_version":1,"goal_id":"GOAL-CANONICAL","scope_paths":["c:/users/lol/2026-workspace/courier/scratch/expedition_test_b/logs"],"max_capability":"WORKSPACE_WRITE","signature":"b289b3d8d008fb33aabf80540e6d59ca1cc11a1c3288eb4e16db807aa2e21f05","issued_at":"2026-09-10T04:18:48.755Z"}}
FRAME:605:30097cb860dcff1a
{"type":"TASK_STAGED","task":{"task_id":"DIFF-TASK-1001-378","title":"Differential Test Task 378","priority":"P2","working_dir":"C:/Users/lol/2026-workspace/courier/scratch/expedition_test_c/data/cache","required_capability":"WORKSPACE_WRITE","version":1,"state":"STAGED"},"passport":{"task_id":"DIFF-TASK-1001-378","task_version":1,"goal_id":"GOAL-CANONICAL","scope_paths":["c:/users/lol/2026-workspace/courier/scratch/expedition_test_c/data/cache"],"max_capability":"WORKSPACE_WRITE","signature":"ec4c9012fa2fa0895a428bb28cd15a7a55ab590835c2da78100f02fcae3b1b2f","issued_at":"2026-09-10T04:18:48.755Z"}}
FRAME:593:82f2f6e9990b48ed
{"type":"TASK_STAGED","task":{"task_id":"DIFF-TASK-1001-379","title":"Differential Test Task 379","priority":"P2","working_dir":"C:/Users/lol/2026-workspace/courier/scratch/expedition_test_b/logs","required_capability":"WORKSPACE_WRITE","version":1,"state":"STAGED"},"passport":{"task_id":"DIFF-TASK-1001-379","task_version":1,"goal_id":"GOAL-CANONICAL","scope_paths":["c:/users/lol/2026-workspace/courier/scratch/expedition_test_b/logs"],"max_capability":"WORKSPACE_WRITE","signature":"35319052eae76338bd59893f0526d3aa710e7f5fbb4ddc489257bd496ff6afdd","issued_at":"2026-09-10T04:18:48.755Z"}}
FRAME:583:ca2bcd52f9232507
{"type":"TASK_STAGED","task":{"task_id":"DIFF-TASK-1001-382","title":"Differential Test Task 382","priority":"P1","working_dir":"C:/Users/lol/2026-workspace/courier/scratch/expedition_test_c","required_capability":"WORKSPACE_WRITE","version":1,"state":"STAGED"},"passport":{"task_id":"DIFF-TASK-1001-382","task_version":1,"goal_id":"GOAL-CANONICAL","scope_paths":["c:/users/lol/2026-workspace/courier/scratch/expedition_test_c"],"max_capability":"WORKSPACE_WRITE","signature":"6a91161b94d9b7c8328995d1d7620e873bdb5dfdffd8608dc5bb206ff2b57374","issued_at":"2026-09-10T04:18:48.755Z"}}
FRAME:583:082f85dbd1713f29
{"type":"TASK_STAGED","task":{"task_id":"DIFF-TASK-1001-384","title":"Differential Test Task 384","priority":"P1","working_dir":"C:/Users/lol/2026-workspace/courier/scratch/expedition_test_a","required_capability":"WORKSPACE_WRITE","version":1,"state":"STAGED"},"passport":{"task_id":"DIFF-TASK-1001-384","task_version":1,"goal_id":"GOAL-CANONICAL","scope_paths":["c:/users/lol/2026-workspace/courier/scratch/expedition_test_a"],"max_capability":"WORKSPACE_WRITE","signature":"49172a2b1b4e10a7602cd4480259cd8cce43497340327fea326a30bef75162b1","issued_at":"2026-09-10T04:18:48.755Z"}}
FRAME:583:53f6f8cd2140dfbd
{"type":"TASK_STAGED","task":{"task_id":"DIFF-TASK-1001-385","title":"Differential Test Task 385","priority":"P2","working_dir":"C:/Users/lol/2026-workspace/courier/scratch/expedition_test_c","required_capability":"WORKSPACE_WRITE","version":1,"state":"STAGED"},"passport":{"task_id":"DIFF-TASK-1001-385","task_version":1,"goal_id":"GOAL-CANONICAL","scope_paths":["c:/users/lol/2026-workspace/courier/scratch/expedition_test_c"],"max_capability":"WORKSPACE_WRITE","signature":"67ced6b9931d5ca75300a183c4fe904055bd530ac00be85bb310701f075b274b","issued_at":"2026-09-10T04:18:48.756Z"}}
FRAME:583:a66d94d427111eea
{"type":"TASK_STAGED","task":{"task_id":"DIFF-TASK-1001-386","title":"Differential Test Task 386","priority":"P2","working_dir":"C:/Users/lol/2026-workspace/courier/scratch/expedition_test_b","required_capability":"WORKSPACE_WRITE","version":1,"state":"STAGED"},"passport":{"task_id":"DIFF-TASK-1001-386","task_version":1,"goal_id":"GOAL-CANONICAL","scope_paths":["c:/users/lol/2026-workspace/courier/scratch/expedition_test_b"],"max_capability":"WORKSPACE_WRITE","signature":"0aef51a3a7db69878d64ba59cd5d7d88cf100ed9ec6c5ed4db40fe2cb82972c3","issued_at":"2026-09-10T04:18:48.756Z"}}
FRAME:575:02b2065906642796
{"type":"TASK_STAGED","task":{"task_id":"DIFF-TASK-1001-387","title":"Differential Test Task 387","priority":"P1","working_dir":"C:/Users/lol/2026-workspace/courier/scratch/expedition_test_b","required_capability":"EXTERNAL_FS","version":1,"state":"STAGED"},"passport":{"task_id":"DIFF-TASK-1001-387","task_version":1,"goal_id":"GOAL-CANONICAL","scope_paths":["c:/users/lol/2026-workspace/courier/scratch/expedition_test_b"],"max_capability":"EXTERNAL_FS","signature":"4ca0d41a839abd008a14c97c4ada1b432bdc2c88943968845224870d8fe92933","issued_at":"2026-09-10T04:18:48.756Z"}}
FRAME:593:39aa56437eead815
{"type":"TASK_STAGED","task":{"task_id":"DIFF-TASK-1001-390","title":"Differential Test Task 390","priority":"P0","working_dir":"C:/Users/lol/2026-workspace/courier/scratch/expedition_test_b/logs","required_capability":"WORKSPACE_WRITE","version":1,"state":"STAGED"},"passport":{"task_id":"DIFF-TASK-1001-390","task_version":1,"goal_id":"GOAL-CANONICAL","scope_paths":["c:/users/lol/2026-workspace/courier/scratch/expedition_test_b/logs"],"max_capability":"WORKSPACE_WRITE","signature":"c40e05e7a75317a69bd96d0bb4b90e75d817c55ee9afcc5302bcd63a8abe76c4","issued_at":"2026-09-10T04:18:48.756Z"}}
FRAME:583:e14ce250abd43ba8
{"type":"TASK_STAGED","task":{"task_id":"DIFF-TASK-1001-391","title":"Differential Test Task 391","priority":"P1","working_dir":"C:/Users/lol/2026-workspace/courier/scratch/expedition_test_a","required_capability":"WORKSPACE_WRITE","version":1,"state":"STAGED"},"passport":{"task_id":"DIFF-TASK-1001-391","task_version":1,"goal_id":"GOAL-CANONICAL","scope_paths":["c:/users/lol/2026-workspace/courier/scratch/expedition_test_a"],"max_capability":"WORKSPACE_WRITE","signature":"67e3454261c0a5abd96838aa98d3ec0b375182ffd82b5243ee1debdd63b0886b","issued_at":"2026-09-10T04:18:48.756Z"}}
FRAME:583:824cee8e4855c601
{"type":"TASK_STAGED","task":{"task_id":"DIFF-TASK-1001-393","title":"Differential Test Task 393","priority":"P0","working_dir":"C:/Users/lol/2026-workspace/courier/scratch/expedition_test_a","required_capability":"WORKSPACE_WRITE","version":1,"state":"STAGED"},"passport":{"task_id":"DIFF-TASK-1001-393","task_version":1,"goal_id":"GOAL-CANONICAL","scope_paths":["c:/users/lol/2026-workspace/courier/scratch/expedition_test_a"],"max_capability":"WORKSPACE_WRITE","signature":"a5f4f9a72a4585b5eeb3d3a1bb2108369e480670f06c7e5aba45cf9789b445e2","issued_at":"2026-09-10T04:18:48.757Z"}}
FRAME:583:ddf7f9106ce9a4a4
{"type":"TASK_STAGED","task":{"task_id":"DIFF-TASK-1001-395","title":"Differential Test Task 395","priority":"P1","working_dir":"C:/Users/lol/2026-workspace/courier/scratch/expedition_test_b","required_capability":"WORKSPACE_WRITE","version":1,"state":"STAGED"},"passport":{"task_id":"DIFF-TASK-1001-395","task_version":1,"goal_id":"GOAL-CANONICAL","scope_paths":["c:/users/lol/2026-workspace/courier/scratch/expedition_test_b"],"max_capability":"WORKSPACE_WRITE","signature":"4e5c37fe2a91c49bc68ee602962c90f5612c7074849ec9cf803f3a9035fcb704","issued_at":"2026-09-10T04:18:48.757Z"}}
FRAME:605:d4771721e458b120
{"type":"TASK_STAGED","task":{"task_id":"DIFF-TASK-1001-397","title":"Differential Test Task 397","priority":"P2","working_dir":"C:/Users/lol/2026-workspace/courier/scratch/expedition_test_c/data/cache","required_capability":"WORKSPACE_WRITE","version":1,"state":"STAGED"},"passport":{"task_id":"DIFF-TASK-1001-397","task_version":1,"goal_id":"GOAL-CANONICAL","scope_paths":["c:/users/lol/2026-workspace/courier/scratch/expedition_test_c/data/cache"],"max_capability":"WORKSPACE_WRITE","signature":"2a3e715d91cc615d9a7b68781622c09e277710c8f65215c14186969b45be8548","issued_at":"2026-09-10T04:18:48.758Z"}}
FRAME:593:62996f49cbec2415
{"type":"TASK_STAGED","task":{"task_id":"DIFF-TASK-1001-398","title":"Differential Test Task 398","priority":"P1","working_dir":"C:/Users/lol/2026-workspace/courier/scratch/expedition_test_b/logs","required_capability":"WORKSPACE_WRITE","version":1,"state":"STAGED"},"passport":{"task_id":"DIFF-TASK-1001-398","task_version":1,"goal_id":"GOAL-CANONICAL","scope_paths":["c:/users/lol/2026-workspace/courier/scratch/expedition_test_b/logs"],"max_capability":"WORKSPACE_WRITE","signature":"708deab1e4cb2aad72cae19c0fff7eee073ede9c0297ffcf3f9ee219b353a319","issued_at":"2026-09-10T04:18:48.759Z"}}
FRAME:575:2586741a92820d60
{"type":"TASK_STAGED","task":{"task_id":"DIFF-TASK-1001-399","title":"Differential Test Task 399","priority":"P0","working_dir":"C:/Users/lol/2026-workspace/courier/scratch/expedition_test_b","required_capability":"EXTERNAL_FS","version":1,"state":"STAGED"},"passport":{"task_id":"DIFF-TASK-1001-399","task_version":1,"goal_id":"GOAL-CANONICAL","scope_paths":["c:/users/lol/2026-workspace/courier/scratch/expedition_test_b"],"max_capability":"EXTERNAL_FS","signature":"aa7f93d3e4a4fbdcb60456a0ca7114b1c971106404c4dd3eca9ba894054429c3","issued_at":"2026-09-10T04:18:48.759Z"}}
FRAME:593:3a90fd946c196583
{"type":"TASK_STAGED","task":{"task_id":"DIFF-TASK-1001-400","title":"Differential Test Task 400","priority":"P1","working_dir":"C:/Users/lol/2026-workspace/courier/scratch/expedition_test_a/sub1","required_capability":"WORKSPACE_WRITE","version":1,"state":"STAGED"},"passport":{"task_id":"DIFF-TASK-1001-400","task_version":1,"goal_id":"GOAL-CANONICAL","scope_paths":["c:/users/lol/2026-workspace/courier/scratch/expedition_test_a/sub1"],"max_capability":"WORKSPACE_WRITE","signature":"13f42e3b6dfd518052091db25ec4ea8c3a40ed4615efceb82e7f8aaba4e7864e","issued_at":"2026-09-10T04:18:48.759Z"}}
FRAME:583:2483618cae013540
{"type":"TASK_STAGED","task":{"task_id":"DIFF-TASK-1001-403","title":"Differential Test Task 403","priority":"P2","working_dir":"C:/Users/lol/2026-workspace/courier/scratch/expedition_test_c","required_capability":"WORKSPACE_WRITE","version":1,"state":"STAGED"},"passport":{"task_id":"DIFF-TASK-1001-403","task_version":1,"goal_id":"GOAL-CANONICAL","scope_paths":["c:/users/lol/2026-workspace/courier/scratch/expedition_test_c"],"max_capability":"WORKSPACE_WRITE","signature":"8048fa661e34064955defcc8fee7bbc21d1ed0d3f37cd8523579d1ac14643bc8","issued_at":"2026-09-10T04:18:48.760Z"}}
FRAME:597:407a9e31f1640213
{"type":"TASK_STAGED","task":{"task_id":"DIFF-TASK-1001-404","title":"Differential Test Task 404","priority":"P1","working_dir":"C:/Users/lol/2026-workspace/courier/scratch/expedition_test_c/data/cache","required_capability":"EXTERNAL_FS","version":1,"state":"STAGED"},"passport":{"task_id":"DIFF-TASK-1001-404","task_version":1,"goal_id":"GOAL-CANONICAL","scope_paths":["c:/users/lol/2026-workspace/courier/scratch/expedition_test_c/data/cache"],"max_capability":"EXTERNAL_FS","signature":"5a7d2fa97232079321f5f039265c994edcaf97d198172b9f9fd93a8236fc152d","issued_at":"2026-09-10T04:18:48.760Z"}}
FRAME:593:8a35432f885a29fc
{"type":"TASK_STAGED","task":{"task_id":"DIFF-TASK-1001-406","title":"Differential Test Task 406","priority":"P1","working_dir":"C:/Users/lol/2026-workspace/courier/scratch/expedition_test_a/sub1","required_capability":"WORKSPACE_WRITE","version":1,"state":"STAGED"},"passport":{"task_id":"DIFF-TASK-1001-406","task_version":1,"goal_id":"GOAL-CANONICAL","scope_paths":["c:/users/lol/2026-workspace/courier/scratch/expedition_test_a/sub1"],"max_capability":"WORKSPACE_WRITE","signature":"dd7694d3f015205e0910d0391c73df21fafb1fad3fe06853684ff4ab6d9cfdfc","issued_at":"2026-09-10T04:18:48.760Z"}}
FRAME:583:6cc7607a975ffcd3
{"type":"TASK_STAGED","task":{"task_id":"DIFF-TASK-1001-407","title":"Differential Test Task 407","priority":"P1","working_dir":"C:/Users/lol/2026-workspace/courier/scratch/expedition_test_b","required_capability":"WORKSPACE_WRITE","version":1,"state":"STAGED"},"passport":{"task_id":"DIFF-TASK-1001-407","task_version":1,"goal_id":"GOAL-CANONICAL","scope_paths":["c:/users/lol/2026-workspace/courier/scratch/expedition_test_b"],"max_capability":"WORKSPACE_WRITE","signature":"880d3140186406bc3b62a7f6a9fcf22493c3e595035db90bc621c553a7ed6dae","issued_at":"2026-09-10T04:18:48.761Z"}}
FRAME:575:bb685312252264bc
{"type":"TASK_STAGED","task":{"task_id":"DIFF-TASK-1001-408","title":"Differential Test Task 408","priority":"P1","working_dir":"C:/Users/lol/2026-workspace/courier/scratch/expedition_test_c","required_capability":"EXTERNAL_FS","version":1,"state":"STAGED"},"passport":{"task_id":"DIFF-TASK-1001-408","task_version":1,"goal_id":"GOAL-CANONICAL","scope_paths":["c:/users/lol/2026-workspace/courier/scratch/expedition_test_c"],"max_capability":"EXTERNAL_FS","signature":"9ddba90d4d7f96bf1a1b63bffc571c1486326d9c902ca01f4d77e33a482f42f7","issued_at":"2026-09-10T04:18:48.761Z"}}
FRAME:605:b6badeb37402d7ed
{"type":"TASK_STAGED","task":{"task_id":"DIFF-TASK-1001-409","title":"Differential Test Task 409","priority":"P1","working_dir":"C:/Users/lol/2026-workspace/courier/scratch/expedition_test_c/data/cache","required_capability":"WORKSPACE_WRITE","version":1,"state":"STAGED"},"passport":{"task_id":"DIFF-TASK-1001-409","task_version":1,"goal_id":"GOAL-CANONICAL","scope_paths":["c:/users/lol/2026-workspace/courier/scratch/expedition_test_c/data/cache"],"max_capability":"WORKSPACE_WRITE","signature":"b33daa4f5e6741a783b922367ddac9766489a3e99cd330e14fdcc187e5df440e","issued_at":"2026-09-10T04:18:48.761Z"}}
FRAME:583:2052237b1b9f7a99
{"type":"TASK_STAGED","task":{"task_id":"DIFF-TASK-1001-410","title":"Differential Test Task 410","priority":"P1","working_dir":"C:/Users/lol/2026-workspace/courier/scratch/expedition_test_a","required_capability":"WORKSPACE_WRITE","version":1,"state":"STAGED"},"passport":{"task_id":"DIFF-TASK-1001-410","task_version":1,"goal_id":"GOAL-CANONICAL","scope_paths":["c:/users/lol/2026-workspace/courier/scratch/expedition_test_a"],"max_capability":"WORKSPACE_WRITE","signature":"37a6326f5ed01861238990e666bf72042cf12c20c242fe78d7a75ac298b7252c","issued_at":"2026-09-10T04:18:48.762Z"}}
FRAME:583:075ffe3866eae59e
{"type":"TASK_STAGED","task":{"task_id":"DIFF-TASK-1001-412","title":"Differential Test Task 412","priority":"P0","working_dir":"C:/Users/lol/2026-workspace/courier/scratch/expedition_test_a","required_capability":"WORKSPACE_WRITE","version":1,"state":"STAGED"},"passport":{"task_id":"DIFF-TASK-1001-412","task_version":1,"goal_id":"GOAL-CANONICAL","scope_paths":["c:/users/lol/2026-workspace/courier/scratch/expedition_test_a"],"max_capability":"WORKSPACE_WRITE","signature":"b5cc95669bcd89d321536f748198734b7fcad04899d070ea36e40e2b874756a6","issued_at":"2026-09-10T04:18:48.762Z"}}
FRAME:593:61ad7d6b4796281b
{"type":"TASK_STAGED","task":{"task_id":"DIFF-TASK-1001-417","title":"Differential Test Task 417","priority":"P1","working_dir":"C:/Users/lol/2026-workspace/courier/scratch/expedition_test_a/sub1","required_capability":"WORKSPACE_WRITE","version":1,"state":"STAGED"},"passport":{"task_id":"DIFF-TASK-1001-417","task_version":1,"goal_id":"GOAL-CANONICAL","scope_paths":["c:/users/lol/2026-workspace/courier/scratch/expedition_test_a/sub1"],"max_capability":"WORKSPACE_WRITE","signature":"381ceae6afb5f606a430c2a00e5378987c111f5b3d103e09552b9aa07bb26d0e","issued_at":"2026-09-10T04:18:48.762Z"}}
FRAME:583:ec7a22cfc97ae7bc
{"type":"TASK_STAGED","task":{"task_id":"DIFF-TASK-1001-419","title":"Differential Test Task 419","priority":"P2","working_dir":"C:/Users/lol/2026-workspace/courier/scratch/expedition_test_b","required_capability":"WORKSPACE_WRITE","version":1,"state":"STAGED"},"passport":{"task_id":"DIFF-TASK-1001-419","task_version":1,"goal_id":"GOAL-CANONICAL","scope_paths":["c:/users/lol/2026-workspace/courier/scratch/expedition_test_b"],"max_capability":"WORKSPACE_WRITE","signature":"76e53944ac2e127cb582307e68fe2c7de4aaf4ce2b8b682b8f8f153a8167c93c","issued_at":"2026-09-10T04:18:48.763Z"}}
FRAME:583:516f7b99e3b7f6d9
{"type":"TASK_STAGED","task":{"task_id":"DIFF-TASK-1001-420","title":"Differential Test Task 420","priority":"P1","working_dir":"C:/Users/lol/2026-workspace/courier/scratch/expedition_test_a","required_capability":"WORKSPACE_WRITE","version":1,"state":"STAGED"},"passport":{"task_id":"DIFF-TASK-1001-420","task_version":1,"goal_id":"GOAL-CANONICAL","scope_paths":["c:/users/lol/2026-workspace/courier/scratch/expedition_test_a"],"max_capability":"WORKSPACE_WRITE","signature":"81525fe112eef439a62b6db1488af4169773c4c32de18badbe56b51f726a9fde","issued_at":"2026-09-10T04:18:48.763Z"}}
FRAME:593:de9555878ee514eb
{"type":"TASK_STAGED","task":{"task_id":"DIFF-TASK-1001-422","title":"Differential Test Task 422","priority":"P0","working_dir":"C:/Users/lol/2026-workspace/courier/scratch/expedition_test_b/logs","required_capability":"WORKSPACE_WRITE","version":1,"state":"STAGED"},"passport":{"task_id":"DIFF-TASK-1001-422","task_version":1,"goal_id":"GOAL-CANONICAL","scope_paths":["c:/users/lol/2026-workspace/courier/scratch/expedition_test_b/logs"],"max_capability":"WORKSPACE_WRITE","signature":"0a8eff20637cf577eeff47312a8fd9d8041434557328f8a89d5ace70aa8ee435","issued_at":"2026-09-10T04:18:48.763Z"}}
FRAME:605:bbfc36e072a44948
{"type":"TASK_STAGED","task":{"task_id":"DIFF-TASK-1001-424","title":"Differential Test Task 424","priority":"P1","working_dir":"C:/Users/lol/2026-workspace/courier/scratch/expedition_test_c/data/cache","required_capability":"WORKSPACE_WRITE","version":1,"state":"STAGED"},"passport":{"task_id":"DIFF-TASK-1001-424","task_version":1,"goal_id":"GOAL-CANONICAL","scope_paths":["c:/users/lol/2026-workspace/courier/scratch/expedition_test_c/data/cache"],"max_capability":"WORKSPACE_WRITE","signature":"284ec9049c5312a3acfe41abdec01eddb69dff6d53cb89762c9b90c8ada28267","issued_at":"2026-09-10T04:18:48.763Z"}}
FRAME:593:bc09890212b8b979
{"type":"TASK_STAGED","task":{"task_id":"DIFF-TASK-1001-428","title":"Differential Test Task 428","priority":"P0","working_dir":"C:/Users/lol/2026-workspace/courier/scratch/expedition_test_a/sub1","required_capability":"WORKSPACE_WRITE","version":1,"state":"STAGED"},"passport":{"task_id":"DIFF-TASK-1001-428","task_version":1,"goal_id":"GOAL-CANONICAL","scope_paths":["c:/users/lol/2026-workspace/courier/scratch/expedition_test_a/sub1"],"max_capability":"WORKSPACE_WRITE","signature":"bfb787456b624321951bb18c0af27a30d49495b416f297477e9619b12ca9960a","issued_at":"2026-09-10T04:18:48.764Z"}}
FRAME:593:6f046d5661f03dab
{"type":"TASK_STAGED","task":{"task_id":"DIFF-TASK-1001-429","title":"Differential Test Task 429","priority":"P1","working_dir":"C:/Users/lol/2026-workspace/courier/scratch/expedition_test_a/sub1","required_capability":"WORKSPACE_WRITE","version":1,"state":"STAGED"},"passport":{"task_id":"DIFF-TASK-1001-429","task_version":1,"goal_id":"GOAL-CANONICAL","scope_paths":["c:/users/lol/2026-workspace/courier/scratch/expedition_test_a/sub1"],"max_capability":"WORKSPACE_WRITE","signature":"aa23127b6173cad6043b3c4fe300062b67b402f52a7bccff5638f295ee5853d7","issued_at":"2026-09-10T04:18:48.764Z"}}
FRAME:593:41b458fd3f0944b3
{"type":"TASK_STAGED","task":{"task_id":"DIFF-TASK-1001-430","title":"Differential Test Task 430","priority":"P1","working_dir":"C:/Users/lol/2026-workspace/courier/scratch/expedition_test_b/logs","required_capability":"WORKSPACE_WRITE","version":1,"state":"STAGED"},"passport":{"task_id":"DIFF-TASK-1001-430","task_version":1,"goal_id":"GOAL-CANONICAL","scope_paths":["c:/users/lol/2026-workspace/courier/scratch/expedition_test_b/logs"],"max_capability":"WORKSPACE_WRITE","signature":"50ca83df598ebaf09ed348444e0ec73c8469ceec744600667a27b6e7464836c1","issued_at":"2026-09-10T04:18:48.764Z"}}
FRAME:605:204ef7b15cfd7f18
{"type":"TASK_STAGED","task":{"task_id":"DIFF-TASK-1001-431","title":"Differential Test Task 431","priority":"P2","working_dir":"C:/Users/lol/2026-workspace/courier/scratch/expedition_test_c/data/cache","required_capability":"WORKSPACE_WRITE","version":1,"state":"STAGED"},"passport":{"task_id":"DIFF-TASK-1001-431","task_version":1,"goal_id":"GOAL-CANONICAL","scope_paths":["c:/users/lol/2026-workspace/courier/scratch/expedition_test_c/data/cache"],"max_capability":"WORKSPACE_WRITE","signature":"81b59c5a90859d4514b97a9e67b753e7e8e4824104061ffecaf4b302a422bd72","issued_at":"2026-09-10T04:18:48.764Z"}}
FRAME:593:30e16032a9ec1fd2
{"type":"TASK_STAGED","task":{"task_id":"DIFF-TASK-1001-433","title":"Differential Test Task 433","priority":"P1","working_dir":"C:/Users/lol/2026-workspace/courier/scratch/expedition_test_a/sub1","required_capability":"WORKSPACE_WRITE","version":1,"state":"STAGED"},"passport":{"task_id":"DIFF-TASK-1001-433","task_version":1,"goal_id":"GOAL-CANONICAL","scope_paths":["c:/users/lol/2026-workspace/courier/scratch/expedition_test_a/sub1"],"max_capability":"WORKSPACE_WRITE","signature":"9064d257bbd4ba93d10afc36b67109a73973b7c70c14a918ffe228969132835b","issued_at":"2026-09-10T04:18:48.765Z"}}
FRAME:593:9e25179222409aa2
{"type":"TASK_STAGED","task":{"task_id":"DIFF-TASK-1001-437","title":"Differential Test Task 437","priority":"P1","working_dir":"C:/Users/lol/2026-workspace/courier/scratch/expedition_test_a/sub1","required_capability":"WORKSPACE_WRITE","version":1,"state":"STAGED"},"passport":{"task_id":"DIFF-TASK-1001-437","task_version":1,"goal_id":"GOAL-CANONICAL","scope_paths":["c:/users/lol/2026-workspace/courier/scratch/expedition_test_a/sub1"],"max_capability":"WORKSPACE_WRITE","signature":"bc28d999907cc308bdbf2eab449f67b44b208f29eba3f560576bcae33553e872","issued_at":"2026-09-10T04:18:48.765Z"}}
FRAME:583:7e8019f0b3bda2f3
{"type":"TASK_STAGED","task":{"task_id":"DIFF-TASK-1001-440","title":"Differential Test Task 440","priority":"P1","working_dir":"C:/Users/lol/2026-workspace/courier/scratch/expedition_test_c","required_capability":"WORKSPACE_WRITE","version":1,"state":"STAGED"},"passport":{"task_id":"DIFF-TASK-1001-440","task_version":1,"goal_id":"GOAL-CANONICAL","scope_paths":["c:/users/lol/2026-workspace/courier/scratch/expedition_test_c"],"max_capability":"WORKSPACE_WRITE","signature":"7c69a1ff24374fd4c294d47ebe957d929d32f0c8cdc380825d0bdaab51e17631","issued_at":"2026-09-10T04:18:48.765Z"}}
FRAME:593:5778390be0a0ff71
{"type":"TASK_STAGED","task":{"task_id":"DIFF-TASK-1001-441","title":"Differential Test Task 441","priority":"P2","working_dir":"C:/Users/lol/2026-workspace/courier/scratch/expedition_test_a/sub1","required_capability":"WORKSPACE_WRITE","version":1,"state":"STAGED"},"passport":{"task_id":"DIFF-TASK-1001-441","task_version":1,"goal_id":"GOAL-CANONICAL","scope_paths":["c:/users/lol/2026-workspace/courier/scratch/expedition_test_a/sub1"],"max_capability":"WORKSPACE_WRITE","signature":"212f675b39c2bb1faf11b1ee02c885315e0a292e88c07ae459d9b80273b8db54","issued_at":"2026-09-10T04:18:48.765Z"}}
FRAME:605:07733450a923e9cf
{"type":"TASK_STAGED","task":{"task_id":"DIFF-TASK-1001-445","title":"Differential Test Task 445","priority":"P1","working_dir":"C:/Users/lol/2026-workspace/courier/scratch/expedition_test_c/data/cache","required_capability":"WORKSPACE_WRITE","version":1,"state":"STAGED"},"passport":{"task_id":"DIFF-TASK-1001-445","task_version":1,"goal_id":"GOAL-CANONICAL","scope_paths":["c:/users/lol/2026-workspace/courier/scratch/expedition_test_c/data/cache"],"max_capability":"WORKSPACE_WRITE","signature":"af775b14ec235ca3c29bb85727f37e302292bc0d0c30a84af427334cf35a5616","issued_at":"2026-09-10T04:18:48.766Z"}}
FRAME:593:eb071c352082d202
{"type":"TASK_STAGED","task":{"task_id":"DIFF-TASK-1001-447","title":"Differential Test Task 447","priority":"P1","working_dir":"C:/Users/lol/2026-workspace/courier/scratch/expedition_test_a/sub1","required_capability":"WORKSPACE_WRITE","version":1,"state":"STAGED"},"passport":{"task_id":"DIFF-TASK-1001-447","task_version":1,"goal_id":"GOAL-CANONICAL","scope_paths":["c:/users/lol/2026-workspace/courier/scratch/expedition_test_a/sub1"],"max_capability":"WORKSPACE_WRITE","signature":"b68f7dcf34d21f100a2952b9479d3a7251ebd91257c6978d52dd271dda46f1f9","issued_at":"2026-09-10T04:18:48.766Z"}}
FRAME:583:9b49d3d16be5584e
{"type":"TASK_STAGED","task":{"task_id":"DIFF-TASK-1001-448","title":"Differential Test Task 448","priority":"P1","working_dir":"C:/Users/lol/2026-workspace/courier/scratch/expedition_test_c","required_capability":"WORKSPACE_WRITE","version":1,"state":"STAGED"},"passport":{"task_id":"DIFF-TASK-1001-448","task_version":1,"goal_id":"GOAL-CANONICAL","scope_paths":["c:/users/lol/2026-workspace/courier/scratch/expedition_test_c"],"max_capability":"WORKSPACE_WRITE","signature":"1fa188fe4190ac70f3d3a6299666eecba98e0916cf27f0d77080c32e9bb85daa","issued_at":"2026-09-10T04:18:48.766Z"}}
FRAME:593:254a1b2a73ea27e1
{"type":"TASK_STAGED","task":{"task_id":"DIFF-TASK-1001-450","title":"Differential Test Task 450","priority":"P0","working_dir":"C:/Users/lol/2026-workspace/courier/scratch/expedition_test_a/sub1","required_capability":"WORKSPACE_WRITE","version":1,"state":"STAGED"},"passport":{"task_id":"DIFF-TASK-1001-450","task_version":1,"goal_id":"GOAL-CANONICAL","scope_paths":["c:/users/lol/2026-workspace/courier/scratch/expedition_test_a/sub1"],"max_capability":"WORKSPACE_WRITE","signature":"2d1d055cda2f204fa569dd62672eff34b4cb735213685bb79dac3ff299097128","issued_at":"2026-09-10T04:18:48.767Z"}}
FRAME:583:def35edc0a969b0b
{"type":"TASK_STAGED","task":{"task_id":"DIFF-TASK-1001-452","title":"Differential Test Task 452","priority":"P0","working_dir":"C:/Users/lol/2026-workspace/courier/scratch/expedition_test_b","required_capability":"WORKSPACE_WRITE","version":1,"state":"STAGED"},"passport":{"task_id":"DIFF-TASK-1001-452","task_version":1,"goal_id":"GOAL-CANONICAL","scope_paths":["c:/users/lol/2026-workspace/courier/scratch/expedition_test_b"],"max_capability":"WORKSPACE_WRITE","signature":"a006e7fb16dddd397ec46683ca9a0afeb4e372b56c732bf985b5307804e610a4","issued_at":"2026-09-10T04:18:48.767Z"}}
FRAME:583:fe3875d06c4ff835
{"type":"TASK_STAGED","task":{"task_id":"DIFF-TASK-1001-454","title":"Differential Test Task 454","priority":"P0","working_dir":"C:/Users/lol/2026-workspace/courier/scratch/expedition_test_b","required_capability":"WORKSPACE_WRITE","version":1,"state":"STAGED"},"passport":{"task_id":"DIFF-TASK-1001-454","task_version":1,"goal_id":"GOAL-CANONICAL","scope_paths":["c:/users/lol/2026-workspace/courier/scratch/expedition_test_b"],"max_capability":"WORKSPACE_WRITE","signature":"164984e185856abbd56a204fa38d58e538db390f1d11f4ca9197cc95ce644e4f","issued_at":"2026-09-10T04:18:48.767Z"}}
FRAME:593:e6264b11123648ae
{"type":"TASK_STAGED","task":{"task_id":"DIFF-TASK-1001-460","title":"Differential Test Task 460","priority":"P1","working_dir":"C:/Users/lol/2026-workspace/courier/scratch/expedition_test_a/sub1","required_capability":"WORKSPACE_WRITE","version":1,"state":"STAGED"},"passport":{"task_id":"DIFF-TASK-1001-460","task_version":1,"goal_id":"GOAL-CANONICAL","scope_paths":["c:/users/lol/2026-workspace/courier/scratch/expedition_test_a/sub1"],"max_capability":"WORKSPACE_WRITE","signature":"3765479be20e051f427d35c3c1db7ee7ee98a651aa2baa8eda3396e629ed5fb6","issued_at":"2026-09-10T04:18:48.767Z"}}
FRAME:583:9a0d4e2954a0a047
{"type":"TASK_STAGED","task":{"task_id":"DIFF-TASK-1001-461","title":"Differential Test Task 461","priority":"P1","working_dir":"C:/Users/lol/2026-workspace/courier/scratch/expedition_test_a","required_capability":"WORKSPACE_WRITE","version":1,"state":"STAGED"},"passport":{"task_id":"DIFF-TASK-1001-461","task_version":1,"goal_id":"GOAL-CANONICAL","scope_paths":["c:/users/lol/2026-workspace/courier/scratch/expedition_test_a"],"max_capability":"WORKSPACE_WRITE","signature":"ffb6c2959d0ed03b67469d6287ebbb87a27afc9d6dc88faf926cd31333f1790d","issued_at":"2026-09-10T04:18:48.768Z"}}
FRAME:583:195cfdb3c7a25a85
{"type":"TASK_STAGED","task":{"task_id":"DIFF-TASK-1001-463","title":"Differential Test Task 463","priority":"P0","working_dir":"C:/Users/lol/2026-workspace/courier/scratch/expedition_test_a","required_capability":"WORKSPACE_WRITE","version":1,"state":"STAGED"},"passport":{"task_id":"DIFF-TASK-1001-463","task_version":1,"goal_id":"GOAL-CANONICAL","scope_paths":["c:/users/lol/2026-workspace/courier/scratch/expedition_test_a"],"max_capability":"WORKSPACE_WRITE","signature":"d4ad00b893f90cd9a1a63ee637a24250b16d6d01125367dd3febe08ea05fc5ff","issued_at":"2026-09-10T04:18:48.768Z"}}
FRAME:583:836f453760524fec
{"type":"TASK_STAGED","task":{"task_id":"DIFF-TASK-1001-467","title":"Differential Test Task 467","priority":"P1","working_dir":"C:/Users/lol/2026-workspace/courier/scratch/expedition_test_b","required_capability":"WORKSPACE_WRITE","version":1,"state":"STAGED"},"passport":{"task_id":"DIFF-TASK-1001-467","task_version":1,"goal_id":"GOAL-CANONICAL","scope_paths":["c:/users/lol/2026-workspace/courier/scratch/expedition_test_b"],"max_capability":"WORKSPACE_WRITE","signature":"eae02596bb05efa9f89622433685d258b90967220da08fda6873fea0b6e1b065","issued_at":"2026-09-10T04:18:48.768Z"}}
FRAME:583:fe61f354ab3adfd9
{"type":"TASK_STAGED","task":{"task_id":"DIFF-TASK-1001-469","title":"Differential Test Task 469","priority":"P2","working_dir":"C:/Users/lol/2026-workspace/courier/scratch/expedition_test_a","required_capability":"WORKSPACE_WRITE","version":1,"state":"STAGED"},"passport":{"task_id":"DIFF-TASK-1001-469","task_version":1,"goal_id":"GOAL-CANONICAL","scope_paths":["c:/users/lol/2026-workspace/courier/scratch/expedition_test_a"],"max_capability":"WORKSPACE_WRITE","signature":"c5de798cc9c0ba085eaf0bb67a60ebde343a2af0af3d93c6c22b4cf892508bbb","issued_at":"2026-09-10T04:18:48.768Z"}}
FRAME:593:8c1ee5bc51b62d9d
{"type":"TASK_STAGED","task":{"task_id":"DIFF-TASK-1001-470","title":"Differential Test Task 470","priority":"P1","working_dir":"C:/Users/lol/2026-workspace/courier/scratch/expedition_test_a/sub1","required_capability":"WORKSPACE_WRITE","version":1,"state":"STAGED"},"passport":{"task_id":"DIFF-TASK-1001-470","task_version":1,"goal_id":"GOAL-CANONICAL","scope_paths":["c:/users/lol/2026-workspace/courier/scratch/expedition_test_a/sub1"],"max_capability":"WORKSPACE_WRITE","signature":"085e38c0b7d3b459b1bdcc3bb4c5826d85f837a9c05c5c3cce976e999405ebed","issued_at":"2026-09-10T04:18:48.769Z"}}
FRAME:593:4af3104158b52329
{"type":"TASK_STAGED","task":{"task_id":"DIFF-TASK-1001-472","title":"Differential Test Task 472","priority":"P1","working_dir":"C:/Users/lol/2026-workspace/courier/scratch/expedition_test_b/logs","required_capability":"WORKSPACE_WRITE","version":1,"state":"STAGED"},"passport":{"task_id":"DIFF-TASK-1001-472","task_version":1,"goal_id":"GOAL-CANONICAL","scope_paths":["c:/users/lol/2026-workspace/courier/scratch/expedition_test_b/logs"],"max_capability":"WORKSPACE_WRITE","signature":"26499a5d2e1feddf9646c986d9feeee28ef0402145e325069646a4ba972a62e5","issued_at":"2026-09-10T04:18:48.769Z"}}
FRAME:583:66e264b7f7dfca84
{"type":"TASK_STAGED","task":{"task_id":"DIFF-TASK-1001-473","title":"Differential Test Task 473","priority":"P2","working_dir":"C:/Users/lol/2026-workspace/courier/scratch/expedition_test_a","required_capability":"WORKSPACE_WRITE","version":1,"state":"STAGED"},"passport":{"task_id":"DIFF-TASK-1001-473","task_version":1,"goal_id":"GOAL-CANONICAL","scope_paths":["c:/users/lol/2026-workspace/courier/scratch/expedition_test_a"],"max_capability":"WORKSPACE_WRITE","signature":"c36f0f242fa7e14e64177d79e95f0de92fa217d47b95991f2f9366775f5bd349","issued_at":"2026-09-10T04:18:48.769Z"}}
FRAME:605:0d8bac5c3b5914cf
{"type":"TASK_STAGED","task":{"task_id":"DIFF-TASK-1001-480","title":"Differential Test Task 480","priority":"P2","working_dir":"C:/Users/lol/2026-workspace/courier/scratch/expedition_test_c/data/cache","required_capability":"WORKSPACE_WRITE","version":1,"state":"STAGED"},"passport":{"task_id":"DIFF-TASK-1001-480","task_version":1,"goal_id":"GOAL-CANONICAL","scope_paths":["c:/users/lol/2026-workspace/courier/scratch/expedition_test_c/data/cache"],"max_capability":"WORKSPACE_WRITE","signature":"4cd191739e2db1268f25c345b4337bbfed8d981e04e7034230d2ef6b2cca08c6","issued_at":"2026-09-10T04:18:48.769Z"}}
FRAME:585:93b3a26c30ad9688
{"type":"TASK_STAGED","task":{"task_id":"DIFF-TASK-1001-482","title":"Differential Test Task 482","priority":"P2","working_dir":"C:/Users/lol/2026-workspace/courier/scratch/expedition_test_b/logs","required_capability":"EXTERNAL_FS","version":1,"state":"STAGED"},"passport":{"task_id":"DIFF-TASK-1001-482","task_version":1,"goal_id":"GOAL-CANONICAL","scope_paths":["c:/users/lol/2026-workspace/courier/scratch/expedition_test_b/logs"],"max_capability":"EXTERNAL_FS","signature":"992aa58dd36834bb0604683ef1ed30e45d56a5a0d9ea1226c1b95ec9d0616b67","issued_at":"2026-09-10T04:18:48.769Z"}}
FRAME:583:f7ce30105fa64831
{"type":"TASK_STAGED","task":{"task_id":"DIFF-TASK-1001-484","title":"Differential Test Task 484","priority":"P1","working_dir":"C:/Users/lol/2026-workspace/courier/scratch/expedition_test_b","required_capability":"WORKSPACE_WRITE","version":1,"state":"STAGED"},"passport":{"task_id":"DIFF-TASK-1001-484","task_version":1,"goal_id":"GOAL-CANONICAL","scope_paths":["c:/users/lol/2026-workspace/courier/scratch/expedition_test_b"],"max_capability":"WORKSPACE_WRITE","signature":"bf2c6ff16b64190427aeeb3ff5c9b4379cdb424998b34dd49ffb093cc43e5a17","issued_at":"2026-09-10T04:18:48.770Z"}}
FRAME:593:78f8abec5c0103fa
{"type":"TASK_STAGED","task":{"task_id":"DIFF-TASK-1001-486","title":"Differential Test Task 486","priority":"P1","working_dir":"C:/Users/lol/2026-workspace/courier/scratch/expedition_test_a/sub1","required_capability":"WORKSPACE_WRITE","version":1,"state":"STAGED"},"passport":{"task_id":"DIFF-TASK-1001-486","task_version":1,"goal_id":"GOAL-CANONICAL","scope_paths":["c:/users/lol/2026-workspace/courier/scratch/expedition_test_a/sub1"],"max_capability":"WORKSPACE_WRITE","signature":"efc855bcdd4f11eb8922b22bddabf1cb5eed0908c31c2528ca6942c5b73dbf7e","issued_at":"2026-09-10T04:18:48.770Z"}}
FRAME:575:f99e9364b47096f1
{"type":"TASK_STAGED","task":{"task_id":"DIFF-TASK-1001-487","title":"Differential Test Task 487","priority":"P2","working_dir":"C:/Users/lol/2026-workspace/courier/scratch/expedition_test_a","required_capability":"EXTERNAL_FS","version":1,"state":"STAGED"},"passport":{"task_id":"DIFF-TASK-1001-487","task_version":1,"goal_id":"GOAL-CANONICAL","scope_paths":["c:/users/lol/2026-workspace/courier/scratch/expedition_test_a"],"max_capability":"EXTERNAL_FS","signature":"d2bbb462d444b36cb5d55b28aecd3b46ffb20c07a368ea43900793f21942e172","issued_at":"2026-09-10T04:18:48.770Z"}}
FRAME:575:e565f6240def9f09
{"type":"TASK_STAGED","task":{"task_id":"DIFF-TASK-1001-488","title":"Differential Test Task 488","priority":"P2","working_dir":"C:/Users/lol/2026-workspace/courier/scratch/expedition_test_b","required_capability":"EXTERNAL_FS","version":1,"state":"STAGED"},"passport":{"task_id":"DIFF-TASK-1001-488","task_version":1,"goal_id":"GOAL-CANONICAL","scope_paths":["c:/users/lol/2026-workspace/courier/scratch/expedition_test_b"],"max_capability":"EXTERNAL_FS","signature":"fd13d7e19a001134605f3ffadac90fc4e9eb905c3c661a74f1dab1d3c85f785a","issued_at":"2026-09-10T04:18:48.770Z"}}
FRAME:583:507861d99a115876
{"type":"TASK_STAGED","task":{"task_id":"DIFF-TASK-1001-490","title":"Differential Test Task 490","priority":"P0","working_dir":"C:/Users/lol/2026-workspace/courier/scratch/expedition_test_b","required_capability":"WORKSPACE_WRITE","version":1,"state":"STAGED"},"passport":{"task_id":"DIFF-TASK-1001-490","task_version":1,"goal_id":"GOAL-CANONICAL","scope_paths":["c:/users/lol/2026-workspace/courier/scratch/expedition_test_b"],"max_capability":"WORKSPACE_WRITE","signature":"37b7cb7945094456e6a862b75ca5ff9d5c8c78dca8503bb3d4e59dff91b30157","issued_at":"2026-09-10T04:18:48.771Z"}}
FRAME:605:57bdc75108eb52f0
{"type":"TASK_STAGED","task":{"task_id":"DIFF-TASK-1001-492","title":"Differential Test Task 492","priority":"P0","working_dir":"C:/Users/lol/2026-workspace/courier/scratch/expedition_test_c/data/cache","required_capability":"WORKSPACE_WRITE","version":1,"state":"STAGED"},"passport":{"task_id":"DIFF-TASK-1001-492","task_version":1,"goal_id":"GOAL-CANONICAL","scope_paths":["c:/users/lol/2026-workspace/courier/scratch/expedition_test_c/data/cache"],"max_capability":"WORKSPACE_WRITE","signature":"e55cfb5d47ca5936b260a648da8fdecd189406f23bd3aeed4da209e70968553a","issued_at":"2026-09-10T04:18:48.771Z"}}
FRAME:593:0f6ecd881acc4161
{"type":"TASK_STAGED","task":{"task_id":"DIFF-TASK-1001-496","title":"Differential Test Task 496","priority":"P0","working_dir":"C:/Users/lol/2026-workspace/courier/scratch/expedition_test_b/logs","required_capability":"WORKSPACE_WRITE","version":1,"state":"STAGED"},"passport":{"task_id":"DIFF-TASK-1001-496","task_version":1,"goal_id":"GOAL-CANONICAL","scope_paths":["c:/users/lol/2026-workspace/courier/scratch/expedition_test_b/logs"],"max_capability":"WORKSPACE_WRITE","signature":"b36c57283b96324cbe9710759548376056b2ea55228272ff6076a4b5bded6878","issued_at":"2026-09-10T04:18:48.771Z"}}
FRAME:605:bf76547e66280e19
{"type":"TASK_STAGED","task":{"task_id":"DIFF-TASK-1001-498","title":"Differential Test Task 498","priority":"P1","working_dir":"C:/Users/lol/2026-workspace/courier/scratch/expedition_test_c/data/cache","required_capability":"WORKSPACE_WRITE","version":1,"state":"STAGED"},"passport":{"task_id":"DIFF-TASK-1001-498","task_version":1,"goal_id":"GOAL-CANONICAL","scope_paths":["c:/users/lol/2026-workspace/courier/scratch/expedition_test_c/data/cache"],"max_capability":"WORKSPACE_WRITE","signature":"0f0bdfe1222772047461e0ecc4cf156eb34f861fb959a67a1efc405b743faaac","issued_at":"2026-09-10T04:18:48.771Z"}}
FRAME:593:51fe79cd7311831f
{"type":"TASK_STAGED","task":{"task_id":"DIFF-TASK-1001-499","title":"Differential Test Task 499","priority":"P2","working_dir":"C:/Users/lol/2026-workspace/courier/scratch/expedition_test_b/logs","required_capability":"WORKSPACE_WRITE","version":1,"state":"STAGED"},"passport":{"task_id":"DIFF-TASK-1001-499","task_version":1,"goal_id":"GOAL-CANONICAL","scope_paths":["c:/users/lol/2026-workspace/courier/scratch/expedition_test_b/logs"],"max_capability":"WORKSPACE_WRITE","signature":"dfd8a643a7193946be1b0e07efcc7a3811149b6c0f6e6c048cab36034780772c","issued_at":"2026-09-10T04:18:48.771Z"}}
FRAME:585:ce7d26621a5a78b8
{"type":"TASK_STAGED","task":{"task_id":"DIFF-TASK-1001-502","title":"Differential Test Task 502","priority":"P0","working_dir":"C:/Users/lol/2026-workspace/courier/scratch/expedition_test_a/sub1","required_capability":"EXTERNAL_FS","version":1,"state":"STAGED"},"passport":{"task_id":"DIFF-TASK-1001-502","task_version":1,"goal_id":"GOAL-CANONICAL","scope_paths":["c:/users/lol/2026-workspace/courier/scratch/expedition_test_a/sub1"],"max_capability":"EXTERNAL_FS","signature":"271d2bebf59a92a141f252a954ca61d4b085ee110f53628d4e64c49005e84fb1","issued_at":"2026-09-10T04:18:48.772Z"}}
FRAME:605:f7d1438323fd170e
{"type":"TASK_STAGED","task":{"task_id":"DIFF-TASK-1001-506","title":"Differential Test Task 506","priority":"P0","working_dir":"C:/Users/lol/2026-workspace/courier/scratch/expedition_test_c/data/cache","required_capability":"WORKSPACE_WRITE","version":1,"state":"STAGED"},"passport":{"task_id":"DIFF-TASK-1001-506","task_version":1,"goal_id":"GOAL-CANONICAL","scope_paths":["c:/users/lol/2026-workspace/courier/scratch/expedition_test_c/data/cache"],"max_capability":"WORKSPACE_WRITE","signature":"bdf4838aaacc773151c272d1f4ba5c9f9c1c06c142ca4cc08c49ea2e116436cc","issued_at":"2026-09-10T04:18:48.772Z"}}
FRAME:583:4ac134c1764157ad
{"type":"TASK_STAGED","task":{"task_id":"DIFF-TASK-1001-507","title":"Differential Test Task 507","priority":"P1","working_dir":"C:/Users/lol/2026-workspace/courier/scratch/expedition_test_c","required_capability":"WORKSPACE_WRITE","version":1,"state":"STAGED"},"passport":{"task_id":"DIFF-TASK-1001-507","task_version":1,"goal_id":"GOAL-CANONICAL","scope_paths":["c:/users/lol/2026-workspace/courier/scratch/expedition_test_c"],"max_capability":"WORKSPACE_WRITE","signature":"1dd5c302cc8acc2e0bc749f6143e8739c3ca042cebbfd247fdb05be028287777","issued_at":"2026-09-10T04:18:48.773Z"}}
FRAME:583:30a4f714456a935f
{"type":"TASK_STAGED","task":{"task_id":"DIFF-TASK-1001-511","title":"Differential Test Task 511","priority":"P1","working_dir":"C:/Users/lol/2026-workspace/courier/scratch/expedition_test_c","required_capability":"WORKSPACE_WRITE","version":1,"state":"STAGED"},"passport":{"task_id":"DIFF-TASK-1001-511","task_version":1,"goal_id":"GOAL-CANONICAL","scope_paths":["c:/users/lol/2026-workspace/courier/scratch/expedition_test_c"],"max_capability":"WORKSPACE_WRITE","signature":"a02691d623b002e4f197740c2c28df08aaa79adefd67afdfee38403c775b05ec","issued_at":"2026-09-10T04:18:48.773Z"}}
FRAME:583:11a11c3a93c2541a
{"type":"TASK_STAGED","task":{"task_id":"DIFF-TASK-1001-512","title":"Differential Test Task 512","priority":"P1","working_dir":"C:/Users/lol/2026-workspace/courier/scratch/expedition_test_a","required_capability":"WORKSPACE_WRITE","version":1,"state":"STAGED"},"passport":{"task_id":"DIFF-TASK-1001-512","task_version":1,"goal_id":"GOAL-CANONICAL","scope_paths":["c:/users/lol/2026-workspace/courier/scratch/expedition_test_a"],"max_capability":"WORKSPACE_WRITE","signature":"fe0a79c23266a4f7031ea048aa55ffa07fa6f8478e54abc56113f622520c297e","issued_at":"2026-09-10T04:18:48.773Z"}}
FRAME:605:bee47323593f1223
{"type":"TASK_STAGED","task":{"task_id":"DIFF-TASK-1001-513","title":"Differential Test Task 513","priority":"P1","working_dir":"C:/Users/lol/2026-workspace/courier/scratch/expedition_test_c/data/cache","required_capability":"WORKSPACE_WRITE","version":1,"state":"STAGED"},"passport":{"task_id":"DIFF-TASK-1001-513","task_version":1,"goal_id":"GOAL-CANONICAL","scope_paths":["c:/users/lol/2026-workspace/courier/scratch/expedition_test_c/data/cache"],"max_capability":"WORKSPACE_WRITE","signature":"d40df33f9011a6e84619e830ed28759acd15df7058ead33ea50363262a988a1f","issued_at":"2026-09-10T04:18:48.774Z"}}
FRAME:583:2d68866a9ca0461b
{"type":"TASK_STAGED","task":{"task_id":"DIFF-TASK-1001-514","title":"Differential Test Task 514","priority":"P1","working_dir":"C:/Users/lol/2026-workspace/courier/scratch/expedition_test_c","required_capability":"WORKSPACE_WRITE","version":1,"state":"STAGED"},"passport":{"task_id":"DIFF-TASK-1001-514","task_version":1,"goal_id":"GOAL-CANONICAL","scope_paths":["c:/users/lol/2026-workspace/courier/scratch/expedition_test_c"],"max_capability":"WORKSPACE_WRITE","signature":"96a852a4f4b02a0727a840a52c98bf1cecdc5a82e3126f12609d1f25219dc810","issued_at":"2026-09-10T04:18:48.774Z"}}
FRAME:583:f10f50e32fcccc84
{"type":"TASK_STAGED","task":{"task_id":"DIFF-TASK-1001-515","title":"Differential Test Task 515","priority":"P1","working_dir":"C:/Users/lol/2026-workspace/courier/scratch/expedition_test_c","required_capability":"WORKSPACE_WRITE","version":1,"state":"STAGED"},"passport":{"task_id":"DIFF-TASK-1001-515","task_version":1,"goal_id":"GOAL-CANONICAL","scope_paths":["c:/users/lol/2026-workspace/courier/scratch/expedition_test_c"],"max_capability":"WORKSPACE_WRITE","signature":"618eaa2d5b366993175212d6978905bd157a8286c9139e7709b2985ef4944f71","issued_at":"2026-09-10T04:18:48.774Z"}}
FRAME:583:d318403d0fada407
{"type":"TASK_STAGED","task":{"task_id":"DIFF-TASK-1001-518","title":"Differential Test Task 518","priority":"P1","working_dir":"C:/Users/lol/2026-workspace/courier/scratch/expedition_test_c","required_capability":"WORKSPACE_WRITE","version":1,"state":"STAGED"},"passport":{"task_id":"DIFF-TASK-1001-518","task_version":1,"goal_id":"GOAL-CANONICAL","scope_paths":["c:/users/lol/2026-workspace/courier/scratch/expedition_test_c"],"max_capability":"WORKSPACE_WRITE","signature":"e47a496d36d9ca3b3c3860cd149cffaff9e70d26f92dc2b15a9060fb62a5f4b4","issued_at":"2026-09-10T04:18:48.775Z"}}
FRAME:605:4af1bc937c4b4619
{"type":"TASK_STAGED","task":{"task_id":"DIFF-TASK-1001-519","title":"Differential Test Task 519","priority":"P1","working_dir":"C:/Users/lol/2026-workspace/courier/scratch/expedition_test_c/data/cache","required_capability":"WORKSPACE_WRITE","version":1,"state":"STAGED"},"passport":{"task_id":"DIFF-TASK-1001-519","task_version":1,"goal_id":"GOAL-CANONICAL","scope_paths":["c:/users/lol/2026-workspace/courier/scratch/expedition_test_c/data/cache"],"max_capability":"WORKSPACE_WRITE","signature":"ff5d1aadb7fc170faea2a290aa54275a9f3a6106d0d5ec5324971df391b15896","issued_at":"2026-09-10T04:18:48.775Z"}}
FRAME:597:99129ed649cfbe6d
{"type":"TASK_STAGED","task":{"task_id":"DIFF-TASK-1001-520","title":"Differential Test Task 520","priority":"P1","working_dir":"C:/Users/lol/2026-workspace/courier/scratch/expedition_test_c/data/cache","required_capability":"EXTERNAL_FS","version":1,"state":"STAGED"},"passport":{"task_id":"DIFF-TASK-1001-520","task_version":1,"goal_id":"GOAL-CANONICAL","scope_paths":["c:/users/lol/2026-workspace/courier/scratch/expedition_test_c/data/cache"],"max_capability":"EXTERNAL_FS","signature":"01b08fea084ced983622fe760755a683df74f2b7bdc9286a2009f03cf30b921e","issued_at":"2026-09-10T04:18:48.775Z"}}
FRAME:575:571f19a8df961e2a
{"type":"TASK_STAGED","task":{"task_id":"DIFF-TASK-1001-528","title":"Differential Test Task 528","priority":"P2","working_dir":"C:/Users/lol/2026-workspace/courier/scratch/expedition_test_b","required_capability":"EXTERNAL_FS","version":1,"state":"STAGED"},"passport":{"task_id":"DIFF-TASK-1001-528","task_version":1,"goal_id":"GOAL-CANONICAL","scope_paths":["c:/users/lol/2026-workspace/courier/scratch/expedition_test_b"],"max_capability":"EXTERNAL_FS","signature":"1a3772c4076585f955a11695613cf239be61d86b32c10fb66c1c3be9f727d6db","issued_at":"2026-09-10T04:18:48.776Z"}}
FRAME:583:7ce7eb11eaa9bed5
{"type":"TASK_STAGED","task":{"task_id":"DIFF-TASK-1001-537","title":"Differential Test Task 537","priority":"P2","working_dir":"C:/Users/lol/2026-workspace/courier/scratch/expedition_test_b","required_capability":"WORKSPACE_WRITE","version":1,"state":"STAGED"},"passport":{"task_id":"DIFF-TASK-1001-537","task_version":1,"goal_id":"GOAL-CANONICAL","scope_paths":["c:/users/lol/2026-workspace/courier/scratch/expedition_test_b"],"max_capability":"WORKSPACE_WRITE","signature":"109bf00c45ef5877c2eeb4f96f40c65c19d20788c19b4142a1dfa9cf9029a2b3","issued_at":"2026-09-10T04:18:48.777Z"}}
FRAME:583:77f9683a7fda0cbc
{"type":"TASK_STAGED","task":{"task_id":"DIFF-TASK-1001-538","title":"Differential Test Task 538","priority":"P0","working_dir":"C:/Users/lol/2026-workspace/courier/scratch/expedition_test_c","required_capability":"WORKSPACE_WRITE","version":1,"state":"STAGED"},"passport":{"task_id":"DIFF-TASK-1001-538","task_version":1,"goal_id":"GOAL-CANONICAL","scope_paths":["c:/users/lol/2026-workspace/courier/scratch/expedition_test_c"],"max_capability":"WORKSPACE_WRITE","signature":"fe27908d66bfa3ed05dfa9946617aaf0bad2ee912e8b2577bf50e344f0015817","issued_at":"2026-09-10T04:18:48.777Z"}}
FRAME:583:ffdac35a81b78322
{"type":"TASK_STAGED","task":{"task_id":"DIFF-TASK-1001-539","title":"Differential Test Task 539","priority":"P2","working_dir":"C:/Users/lol/2026-workspace/courier/scratch/expedition_test_a","required_capability":"WORKSPACE_WRITE","version":1,"state":"STAGED"},"passport":{"task_id":"DIFF-TASK-1001-539","task_version":1,"goal_id":"GOAL-CANONICAL","scope_paths":["c:/users/lol/2026-workspace/courier/scratch/expedition_test_a"],"max_capability":"WORKSPACE_WRITE","signature":"ee5cf40c1a9ac769c5c2ebbab912fbfd1e466478ea36210615cd77ec9ef4d25e","issued_at":"2026-09-10T04:18:48.778Z"}}
FRAME:605:5103ae4c3e7febd1
{"type":"TASK_STAGED","task":{"task_id":"DIFF-TASK-1001-543","title":"Differential Test Task 543","priority":"P1","working_dir":"C:/Users/lol/2026-workspace/courier/scratch/expedition_test_c/data/cache","required_capability":"WORKSPACE_WRITE","version":1,"state":"STAGED"},"passport":{"task_id":"DIFF-TASK-1001-543","task_version":1,"goal_id":"GOAL-CANONICAL","scope_paths":["c:/users/lol/2026-workspace/courier/scratch/expedition_test_c/data/cache"],"max_capability":"WORKSPACE_WRITE","signature":"9138035e25ed88d83f9ed822864bb8c50bd7ca912940ca191df911bfb6a60daa","issued_at":"2026-09-10T04:18:48.778Z"}}
FRAME:593:73a777714c3e17e2
{"type":"TASK_STAGED","task":{"task_id":"DIFF-TASK-1001-544","title":"Differential Test Task 544","priority":"P2","working_dir":"C:/Users/lol/2026-workspace/courier/scratch/expedition_test_b/logs","required_capability":"WORKSPACE_WRITE","version":1,"state":"STAGED"},"passport":{"task_id":"DIFF-TASK-1001-544","task_version":1,"goal_id":"GOAL-CANONICAL","scope_paths":["c:/users/lol/2026-workspace/courier/scratch/expedition_test_b/logs"],"max_capability":"WORKSPACE_WRITE","signature":"9824a26168b55c6ead7dd49215242c0c3c328ea137e921aeaa37c5fcf5c69cc4","issued_at":"2026-09-10T04:18:48.779Z"}}
FRAME:583:4366c2059b84622e
{"type":"TASK_STAGED","task":{"task_id":"DIFF-TASK-1001-545","title":"Differential Test Task 545","priority":"P2","working_dir":"C:/Users/lol/2026-workspace/courier/scratch/expedition_test_b","required_capability":"WORKSPACE_WRITE","version":1,"state":"STAGED"},"passport":{"task_id":"DIFF-TASK-1001-545","task_version":1,"goal_id":"GOAL-CANONICAL","scope_paths":["c:/users/lol/2026-workspace/courier/scratch/expedition_test_b"],"max_capability":"WORKSPACE_WRITE","signature":"9eb412f23616313e5db5397a46d9f94f68402e0814e14ec5953b43d164e49395","issued_at":"2026-09-10T04:18:48.779Z"}}
FRAME:593:7fb39697d03136fb
{"type":"TASK_STAGED","task":{"task_id":"DIFF-TASK-1001-547","title":"Differential Test Task 547","priority":"P1","working_dir":"C:/Users/lol/2026-workspace/courier/scratch/expedition_test_b/logs","required_capability":"WORKSPACE_WRITE","version":1,"state":"STAGED"},"passport":{"task_id":"DIFF-TASK-1001-547","task_version":1,"goal_id":"GOAL-CANONICAL","scope_paths":["c:/users/lol/2026-workspace/courier/scratch/expedition_test_b/logs"],"max_capability":"WORKSPACE_WRITE","signature":"03e45a7402cad24c7301c759e961aca239c5d466e4c6ca2e9be2e019a83939c0","issued_at":"2026-09-10T04:18:48.779Z"}}
FRAME:583:986a840d852e3611
{"type":"TASK_STAGED","task":{"task_id":"DIFF-TASK-1001-550","title":"Differential Test Task 550","priority":"P2","working_dir":"C:/Users/lol/2026-workspace/courier/scratch/expedition_test_b","required_capability":"WORKSPACE_WRITE","version":1,"state":"STAGED"},"passport":{"task_id":"DIFF-TASK-1001-550","task_version":1,"goal_id":"GOAL-CANONICAL","scope_paths":["c:/users/lol/2026-workspace/courier/scratch/expedition_test_b"],"max_capability":"WORKSPACE_WRITE","signature":"b3ab583ad9679885f855a348d9d44878e79494545344c20662d35ea23c9296fb","issued_at":"2026-09-10T04:18:48.780Z"}}
FRAME:575:d8ba37b17ef732b2
{"type":"TASK_STAGED","task":{"task_id":"DIFF-TASK-1001-551","title":"Differential Test Task 551","priority":"P1","working_dir":"C:/Users/lol/2026-workspace/courier/scratch/expedition_test_a","required_capability":"EXTERNAL_FS","version":1,"state":"STAGED"},"passport":{"task_id":"DIFF-TASK-1001-551","task_version":1,"goal_id":"GOAL-CANONICAL","scope_paths":["c:/users/lol/2026-workspace/courier/scratch/expedition_test_a"],"max_capability":"EXTERNAL_FS","signature":"422412efa4ba640328708f1ee7b4caea78741826124516d1fc6358d9c538a20b","issued_at":"2026-09-10T04:18:48.780Z"}}
FRAME:583:40cc6f95cdd62bb1
{"type":"TASK_STAGED","task":{"task_id":"DIFF-TASK-1001-552","title":"Differential Test Task 552","priority":"P1","working_dir":"C:/Users/lol/2026-workspace/courier/scratch/expedition_test_c","required_capability":"WORKSPACE_WRITE","version":1,"state":"STAGED"},"passport":{"task_id":"DIFF-TASK-1001-552","task_version":1,"goal_id":"GOAL-CANONICAL","scope_paths":["c:/users/lol/2026-workspace/courier/scratch/expedition_test_c"],"max_capability":"WORKSPACE_WRITE","signature":"2917da77f46285feaf4f2872130a79c481d0c8917aa777f1122bdc7a8d0dffdf","issued_at":"2026-09-10T04:18:48.780Z"}}
FRAME:593:88fcdb2bab1f525f
{"type":"TASK_STAGED","task":{"task_id":"DIFF-TASK-1001-556","title":"Differential Test Task 556","priority":"P2","working_dir":"C:/Users/lol/2026-workspace/courier/scratch/expedition_test_b/logs","required_capability":"WORKSPACE_WRITE","version":1,"state":"STAGED"},"passport":{"task_id":"DIFF-TASK-1001-556","task_version":1,"goal_id":"GOAL-CANONICAL","scope_paths":["c:/users/lol/2026-workspace/courier/scratch/expedition_test_b/logs"],"max_capability":"WORKSPACE_WRITE","signature":"bdfdc06c4413475e8b0ca2679f9685d830f37fb46f7014ee54128e28dee81a1a","issued_at":"2026-09-10T04:18:48.780Z"}}
FRAME:583:4da9e7b84e54beb6
{"type":"TASK_STAGED","task":{"task_id":"DIFF-TASK-1001-557","title":"Differential Test Task 557","priority":"P1","working_dir":"C:/Users/lol/2026-workspace/courier/scratch/expedition_test_b","required_capability":"WORKSPACE_WRITE","version":1,"state":"STAGED"},"passport":{"task_id":"DIFF-TASK-1001-557","task_version":1,"goal_id":"GOAL-CANONICAL","scope_paths":["c:/users/lol/2026-workspace/courier/scratch/expedition_test_b"],"max_capability":"WORKSPACE_WRITE","signature":"1172f523773336430c6b56e8e8b9a1d2dc5870eadb4db8bd857ab059db9847c0","issued_at":"2026-09-10T04:18:48.781Z"}}
FRAME:583:510f6c0c5912c159
{"type":"TASK_STAGED","task":{"task_id":"DIFF-TASK-1001-558","title":"Differential Test Task 558","priority":"P0","working_dir":"C:/Users/lol/2026-workspace/courier/scratch/expedition_test_a","required_capability":"WORKSPACE_WRITE","version":1,"state":"STAGED"},"passport":{"task_id":"DIFF-TASK-1001-558","task_version":1,"goal_id":"GOAL-CANONICAL","scope_paths":["c:/users/lol/2026-workspace/courier/scratch/expedition_test_a"],"max_capability":"WORKSPACE_WRITE","signature":"8f6dd80137e064f62d12489a5cf0255d1d5cf7acac45e2ba90fe51496e8cc69f","issued_at":"2026-09-10T04:18:48.781Z"}}
FRAME:605:2389abb7a765894f
{"type":"TASK_STAGED","task":{"task_id":"DIFF-TASK-1001-567","title":"Differential Test Task 567","priority":"P1","working_dir":"C:/Users/lol/2026-workspace/courier/scratch/expedition_test_c/data/cache","required_capability":"WORKSPACE_WRITE","version":1,"state":"STAGED"},"passport":{"task_id":"DIFF-TASK-1001-567","task_version":1,"goal_id":"GOAL-CANONICAL","scope_paths":["c:/users/lol/2026-workspace/courier/scratch/expedition_test_c/data/cache"],"max_capability":"WORKSPACE_WRITE","signature":"a95c5eecb4732f8108e0b38c321562223aef36b9ad7e933857bdf0565e473986","issued_at":"2026-09-10T04:18:48.781Z"}}
FRAME:583:2bd57e17d1b908c6
{"type":"TASK_STAGED","task":{"task_id":"DIFF-TASK-1001-568","title":"Differential Test Task 568","priority":"P0","working_dir":"C:/Users/lol/2026-workspace/courier/scratch/expedition_test_b","required_capability":"WORKSPACE_WRITE","version":1,"state":"STAGED"},"passport":{"task_id":"DIFF-TASK-1001-568","task_version":1,"goal_id":"GOAL-CANONICAL","scope_paths":["c:/users/lol/2026-workspace/courier/scratch/expedition_test_b"],"max_capability":"WORKSPACE_WRITE","signature":"1617d450e1671b784006259f49664764474533ea9cd2a685011bfa7bbda5f367","issued_at":"2026-09-10T04:18:48.782Z"}}
FRAME:605:0d1fe9563cebd065
{"type":"TASK_STAGED","task":{"task_id":"DIFF-TASK-1001-571","title":"Differential Test Task 571","priority":"P2","working_dir":"C:/Users/lol/2026-workspace/courier/scratch/expedition_test_c/data/cache","required_capability":"WORKSPACE_WRITE","version":1,"state":"STAGED"},"passport":{"task_id":"DIFF-TASK-1001-571","task_version":1,"goal_id":"GOAL-CANONICAL","scope_paths":["c:/users/lol/2026-workspace/courier/scratch/expedition_test_c/data/cache"],"max_capability":"WORKSPACE_WRITE","signature":"74d2795b912dedf3d06f0923ec37b59bb87af52ace11a7487cc1b7417497ef0d","issued_at":"2026-09-10T04:18:48.782Z"}}
FRAME:593:4343fd0e3b9a18dd
{"type":"TASK_STAGED","task":{"task_id":"DIFF-TASK-1001-572","title":"Differential Test Task 572","priority":"P1","working_dir":"C:/Users/lol/2026-workspace/courier/scratch/expedition_test_a/sub1","required_capability":"WORKSPACE_WRITE","version":1,"state":"STAGED"},"passport":{"task_id":"DIFF-TASK-1001-572","task_version":1,"goal_id":"GOAL-CANONICAL","scope_paths":["c:/users/lol/2026-workspace/courier/scratch/expedition_test_a/sub1"],"max_capability":"WORKSPACE_WRITE","signature":"94a4f7fc41af9d39e6fd0d16d2fff8c3d382f81b04a51358c7de9418c8f6bba3","issued_at":"2026-09-10T04:18:48.782Z"}}
FRAME:583:021a671428d6e3de
{"type":"TASK_STAGED","task":{"task_id":"DIFF-TASK-1001-575","title":"Differential Test Task 575","priority":"P1","working_dir":"C:/Users/lol/2026-workspace/courier/scratch/expedition_test_b","required_capability":"WORKSPACE_WRITE","version":1,"state":"STAGED"},"passport":{"task_id":"DIFF-TASK-1001-575","task_version":1,"goal_id":"GOAL-CANONICAL","scope_paths":["c:/users/lol/2026-workspace/courier/scratch/expedition_test_b"],"max_capability":"WORKSPACE_WRITE","signature":"1c89229396c76d0bebd806b6e262ee36c5afce625b866d74c057f329a4bc47d1","issued_at":"2026-09-10T04:18:48.782Z"}}
FRAME:583:57dbdf790184ad80
{"type":"TASK_STAGED","task":{"task_id":"DIFF-TASK-1001-582","title":"Differential Test Task 582","priority":"P0","working_dir":"C:/Users/lol/2026-workspace/courier/scratch/expedition_test_c","required_capability":"WORKSPACE_WRITE","version":1,"state":"STAGED"},"passport":{"task_id":"DIFF-TASK-1001-582","task_version":1,"goal_id":"GOAL-CANONICAL","scope_paths":["c:/users/lol/2026-workspace/courier/scratch/expedition_test_c"],"max_capability":"WORKSPACE_WRITE","signature":"200a755796966e37cb9acb11b51e02308caeb8eba780192b2f397222cbf10ba3","issued_at":"2026-09-10T04:18:48.783Z"}}
FRAME:593:c992994b1d12af0b
{"type":"TASK_STAGED","task":{"task_id":"DIFF-TASK-1001-584","title":"Differential Test Task 584","priority":"P1","working_dir":"C:/Users/lol/2026-workspace/courier/scratch/expedition_test_a/sub1","required_capability":"WORKSPACE_WRITE","version":1,"state":"STAGED"},"passport":{"task_id":"DIFF-TASK-1001-584","task_version":1,"goal_id":"GOAL-CANONICAL","scope_paths":["c:/users/lol/2026-workspace/courier/scratch/expedition_test_a/sub1"],"max_capability":"WORKSPACE_WRITE","signature":"f367ff37821cd5374085c62fbbc0aa74635800b1d8cb5528d6db8fef56f228db","issued_at":"2026-09-10T04:18:48.783Z"}}
FRAME:583:12b67d9e10e30c62
{"type":"TASK_STAGED","task":{"task_id":"DIFF-TASK-1001-586","title":"Differential Test Task 586","priority":"P2","working_dir":"C:/Users/lol/2026-workspace/courier/scratch/expedition_test_a","required_capability":"WORKSPACE_WRITE","version":1,"state":"STAGED"},"passport":{"task_id":"DIFF-TASK-1001-586","task_version":1,"goal_id":"GOAL-CANONICAL","scope_paths":["c:/users/lol/2026-workspace/courier/scratch/expedition_test_a"],"max_capability":"WORKSPACE_WRITE","signature":"318d612173e9519ac68829309f89ee22cf45ca3c535ae127d7f561eaf2e118f4","issued_at":"2026-09-10T04:18:48.783Z"}}
FRAME:575:f6476bc34543a5be
{"type":"TASK_STAGED","task":{"task_id":"DIFF-TASK-1001-588","title":"Differential Test Task 588","priority":"P1","working_dir":"C:/Users/lol/2026-workspace/courier/scratch/expedition_test_c","required_capability":"EXTERNAL_FS","version":1,"state":"STAGED"},"passport":{"task_id":"DIFF-TASK-1001-588","task_version":1,"goal_id":"GOAL-CANONICAL","scope_paths":["c:/users/lol/2026-workspace/courier/scratch/expedition_test_c"],"max_capability":"EXTERNAL_FS","signature":"b7de931098d2477928cb794a908b8f5408a9849a17308f2a71f2eee43eb1565f","issued_at":"2026-09-10T04:18:48.784Z"}}
FRAME:605:dad7556b438180ae
{"type":"TASK_STAGED","task":{"task_id":"DIFF-TASK-1001-589","title":"Differential Test Task 589","priority":"P2","working_dir":"C:/Users/lol/2026-workspace/courier/scratch/expedition_test_c/data/cache","required_capability":"WORKSPACE_WRITE","version":1,"state":"STAGED"},"passport":{"task_id":"DIFF-TASK-1001-589","task_version":1,"goal_id":"GOAL-CANONICAL","scope_paths":["c:/users/lol/2026-workspace/courier/scratch/expedition_test_c/data/cache"],"max_capability":"WORKSPACE_WRITE","signature":"47c1de1de5ce6aaea83c2e6fcc79da2fca9901e85f8a0ceed4974e14413a7ab4","issued_at":"2026-09-10T04:18:48.784Z"}}
FRAME:583:1950c033a85a2309
{"type":"TASK_STAGED","task":{"task_id":"DIFF-TASK-1001-591","title":"Differential Test Task 591","priority":"P0","working_dir":"C:/Users/lol/2026-workspace/courier/scratch/expedition_test_a","required_capability":"WORKSPACE_WRITE","version":1,"state":"STAGED"},"passport":{"task_id":"DIFF-TASK-1001-591","task_version":1,"goal_id":"GOAL-CANONICAL","scope_paths":["c:/users/lol/2026-workspace/courier/scratch/expedition_test_a"],"max_capability":"WORKSPACE_WRITE","signature":"5a5608c4648598690eeaf69c1cf6a1ba85daa3aa95ce7a8fd66ce995b358b8a3","issued_at":"2026-09-10T04:18:48.784Z"}}
FRAME:583:de47a57874a40b56
{"type":"TASK_STAGED","task":{"task_id":"DIFF-TASK-1001-593","title":"Differential Test Task 593","priority":"P2","working_dir":"C:/Users/lol/2026-workspace/courier/scratch/expedition_test_b","required_capability":"WORKSPACE_WRITE","version":1,"state":"STAGED"},"passport":{"task_id":"DIFF-TASK-1001-593","task_version":1,"goal_id":"GOAL-CANONICAL","scope_paths":["c:/users/lol/2026-workspace/courier/scratch/expedition_test_b"],"max_capability":"WORKSPACE_WRITE","signature":"4dd26b918eae7f8e3db1d92c9ecff477d23749db405a6f6bc5427d482e8bc76e","issued_at":"2026-09-10T04:18:48.785Z"}}
FRAME:583:bde30ea322c7597a
{"type":"TASK_STAGED","task":{"task_id":"DIFF-TASK-1001-595","title":"Differential Test Task 595","priority":"P2","working_dir":"C:/Users/lol/2026-workspace/courier/scratch/expedition_test_c","required_capability":"WORKSPACE_WRITE","version":1,"state":"STAGED"},"passport":{"task_id":"DIFF-TASK-1001-595","task_version":1,"goal_id":"GOAL-CANONICAL","scope_paths":["c:/users/lol/2026-workspace/courier/scratch/expedition_test_c"],"max_capability":"WORKSPACE_WRITE","signature":"39a4fb6c04bfafee5d7c2c0060e59f47e9459fc084815d3427e5702d3a2dfe90","issued_at":"2026-09-10T04:18:48.785Z"}}
FRAME:583:0a47af222612a987
{"type":"TASK_STAGED","task":{"task_id":"DIFF-TASK-1001-597","title":"Differential Test Task 597","priority":"P2","working_dir":"C:/Users/lol/2026-workspace/courier/scratch/expedition_test_a","required_capability":"WORKSPACE_WRITE","version":1,"state":"STAGED"},"passport":{"task_id":"DIFF-TASK-1001-597","task_version":1,"goal_id":"GOAL-CANONICAL","scope_paths":["c:/users/lol/2026-workspace/courier/scratch/expedition_test_a"],"max_capability":"WORKSPACE_WRITE","signature":"b58e2a6805c2d660dd83d2c0657a44ba5a3731b3a086440ab3f289009f01da32","issued_at":"2026-09-10T04:18:48.785Z"}}
FRAME:605:947834ca79399704
{"type":"TASK_STAGED","task":{"task_id":"DIFF-TASK-1001-599","title":"Differential Test Task 599","priority":"P1","working_dir":"C:/Users/lol/2026-workspace/courier/scratch/expedition_test_c/data/cache","required_capability":"WORKSPACE_WRITE","version":1,"state":"STAGED"},"passport":{"task_id":"DIFF-TASK-1001-599","task_version":1,"goal_id":"GOAL-CANONICAL","scope_paths":["c:/users/lol/2026-workspace/courier/scratch/expedition_test_c/data/cache"],"max_capability":"WORKSPACE_WRITE","signature":"21eea6bf40fdfad6157cf4bbbe1788144cebfd4179dcab1641ef813fe8ec3e7e","issued_at":"2026-09-10T04:18:48.786Z"}}
FRAME:593:968fe08db3b4dc9c
{"type":"TASK_STAGED","task":{"task_id":"DIFF-TASK-1001-601","title":"Differential Test Task 601","priority":"P2","working_dir":"C:/Users/lol/2026-workspace/courier/scratch/expedition_test_b/logs","required_capability":"WORKSPACE_WRITE","version":1,"state":"STAGED"},"passport":{"task_id":"DIFF-TASK-1001-601","task_version":1,"goal_id":"GOAL-CANONICAL","scope_paths":["c:/users/lol/2026-workspace/courier/scratch/expedition_test_b/logs"],"max_capability":"WORKSPACE_WRITE","signature":"19a3ee6c826de925d7190aa6eb1eac6c658471b3545bc9afc3046e2e08ab9e08","issued_at":"2026-09-10T04:18:48.786Z"}}
FRAME:593:680fe709f4f22c4d
{"type":"TASK_STAGED","task":{"task_id":"DIFF-TASK-1001-603","title":"Differential Test Task 603","priority":"P2","working_dir":"C:/Users/lol/2026-workspace/courier/scratch/expedition_test_b/logs","required_capability":"WORKSPACE_WRITE","version":1,"state":"STAGED"},"passport":{"task_id":"DIFF-TASK-1001-603","task_version":1,"goal_id":"GOAL-CANONICAL","scope_paths":["c:/users/lol/2026-workspace/courier/scratch/expedition_test_b/logs"],"max_capability":"WORKSPACE_WRITE","signature":"46adf7745dea9c4f7c71e175ef9227c58b97d21d82614a4467d5e29cf73e4a36","issued_at":"2026-09-10T04:18:48.786Z"}}
FRAME:593:84ec848c18afd5ec
{"type":"TASK_STAGED","task":{"task_id":"DIFF-TASK-1001-606","title":"Differential Test Task 606","priority":"P2","working_dir":"C:/Users/lol/2026-workspace/courier/scratch/expedition_test_b/logs","required_capability":"WORKSPACE_WRITE","version":1,"state":"STAGED"},"passport":{"task_id":"DIFF-TASK-1001-606","task_version":1,"goal_id":"GOAL-CANONICAL","scope_paths":["c:/users/lol/2026-workspace/courier/scratch/expedition_test_b/logs"],"max_capability":"WORKSPACE_WRITE","signature":"6ceb095e8eab4525fe917ca28743cf8abc7e58b0caee6f8b3633b7ac9826ef78","issued_at":"2026-09-10T04:18:48.786Z"}}
FRAME:593:b36eef147989552a
{"type":"TASK_STAGED","task":{"task_id":"DIFF-TASK-1001-609","title":"Differential Test Task 609","priority":"P0","working_dir":"C:/Users/lol/2026-workspace/courier/scratch/expedition_test_a/sub1","required_capability":"WORKSPACE_WRITE","version":1,"state":"STAGED"},"passport":{"task_id":"DIFF-TASK-1001-609","task_version":1,"goal_id":"GOAL-CANONICAL","scope_paths":["c:/users/lol/2026-workspace/courier/scratch/expedition_test_a/sub1"],"max_capability":"WORKSPACE_WRITE","signature":"c247bcc6e28583b7af660ef6d8f385c13af6cfc7547f2ddddf78604474d104be","issued_at":"2026-09-10T04:18:48.787Z"}}
FRAME:605:dc17023c1cf95610
{"type":"TASK_STAGED","task":{"task_id":"DIFF-TASK-1001-611","title":"Differential Test Task 611","priority":"P1","working_dir":"C:/Users/lol/2026-workspace/courier/scratch/expedition_test_c/data/cache","required_capability":"WORKSPACE_WRITE","version":1,"state":"STAGED"},"passport":{"task_id":"DIFF-TASK-1001-611","task_version":1,"goal_id":"GOAL-CANONICAL","scope_paths":["c:/users/lol/2026-workspace/courier/scratch/expedition_test_c/data/cache"],"max_capability":"WORKSPACE_WRITE","signature":"eee57125fa89ca8885f87184da1e09546c68c30971de9e217eba2221ea4ec53e","issued_at":"2026-09-10T04:18:48.787Z"}}
FRAME:583:9c462520a919772a
{"type":"TASK_STAGED","task":{"task_id":"DIFF-TASK-1001-612","title":"Differential Test Task 612","priority":"P0","working_dir":"C:/Users/lol/2026-workspace/courier/scratch/expedition_test_a","required_capability":"WORKSPACE_WRITE","version":1,"state":"STAGED"},"passport":{"task_id":"DIFF-TASK-1001-612","task_version":1,"goal_id":"GOAL-CANONICAL","scope_paths":["c:/users/lol/2026-workspace/courier/scratch/expedition_test_a"],"max_capability":"WORKSPACE_WRITE","signature":"cab2c815fe91fe6a7a7cb534a3a89cce7b5bc1478d14b027ddb7c775be0db265","issued_at":"2026-09-10T04:18:48.787Z"}}
FRAME:583:8bf4019254712737
{"type":"TASK_STAGED","task":{"task_id":"DIFF-TASK-1001-615","title":"Differential Test Task 615","priority":"P2","working_dir":"C:/Users/lol/2026-workspace/courier/scratch/expedition_test_b","required_capability":"WORKSPACE_WRITE","version":1,"state":"STAGED"},"passport":{"task_id":"DIFF-TASK-1001-615","task_version":1,"goal_id":"GOAL-CANONICAL","scope_paths":["c:/users/lol/2026-workspace/courier/scratch/expedition_test_b"],"max_capability":"WORKSPACE_WRITE","signature":"af51df436a7809506c72b14b9d4d733a52b34e9cd672094f0e6fb49bb8a9758f","issued_at":"2026-09-10T04:18:48.787Z"}}
FRAME:605:035993c9c9c68ae1
{"type":"TASK_STAGED","task":{"task_id":"DIFF-TASK-1001-617","title":"Differential Test Task 617","priority":"P1","working_dir":"C:/Users/lol/2026-workspace/courier/scratch/expedition_test_c/data/cache","required_capability":"WORKSPACE_WRITE","version":1,"state":"STAGED"},"passport":{"task_id":"DIFF-TASK-1001-617","task_version":1,"goal_id":"GOAL-CANONICAL","scope_paths":["c:/users/lol/2026-workspace/courier/scratch/expedition_test_c/data/cache"],"max_capability":"WORKSPACE_WRITE","signature":"fc19489ad52116be5f897b1ee0c66be049fee17720f3df7102f7aaef5b54dcdb","issued_at":"2026-09-10T04:18:48.787Z"}}
FRAME:583:efc6b32588123865
{"type":"TASK_STAGED","task":{"task_id":"DIFF-TASK-1001-620","title":"Differential Test Task 620","priority":"P1","working_dir":"C:/Users/lol/2026-workspace/courier/scratch/expedition_test_a","required_capability":"WORKSPACE_WRITE","version":1,"state":"STAGED"},"passport":{"task_id":"DIFF-TASK-1001-620","task_version":1,"goal_id":"GOAL-CANONICAL","scope_paths":["c:/users/lol/2026-workspace/courier/scratch/expedition_test_a"],"max_capability":"WORKSPACE_WRITE","signature":"d1cdb79c81f56dfd31ad779ab61cff3e2824df724292450266f0bf59b13435d3","issued_at":"2026-09-10T04:18:48.788Z"}}
FRAME:593:32a9d87076407ec4
{"type":"TASK_STAGED","task":{"task_id":"DIFF-TASK-1001-621","title":"Differential Test Task 621","priority":"P0","working_dir":"C:/Users/lol/2026-workspace/courier/scratch/expedition_test_b/logs","required_capability":"WORKSPACE_WRITE","version":1,"state":"STAGED"},"passport":{"task_id":"DIFF-TASK-1001-621","task_version":1,"goal_id":"GOAL-CANONICAL","scope_paths":["c:/users/lol/2026-workspace/courier/scratch/expedition_test_b/logs"],"max_capability":"WORKSPACE_WRITE","signature":"1ddc6c193ce94d05b37761daa4017dab654b28cae471f775657a7400eea25057","issued_at":"2026-09-10T04:18:48.788Z"}}
FRAME:593:c4d5a97054c78ea8
{"type":"TASK_STAGED","task":{"task_id":"DIFF-TASK-1001-622","title":"Differential Test Task 622","priority":"P1","working_dir":"C:/Users/lol/2026-workspace/courier/scratch/expedition_test_b/logs","required_capability":"WORKSPACE_WRITE","version":1,"state":"STAGED"},"passport":{"task_id":"DIFF-TASK-1001-622","task_version":1,"goal_id":"GOAL-CANONICAL","scope_paths":["c:/users/lol/2026-workspace/courier/scratch/expedition_test_b/logs"],"max_capability":"WORKSPACE_WRITE","signature":"4d8141282fa9efd442bcf1f8adf96e85723fe3f53de7446ccf0e5986d203095c","issued_at":"2026-09-10T04:18:48.788Z"}}
FRAME:583:aadb503a43044977
{"type":"TASK_STAGED","task":{"task_id":"DIFF-TASK-1001-623","title":"Differential Test Task 623","priority":"P2","working_dir":"C:/Users/lol/2026-workspace/courier/scratch/expedition_test_b","required_capability":"WORKSPACE_WRITE","version":1,"state":"STAGED"},"passport":{"task_id":"DIFF-TASK-1001-623","task_version":1,"goal_id":"GOAL-CANONICAL","scope_paths":["c:/users/lol/2026-workspace/courier/scratch/expedition_test_b"],"max_capability":"WORKSPACE_WRITE","signature":"5bb6bc397742a0ca55094df1547934d38fddeefd21c4c579532c4ca7d0e74d98","issued_at":"2026-09-10T04:18:48.788Z"}}
FRAME:605:52721e180e421b55
{"type":"TASK_STAGED","task":{"task_id":"DIFF-TASK-1001-624","title":"Differential Test Task 624","priority":"P1","working_dir":"C:/Users/lol/2026-workspace/courier/scratch/expedition_test_c/data/cache","required_capability":"WORKSPACE_WRITE","version":1,"state":"STAGED"},"passport":{"task_id":"DIFF-TASK-1001-624","task_version":1,"goal_id":"GOAL-CANONICAL","scope_paths":["c:/users/lol/2026-workspace/courier/scratch/expedition_test_c/data/cache"],"max_capability":"WORKSPACE_WRITE","signature":"303e095045eebbb7d46861be12be5dff0eedca1541b85a8a350b9e93df5c6f9a","issued_at":"2026-09-10T04:18:48.789Z"}}
FRAME:585:9b91a4e4a6653efc
{"type":"TASK_STAGED","task":{"task_id":"DIFF-TASK-1001-625","title":"Differential Test Task 625","priority":"P1","working_dir":"C:/Users/lol/2026-workspace/courier/scratch/expedition_test_b/logs","required_capability":"EXTERNAL_FS","version":1,"state":"STAGED"},"passport":{"task_id":"DIFF-TASK-1001-625","task_version":1,"goal_id":"GOAL-CANONICAL","scope_paths":["c:/users/lol/2026-workspace/courier/scratch/expedition_test_b/logs"],"max_capability":"EXTERNAL_FS","signature":"44064a53c6fded04a2242e0d8927a1c774f85b55230a41d1a4e73e015b12a306","issued_at":"2026-09-10T04:18:48.789Z"}}
FRAME:593:3f155d82b33f053d
{"type":"TASK_STAGED","task":{"task_id":"DIFF-TASK-1001-627","title":"Differential Test Task 627","priority":"P1","working_dir":"C:/Users/lol/2026-workspace/courier/scratch/expedition_test_a/sub1","required_capability":"WORKSPACE_WRITE","version":1,"state":"STAGED"},"passport":{"task_id":"DIFF-TASK-1001-627","task_version":1,"goal_id":"GOAL-CANONICAL","scope_paths":["c:/users/lol/2026-workspace/courier/scratch/expedition_test_a/sub1"],"max_capability":"WORKSPACE_WRITE","signature":"b1d25919355b050bf7b457e5f8263635a60e76556affc0c02535a03f53419455","issued_at":"2026-09-10T04:18:48.789Z"}}
FRAME:583:aa141dee9427f38e
{"type":"TASK_STAGED","task":{"task_id":"DIFF-TASK-1001-628","title":"Differential Test Task 628","priority":"P1","working_dir":"C:/Users/lol/2026-workspace/courier/scratch/expedition_test_b","required_capability":"WORKSPACE_WRITE","version":1,"state":"STAGED"},"passport":{"task_id":"DIFF-TASK-1001-628","task_version":1,"goal_id":"GOAL-CANONICAL","scope_paths":["c:/users/lol/2026-workspace/courier/scratch/expedition_test_b"],"max_capability":"WORKSPACE_WRITE","signature":"82a1910bacf7b2bc81de30f325ffa5e449f3bc24c3b94e3b88a5759bfb147bc2","issued_at":"2026-09-10T04:18:48.789Z"}}
FRAME:583:97f1ed472bf1a0b8
{"type":"TASK_STAGED","task":{"task_id":"DIFF-TASK-1001-630","title":"Differential Test Task 630","priority":"P1","working_dir":"C:/Users/lol/2026-workspace/courier/scratch/expedition_test_a","required_capability":"WORKSPACE_WRITE","version":1,"state":"STAGED"},"passport":{"task_id":"DIFF-TASK-1001-630","task_version":1,"goal_id":"GOAL-CANONICAL","scope_paths":["c:/users/lol/2026-workspace/courier/scratch/expedition_test_a"],"max_capability":"WORKSPACE_WRITE","signature":"cab477f5e8da393dc585488825c8c5b43575901d9903f2f8a1d707ab3202cada","issued_at":"2026-09-10T04:18:48.790Z"}}
FRAME:605:bcaf0a072a500bf0
{"type":"TASK_STAGED","task":{"task_id":"DIFF-TASK-1001-635","title":"Differential Test Task 635","priority":"P1","working_dir":"C:/Users/lol/2026-workspace/courier/scratch/expedition_test_c/data/cache","required_capability":"WORKSPACE_WRITE","version":1,"state":"STAGED"},"passport":{"task_id":"DIFF-TASK-1001-635","task_version":1,"goal_id":"GOAL-CANONICAL","scope_paths":["c:/users/lol/2026-workspace/courier/scratch/expedition_test_c/data/cache"],"max_capability":"WORKSPACE_WRITE","signature":"8a4805808f2f5ee2ffacf7bfe6b97be37069bbe1b1f56edb186ae26d7097a498","issued_at":"2026-09-10T04:18:48.790Z"}}
FRAME:605:6aa234c083bb7637
{"type":"TASK_STAGED","task":{"task_id":"DIFF-TASK-1001-636","title":"Differential Test Task 636","priority":"P1","working_dir":"C:/Users/lol/2026-workspace/courier/scratch/expedition_test_c/data/cache","required_capability":"WORKSPACE_WRITE","version":1,"state":"STAGED"},"passport":{"task_id":"DIFF-TASK-1001-636","task_version":1,"goal_id":"GOAL-CANONICAL","scope_paths":["c:/users/lol/2026-workspace/courier/scratch/expedition_test_c/data/cache"],"max_capability":"WORKSPACE_WRITE","signature":"3f624be8eb7e0905936d052bfa38c958fe555f11a929137dc4752c4efef13248","issued_at":"2026-09-10T04:18:48.791Z"}}
FRAME:593:b5600c7c3741d8ca
{"type":"TASK_STAGED","task":{"task_id":"DIFF-TASK-1001-639","title":"Differential Test Task 639","priority":"P0","working_dir":"C:/Users/lol/2026-workspace/courier/scratch/expedition_test_a/sub1","required_capability":"WORKSPACE_WRITE","version":1,"state":"STAGED"},"passport":{"task_id":"DIFF-TASK-1001-639","task_version":1,"goal_id":"GOAL-CANONICAL","scope_paths":["c:/users/lol/2026-workspace/courier/scratch/expedition_test_a/sub1"],"max_capability":"WORKSPACE_WRITE","signature":"3e51542ec30f731b66b45ec3e9e636d911ea5db5a448d0d9fa2e4995312397c6","issued_at":"2026-09-10T04:18:48.791Z"}}
FRAME:583:aae08e65df23e5c4
{"type":"TASK_STAGED","task":{"task_id":"DIFF-TASK-1001-640","title":"Differential Test Task 640","priority":"P1","working_dir":"C:/Users/lol/2026-workspace/courier/scratch/expedition_test_c","required_capability":"WORKSPACE_WRITE","version":1,"state":"STAGED"},"passport":{"task_id":"DIFF-TASK-1001-640","task_version":1,"goal_id":"GOAL-CANONICAL","scope_paths":["c:/users/lol/2026-workspace/courier/scratch/expedition_test_c"],"max_capability":"WORKSPACE_WRITE","signature":"f5709921c5599e2a03fe9374df4dfa27a6dcd55c1c70e28ce4f929990d69a1d6","issued_at":"2026-09-10T04:18:48.792Z"}}
FRAME:585:aa3465e508e0c8d1
{"type":"TASK_STAGED","task":{"task_id":"DIFF-TASK-1001-642","title":"Differential Test Task 642","priority":"P1","working_dir":"C:/Users/lol/2026-workspace/courier/scratch/expedition_test_b/logs","required_capability":"EXTERNAL_FS","version":1,"state":"STAGED"},"passport":{"task_id":"DIFF-TASK-1001-642","task_version":1,"goal_id":"GOAL-CANONICAL","scope_paths":["c:/users/lol/2026-workspace/courier/scratch/expedition_test_b/logs"],"max_capability":"EXTERNAL_FS","signature":"27e879f3fee13362fc57a916cfa940cc3350d2f7f741dd199cabc34ca430c8d6","issued_at":"2026-09-10T04:18:48.792Z"}}
FRAME:583:87960c0c91c5a1d9
{"type":"TASK_STAGED","task":{"task_id":"DIFF-TASK-1001-644","title":"Differential Test Task 644","priority":"P1","working_dir":"C:/Users/lol/2026-workspace/courier/scratch/expedition_test_a","required_capability":"WORKSPACE_WRITE","version":1,"state":"STAGED"},"passport":{"task_id":"DIFF-TASK-1001-644","task_version":1,"goal_id":"GOAL-CANONICAL","scope_paths":["c:/users/lol/2026-workspace/courier/scratch/expedition_test_a"],"max_capability":"WORKSPACE_WRITE","signature":"0a548228f09acec820a7d18ab0093154e9e3dcd29f2694b30c15c14b320768b7","issued_at":"2026-09-10T04:18:48.792Z"}}
FRAME:593:65c5fd24a656db19
{"type":"TASK_STAGED","task":{"task_id":"DIFF-TASK-1001-645","title":"Differential Test Task 645","priority":"P2","working_dir":"C:/Users/lol/2026-workspace/courier/scratch/expedition_test_a/sub1","required_capability":"WORKSPACE_WRITE","version":1,"state":"STAGED"},"passport":{"task_id":"DIFF-TASK-1001-645","task_version":1,"goal_id":"GOAL-CANONICAL","scope_paths":["c:/users/lol/2026-workspace/courier/scratch/expedition_test_a/sub1"],"max_capability":"WORKSPACE_WRITE","signature":"3d3cfa9197bb2924b7c6f530d039bd5b3ce8f47980a54e603f49abc26e7f2e8c","issued_at":"2026-09-10T04:18:48.793Z"}}
FRAME:583:323f0560de09065c
{"type":"TASK_STAGED","task":{"task_id":"DIFF-TASK-1001-647","title":"Differential Test Task 647","priority":"P1","working_dir":"C:/Users/lol/2026-workspace/courier/scratch/expedition_test_b","required_capability":"WORKSPACE_WRITE","version":1,"state":"STAGED"},"passport":{"task_id":"DIFF-TASK-1001-647","task_version":1,"goal_id":"GOAL-CANONICAL","scope_paths":["c:/users/lol/2026-workspace/courier/scratch/expedition_test_b"],"max_capability":"WORKSPACE_WRITE","signature":"1658f00d542511ea189e2628618ed2d87694e7aa5aeb182e41ec91dfdd8fe49f","issued_at":"2026-09-10T04:18:48.793Z"}}
FRAME:583:1cb9de2638799d51
{"type":"TASK_STAGED","task":{"task_id":"DIFF-TASK-1001-650","title":"Differential Test Task 650","priority":"P1","working_dir":"C:/Users/lol/2026-workspace/courier/scratch/expedition_test_c","required_capability":"WORKSPACE_WRITE","version":1,"state":"STAGED"},"passport":{"task_id":"DIFF-TASK-1001-650","task_version":1,"goal_id":"GOAL-CANONICAL","scope_paths":["c:/users/lol/2026-workspace/courier/scratch/expedition_test_c"],"max_capability":"WORKSPACE_WRITE","signature":"9a111da38d5c6ec08647b8fb6f4dab4904db4ac981e6ff925e5ea60c2b9a88a7","issued_at":"2026-09-10T04:18:48.794Z"}}
FRAME:597:7f218cee76d61956
{"type":"TASK_STAGED","task":{"task_id":"DIFF-TASK-1001-653","title":"Differential Test Task 653","priority":"P1","working_dir":"C:/Users/lol/2026-workspace/courier/scratch/expedition_test_c/data/cache","required_capability":"EXTERNAL_FS","version":1,"state":"STAGED"},"passport":{"task_id":"DIFF-TASK-1001-653","task_version":1,"goal_id":"GOAL-CANONICAL","scope_paths":["c:/users/lol/2026-workspace/courier/scratch/expedition_test_c/data/cache"],"max_capability":"EXTERNAL_FS","signature":"3f53002b06ff257b005478103a9f3e26db7e535fdb6140e7d9b8f77ad0b70bb3","issued_at":"2026-09-10T04:18:48.794Z"}}
FRAME:597:df4afb8ef51d1ba7
{"type":"TASK_STAGED","task":{"task_id":"DIFF-TASK-1001-654","title":"Differential Test Task 654","priority":"P0","working_dir":"C:/Users/lol/2026-workspace/courier/scratch/expedition_test_c/data/cache","required_capability":"EXTERNAL_FS","version":1,"state":"STAGED"},"passport":{"task_id":"DIFF-TASK-1001-654","task_version":1,"goal_id":"GOAL-CANONICAL","scope_paths":["c:/users/lol/2026-workspace/courier/scratch/expedition_test_c/data/cache"],"max_capability":"EXTERNAL_FS","signature":"10f7386ba758fe239b55ad72b70431c16ec7b58817221240ea6e27b251650777","issued_at":"2026-09-10T04:18:48.794Z"}}
FRAME:575:57231e93102a72e8
{"type":"TASK_STAGED","task":{"task_id":"DIFF-TASK-1001-661","title":"Differential Test Task 661","priority":"P1","working_dir":"C:/Users/lol/2026-workspace/courier/scratch/expedition_test_b","required_capability":"EXTERNAL_FS","version":1,"state":"STAGED"},"passport":{"task_id":"DIFF-TASK-1001-661","task_version":1,"goal_id":"GOAL-CANONICAL","scope_paths":["c:/users/lol/2026-workspace/courier/scratch/expedition_test_b"],"max_capability":"EXTERNAL_FS","signature":"68d8f23cb2ea43af721edc6275dc643ca843857e40bd77a3728a94b3c6b858be","issued_at":"2026-09-10T04:18:48.795Z"}}
FRAME:605:b87ac51335961911
{"type":"TASK_STAGED","task":{"task_id":"DIFF-TASK-1001-663","title":"Differential Test Task 663","priority":"P0","working_dir":"C:/Users/lol/2026-workspace/courier/scratch/expedition_test_c/data/cache","required_capability":"WORKSPACE_WRITE","version":1,"state":"STAGED"},"passport":{"task_id":"DIFF-TASK-1001-663","task_version":1,"goal_id":"GOAL-CANONICAL","scope_paths":["c:/users/lol/2026-workspace/courier/scratch/expedition_test_c/data/cache"],"max_capability":"WORKSPACE_WRITE","signature":"544b33065faea4dbf9470759c449f8840a708fe34be4e891d3389dc9c8d828a2","issued_at":"2026-09-10T04:18:48.795Z"}}
FRAME:597:c8ac2ee719deb723
{"type":"TASK_STAGED","task":{"task_id":"DIFF-TASK-1001-664","title":"Differential Test Task 664","priority":"P0","working_dir":"C:/Users/lol/2026-workspace/courier/scratch/expedition_test_c/data/cache","required_capability":"EXTERNAL_FS","version":1,"state":"STAGED"},"passport":{"task_id":"DIFF-TASK-1001-664","task_version":1,"goal_id":"GOAL-CANONICAL","scope_paths":["c:/users/lol/2026-workspace/courier/scratch/expedition_test_c/data/cache"],"max_capability":"EXTERNAL_FS","signature":"3a9f3b0ceeecfdc0c0c75b78c9436cd4233db01c98dc31c5977be866c7abafe4","issued_at":"2026-09-10T04:18:48.795Z"}}
FRAME:583:2e82a1c47e8c18d7
{"type":"TASK_STAGED","task":{"task_id":"DIFF-TASK-1001-667","title":"Differential Test Task 667","priority":"P0","working_dir":"C:/Users/lol/2026-workspace/courier/scratch/expedition_test_c","required_capability":"WORKSPACE_WRITE","version":1,"state":"STAGED"},"passport":{"task_id":"DIFF-TASK-1001-667","task_version":1,"goal_id":"GOAL-CANONICAL","scope_paths":["c:/users/lol/2026-workspace/courier/scratch/expedition_test_c"],"max_capability":"WORKSPACE_WRITE","signature":"3e50a4f31f96788391d7f04b825d4fe279ee93a6dcd069253677a1496be859f2","issued_at":"2026-09-10T04:18:48.796Z"}}
FRAME:593:4f8418dd16aa2873
{"type":"TASK_STAGED","task":{"task_id":"DIFF-TASK-1001-674","title":"Differential Test Task 674","priority":"P0","working_dir":"C:/Users/lol/2026-workspace/courier/scratch/expedition_test_a/sub1","required_capability":"WORKSPACE_WRITE","version":1,"state":"STAGED"},"passport":{"task_id":"DIFF-TASK-1001-674","task_version":1,"goal_id":"GOAL-CANONICAL","scope_paths":["c:/users/lol/2026-workspace/courier/scratch/expedition_test_a/sub1"],"max_capability":"WORKSPACE_WRITE","signature":"8d7b774cfd4398dae5725d575d8204637a5fac636fa3493701f189202d82cafa","issued_at":"2026-09-10T04:18:48.796Z"}}
FRAME:593:2f643c39d78feef7
{"type":"TASK_STAGED","task":{"task_id":"DIFF-TASK-1001-678","title":"Differential Test Task 678","priority":"P1","working_dir":"C:/Users/lol/2026-workspace/courier/scratch/expedition_test_b/logs","required_capability":"WORKSPACE_WRITE","version":1,"state":"STAGED"},"passport":{"task_id":"DIFF-TASK-1001-678","task_version":1,"goal_id":"GOAL-CANONICAL","scope_paths":["c:/users/lol/2026-workspace/courier/scratch/expedition_test_b/logs"],"max_capability":"WORKSPACE_WRITE","signature":"dd1fa0d58529d25487326f1bc1c0bf80d4991c56ed1960d990452ebb15c7776b","issued_at":"2026-09-10T04:18:48.796Z"}}
FRAME:583:b7afd46c6d78b06b
{"type":"TASK_STAGED","task":{"task_id":"DIFF-TASK-1001-682","title":"Differential Test Task 682","priority":"P2","working_dir":"C:/Users/lol/2026-workspace/courier/scratch/expedition_test_b","required_capability":"WORKSPACE_WRITE","version":1,"state":"STAGED"},"passport":{"task_id":"DIFF-TASK-1001-682","task_version":1,"goal_id":"GOAL-CANONICAL","scope_paths":["c:/users/lol/2026-workspace/courier/scratch/expedition_test_b"],"max_capability":"WORKSPACE_WRITE","signature":"3e35afab8c83f3a7d241f7feb7c66410638c0a1595be4bfeb420bdc7c2f5a7f0","issued_at":"2026-09-10T04:18:48.797Z"}}
FRAME:593:58f2678afc80f860
{"type":"TASK_STAGED","task":{"task_id":"DIFF-TASK-1001-685","title":"Differential Test Task 685","priority":"P2","working_dir":"C:/Users/lol/2026-workspace/courier/scratch/expedition_test_b/logs","required_capability":"WORKSPACE_WRITE","version":1,"state":"STAGED"},"passport":{"task_id":"DIFF-TASK-1001-685","task_version":1,"goal_id":"GOAL-CANONICAL","scope_paths":["c:/users/lol/2026-workspace/courier/scratch/expedition_test_b/logs"],"max_capability":"WORKSPACE_WRITE","signature":"820aaeb71440c47e5a0857fe6dbcf02e1435af4c92460b0b8fecce544169b705","issued_at":"2026-09-10T04:18:48.797Z"}}
FRAME:605:269fd91eb6bf56a8
{"type":"TASK_STAGED","task":{"task_id":"DIFF-TASK-1001-688","title":"Differential Test Task 688","priority":"P1","working_dir":"C:/Users/lol/2026-workspace/courier/scratch/expedition_test_c/data/cache","required_capability":"WORKSPACE_WRITE","version":1,"state":"STAGED"},"passport":{"task_id":"DIFF-TASK-1001-688","task_version":1,"goal_id":"GOAL-CANONICAL","scope_paths":["c:/users/lol/2026-workspace/courier/scratch/expedition_test_c/data/cache"],"max_capability":"WORKSPACE_WRITE","signature":"124230e26b9496b62156cf28f8b0b851b68de5f67dbb14336e22cdfe75715b7c","issued_at":"2026-09-10T04:18:48.797Z"}}
FRAME:583:f6994285a2dd7688
{"type":"TASK_STAGED","task":{"task_id":"DIFF-TASK-1001-689","title":"Differential Test Task 689","priority":"P2","working_dir":"C:/Users/lol/2026-workspace/courier/scratch/expedition_test_c","required_capability":"WORKSPACE_WRITE","version":1,"state":"STAGED"},"passport":{"task_id":"DIFF-TASK-1001-689","task_version":1,"goal_id":"GOAL-CANONICAL","scope_paths":["c:/users/lol/2026-workspace/courier/scratch/expedition_test_c"],"max_capability":"WORKSPACE_WRITE","signature":"2f6fb2c93bd6f830938710781ae87228cd9fb46e1d29132b2b2d32c6e488c4a1","issued_at":"2026-09-10T04:18:48.798Z"}}
FRAME:583:a3dd6e4a9e738ad4
{"type":"TASK_STAGED","task":{"task_id":"DIFF-TASK-1001-693","title":"Differential Test Task 693","priority":"P1","working_dir":"C:/Users/lol/2026-workspace/courier/scratch/expedition_test_b","required_capability":"WORKSPACE_WRITE","version":1,"state":"STAGED"},"passport":{"task_id":"DIFF-TASK-1001-693","task_version":1,"goal_id":"GOAL-CANONICAL","scope_paths":["c:/users/lol/2026-workspace/courier/scratch/expedition_test_b"],"max_capability":"WORKSPACE_WRITE","signature":"ac7af7c8901762b25f6087fc329f276435754eae1da3b2ab8df89085999029f9","issued_at":"2026-09-10T04:18:48.798Z"}}
FRAME:597:86957bbd5cfda644
{"type":"TASK_STAGED","task":{"task_id":"DIFF-TASK-1001-694","title":"Differential Test Task 694","priority":"P1","working_dir":"C:/Users/lol/2026-workspace/courier/scratch/expedition_test_c/data/cache","required_capability":"EXTERNAL_FS","version":1,"state":"STAGED"},"passport":{"task_id":"DIFF-TASK-1001-694","task_version":1,"goal_id":"GOAL-CANONICAL","scope_paths":["c:/users/lol/2026-workspace/courier/scratch/expedition_test_c/data/cache"],"max_capability":"EXTERNAL_FS","signature":"0d6b32da4725853dd2e1520d167d61d7dc9b06f9686e32c5c7d0b134cc1c3e20","issued_at":"2026-09-10T04:18:48.798Z"}}
FRAME:583:afb7f14ba0275e5c
{"type":"TASK_STAGED","task":{"task_id":"DIFF-TASK-1001-695","title":"Differential Test Task 695","priority":"P1","working_dir":"C:/Users/lol/2026-workspace/courier/scratch/expedition_test_b","required_capability":"WORKSPACE_WRITE","version":1,"state":"STAGED"},"passport":{"task_id":"DIFF-TASK-1001-695","task_version":1,"goal_id":"GOAL-CANONICAL","scope_paths":["c:/users/lol/2026-workspace/courier/scratch/expedition_test_b"],"max_capability":"WORKSPACE_WRITE","signature":"6e8488f872634ca1e70a8986c89027fa817aa7ae0d274b130406be74db2aed63","issued_at":"2026-09-10T04:18:48.799Z"}}
FRAME:583:19493fb4a00a6299
{"type":"TASK_STAGED","task":{"task_id":"DIFF-TASK-1001-697","title":"Differential Test Task 697","priority":"P1","working_dir":"C:/Users/lol/2026-workspace/courier/scratch/expedition_test_c","required_capability":"WORKSPACE_WRITE","version":1,"state":"STAGED"},"passport":{"task_id":"DIFF-TASK-1001-697","task_version":1,"goal_id":"GOAL-CANONICAL","scope_paths":["c:/users/lol/2026-workspace/courier/scratch/expedition_test_c"],"max_capability":"WORKSPACE_WRITE","signature":"7872f74bcbcc5420fee5e8f588c449660f9a212ead8d650431433e260a9a4426","issued_at":"2026-09-10T04:18:48.799Z"}}
FRAME:593:dbf9a140dd853f70
{"type":"TASK_STAGED","task":{"task_id":"DIFF-TASK-1001-698","title":"Differential Test Task 698","priority":"P1","working_dir":"C:/Users/lol/2026-workspace/courier/scratch/expedition_test_b/logs","required_capability":"WORKSPACE_WRITE","version":1,"state":"STAGED"},"passport":{"task_id":"DIFF-TASK-1001-698","task_version":1,"goal_id":"GOAL-CANONICAL","scope_paths":["c:/users/lol/2026-workspace/courier/scratch/expedition_test_b/logs"],"max_capability":"WORKSPACE_WRITE","signature":"31f187ea4a0eae7c56c96fafea2e35cf4efd7df081eb5ab08b3d26436444c565","issued_at":"2026-09-10T04:18:48.799Z"}}
FRAME:593:19dca1ea54e82ec4
{"type":"TASK_STAGED","task":{"task_id":"DIFF-TASK-1001-699","title":"Differential Test Task 699","priority":"P2","working_dir":"C:/Users/lol/2026-workspace/courier/scratch/expedition_test_b/logs","required_capability":"WORKSPACE_WRITE","version":1,"state":"STAGED"},"passport":{"task_id":"DIFF-TASK-1001-699","task_version":1,"goal_id":"GOAL-CANONICAL","scope_paths":["c:/users/lol/2026-workspace/courier/scratch/expedition_test_b/logs"],"max_capability":"WORKSPACE_WRITE","signature":"689a405f5b843ac62ead5a27db0de592ffb6212ee4c6f898d0bf37a8d34e9f2d","issued_at":"2026-09-10T04:18:48.800Z"}}
FRAME:583:89ffc2ac7f744829
{"type":"TASK_STAGED","task":{"task_id":"DIFF-TASK-1001-700","title":"Differential Test Task 700","priority":"P1","working_dir":"C:/Users/lol/2026-workspace/courier/scratch/expedition_test_a","required_capability":"WORKSPACE_WRITE","version":1,"state":"STAGED"},"passport":{"task_id":"DIFF-TASK-1001-700","task_version":1,"goal_id":"GOAL-CANONICAL","scope_paths":["c:/users/lol/2026-workspace/courier/scratch/expedition_test_a"],"max_capability":"WORKSPACE_WRITE","signature":"8fc3c4931017be3c17d8b8381377773f1d2b2bd0c9d124351cc112f9e98ad649","issued_at":"2026-09-10T04:18:48.800Z"}}
FRAME:583:13ad12f53407024e
{"type":"TASK_STAGED","task":{"task_id":"DIFF-TASK-1001-705","title":"Differential Test Task 705","priority":"P2","working_dir":"C:/Users/lol/2026-workspace/courier/scratch/expedition_test_a","required_capability":"WORKSPACE_WRITE","version":1,"state":"STAGED"},"passport":{"task_id":"DIFF-TASK-1001-705","task_version":1,"goal_id":"GOAL-CANONICAL","scope_paths":["c:/users/lol/2026-workspace/courier/scratch/expedition_test_a"],"max_capability":"WORKSPACE_WRITE","signature":"e26dfa192188d9be67962d818d48bcc041c73f40175ea77c7c6fb2821bb3995b","issued_at":"2026-09-10T04:18:48.800Z"}}
FRAME:605:8e9005e3fa3ce1f6
{"type":"TASK_STAGED","task":{"task_id":"DIFF-TASK-1001-708","title":"Differential Test Task 708","priority":"P1","working_dir":"C:/Users/lol/2026-workspace/courier/scratch/expedition_test_c/data/cache","required_capability":"WORKSPACE_WRITE","version":1,"state":"STAGED"},"passport":{"task_id":"DIFF-TASK-1001-708","task_version":1,"goal_id":"GOAL-CANONICAL","scope_paths":["c:/users/lol/2026-workspace/courier/scratch/expedition_test_c/data/cache"],"max_capability":"WORKSPACE_WRITE","signature":"d08e0a6f57af2f0a49183b6981e299bfe9de63520d87cbe9ea2de0991d5eb503","issued_at":"2026-09-10T04:18:48.800Z"}}
FRAME:593:8ca7e62324841337
{"type":"TASK_STAGED","task":{"task_id":"DIFF-TASK-1001-710","title":"Differential Test Task 710","priority":"P1","working_dir":"C:/Users/lol/2026-workspace/courier/scratch/expedition_test_b/logs","required_capability":"WORKSPACE_WRITE","version":1,"state":"STAGED"},"passport":{"task_id":"DIFF-TASK-1001-710","task_version":1,"goal_id":"GOAL-CANONICAL","scope_paths":["c:/users/lol/2026-workspace/courier/scratch/expedition_test_b/logs"],"max_capability":"WORKSPACE_WRITE","signature":"c1107c1a88d799b8f99edc8f40f11e0a371e1d512061fb2f4aa06d5712baf8cb","issued_at":"2026-09-10T04:18:48.801Z"}}
FRAME:583:51c53711ee5c54af
{"type":"TASK_STAGED","task":{"task_id":"DIFF-TASK-1001-711","title":"Differential Test Task 711","priority":"P0","working_dir":"C:/Users/lol/2026-workspace/courier/scratch/expedition_test_b","required_capability":"WORKSPACE_WRITE","version":1,"state":"STAGED"},"passport":{"task_id":"DIFF-TASK-1001-711","task_version":1,"goal_id":"GOAL-CANONICAL","scope_paths":["c:/users/lol/2026-workspace/courier/scratch/expedition_test_b"],"max_capability":"WORKSPACE_WRITE","signature":"daecb5890c548589fab634305957de44fcb08ca676bbe8219298f3eea2bca6b7","issued_at":"2026-09-10T04:18:48.801Z"}}
FRAME:593:9c8b3b0acc3c1d2c
{"type":"TASK_STAGED","task":{"task_id":"DIFF-TASK-1001-717","title":"Differential Test Task 717","priority":"P0","working_dir":"C:/Users/lol/2026-workspace/courier/scratch/expedition_test_b/logs","required_capability":"WORKSPACE_WRITE","version":1,"state":"STAGED"},"passport":{"task_id":"DIFF-TASK-1001-717","task_version":1,"goal_id":"GOAL-CANONICAL","scope_paths":["c:/users/lol/2026-workspace/courier/scratch/expedition_test_b/logs"],"max_capability":"WORKSPACE_WRITE","signature":"7545e16c5c0e5d26ab3d3b5ef059d8c77388f62077fb675446e82bce61950539","issued_at":"2026-09-10T04:18:48.801Z"}}
FRAME:593:40152a1030203dbc
{"type":"TASK_STAGED","task":{"task_id":"DIFF-TASK-1001-718","title":"Differential Test Task 718","priority":"P1","working_dir":"C:/Users/lol/2026-workspace/courier/scratch/expedition_test_b/logs","required_capability":"WORKSPACE_WRITE","version":1,"state":"STAGED"},"passport":{"task_id":"DIFF-TASK-1001-718","task_version":1,"goal_id":"GOAL-CANONICAL","scope_paths":["c:/users/lol/2026-workspace/courier/scratch/expedition_test_b/logs"],"max_capability":"WORKSPACE_WRITE","signature":"a6b25719d5cc34b35032efe18d9ce860f954ebd37ab0740fefa1da2e8b5e9f42","issued_at":"2026-09-10T04:18:48.802Z"}}
FRAME:593:e2095d853a00b1a6
{"type":"TASK_STAGED","task":{"task_id":"DIFF-TASK-1001-720","title":"Differential Test Task 720","priority":"P2","working_dir":"C:/Users/lol/2026-workspace/courier/scratch/expedition_test_a/sub1","required_capability":"WORKSPACE_WRITE","version":1,"state":"STAGED"},"passport":{"task_id":"DIFF-TASK-1001-720","task_version":1,"goal_id":"GOAL-CANONICAL","scope_paths":["c:/users/lol/2026-workspace/courier/scratch/expedition_test_a/sub1"],"max_capability":"WORKSPACE_WRITE","signature":"0cd5e18d966c1ce1958790cd660fb58ee2e8844f1ffede1da3ee65811c69ae8d","issued_at":"2026-09-10T04:18:48.802Z"}}
FRAME:593:dea1f702ea3625b0
{"type":"TASK_STAGED","task":{"task_id":"DIFF-TASK-1001-721","title":"Differential Test Task 721","priority":"P0","working_dir":"C:/Users/lol/2026-workspace/courier/scratch/expedition_test_a/sub1","required_capability":"WORKSPACE_WRITE","version":1,"state":"STAGED"},"passport":{"task_id":"DIFF-TASK-1001-721","task_version":1,"goal_id":"GOAL-CANONICAL","scope_paths":["c:/users/lol/2026-workspace/courier/scratch/expedition_test_a/sub1"],"max_capability":"WORKSPACE_WRITE","signature":"4d2530a9615f4f4c148ad2f292ddb4fab81ed8452c419da95573c0711133e6af","issued_at":"2026-09-10T04:18:48.802Z"}}
FRAME:583:f2c1119289fd7035
{"type":"TASK_STAGED","task":{"task_id":"DIFF-TASK-1001-723","title":"Differential Test Task 723","priority":"P2","working_dir":"C:/Users/lol/2026-workspace/courier/scratch/expedition_test_a","required_capability":"WORKSPACE_WRITE","version":1,"state":"STAGED"},"passport":{"task_id":"DIFF-TASK-1001-723","task_version":1,"goal_id":"GOAL-CANONICAL","scope_paths":["c:/users/lol/2026-workspace/courier/scratch/expedition_test_a"],"max_capability":"WORKSPACE_WRITE","signature":"908c73279b8cf9da3f837f5086a48a4ed3019a292da637d990e5b47683853529","issued_at":"2026-09-10T04:18:48.802Z"}}
FRAME:583:f4bc4f3a8c0940ac
{"type":"TASK_STAGED","task":{"task_id":"DIFF-TASK-1001-728","title":"Differential Test Task 728","priority":"P1","working_dir":"C:/Users/lol/2026-workspace/courier/scratch/expedition_test_a","required_capability":"WORKSPACE_WRITE","version":1,"state":"STAGED"},"passport":{"task_id":"DIFF-TASK-1001-728","task_version":1,"goal_id":"GOAL-CANONICAL","scope_paths":["c:/users/lol/2026-workspace/courier/scratch/expedition_test_a"],"max_capability":"WORKSPACE_WRITE","signature":"6043a94904bf4db32dc2b9848a869eaed7c2b2c68fd9679a48aeb60a91a29183","issued_at":"2026-09-10T04:18:48.803Z"}}
FRAME:585:9e102b415310cfc2
{"type":"TASK_STAGED","task":{"task_id":"DIFF-TASK-1001-730","title":"Differential Test Task 730","priority":"P2","working_dir":"C:/Users/lol/2026-workspace/courier/scratch/expedition_test_a/sub1","required_capability":"EXTERNAL_FS","version":1,"state":"STAGED"},"passport":{"task_id":"DIFF-TASK-1001-730","task_version":1,"goal_id":"GOAL-CANONICAL","scope_paths":["c:/users/lol/2026-workspace/courier/scratch/expedition_test_a/sub1"],"max_capability":"EXTERNAL_FS","signature":"bec1eddb4dce358e3de3a09ab97ffb5e9aab6a07b5d57afc57a22ffc7b6a3506","issued_at":"2026-09-10T04:18:48.803Z"}}
FRAME:605:8267099a330c2c31
{"type":"TASK_STAGED","task":{"task_id":"DIFF-TASK-1001-731","title":"Differential Test Task 731","priority":"P1","working_dir":"C:/Users/lol/2026-workspace/courier/scratch/expedition_test_c/data/cache","required_capability":"WORKSPACE_WRITE","version":1,"state":"STAGED"},"passport":{"task_id":"DIFF-TASK-1001-731","task_version":1,"goal_id":"GOAL-CANONICAL","scope_paths":["c:/users/lol/2026-workspace/courier/scratch/expedition_test_c/data/cache"],"max_capability":"WORKSPACE_WRITE","signature":"15e2c4111ef7a67841875bbd762c1267a2ee095d9923578cbf10089f8838c0a9","issued_at":"2026-09-10T04:18:48.803Z"}}
FRAME:605:f3e025bc1451571d
{"type":"TASK_STAGED","task":{"task_id":"DIFF-TASK-1001-732","title":"Differential Test Task 732","priority":"P0","working_dir":"C:/Users/lol/2026-workspace/courier/scratch/expedition_test_c/data/cache","required_capability":"WORKSPACE_WRITE","version":1,"state":"STAGED"},"passport":{"task_id":"DIFF-TASK-1001-732","task_version":1,"goal_id":"GOAL-CANONICAL","scope_paths":["c:/users/lol/2026-workspace/courier/scratch/expedition_test_c/data/cache"],"max_capability":"WORKSPACE_WRITE","signature":"d8bd5a4f490a75d1a5b1dc9ea6359d56c33a9d86010a2bee091999279cc19021","issued_at":"2026-09-10T04:18:48.804Z"}}
FRAME:583:9976fc15eb6032f7
{"type":"TASK_STAGED","task":{"task_id":"DIFF-TASK-1001-734","title":"Differential Test Task 734","priority":"P0","working_dir":"C:/Users/lol/2026-workspace/courier/scratch/expedition_test_c","required_capability":"WORKSPACE_WRITE","version":1,"state":"STAGED"},"passport":{"task_id":"DIFF-TASK-1001-734","task_version":1,"goal_id":"GOAL-CANONICAL","scope_paths":["c:/users/lol/2026-workspace/courier/scratch/expedition_test_c"],"max_capability":"WORKSPACE_WRITE","signature":"46f08d27614007ce4dce65f58bdab8020f942a1adf6a72293a6905815f261e48","issued_at":"2026-09-10T04:18:48.804Z"}}
FRAME:605:f186084808d17a6d
{"type":"TASK_STAGED","task":{"task_id":"DIFF-TASK-1001-735","title":"Differential Test Task 735","priority":"P1","working_dir":"C:/Users/lol/2026-workspace/courier/scratch/expedition_test_c/data/cache","required_capability":"WORKSPACE_WRITE","version":1,"state":"STAGED"},"passport":{"task_id":"DIFF-TASK-1001-735","task_version":1,"goal_id":"GOAL-CANONICAL","scope_paths":["c:/users/lol/2026-workspace/courier/scratch/expedition_test_c/data/cache"],"max_capability":"WORKSPACE_WRITE","signature":"9328f55fe6b58c39bf52049c9ec5872006eb8e32ec0ec3914096af02fa32e0f9","issued_at":"2026-09-10T04:18:48.804Z"}}
FRAME:583:a06f0dfe97f78380
{"type":"TASK_STAGED","task":{"task_id":"DIFF-TASK-1001-739","title":"Differential Test Task 739","priority":"P0","working_dir":"C:/Users/lol/2026-workspace/courier/scratch/expedition_test_b","required_capability":"WORKSPACE_WRITE","version":1,"state":"STAGED"},"passport":{"task_id":"DIFF-TASK-1001-739","task_version":1,"goal_id":"GOAL-CANONICAL","scope_paths":["c:/users/lol/2026-workspace/courier/scratch/expedition_test_b"],"max_capability":"WORKSPACE_WRITE","signature":"6c67759460b1a11d372d57c594a75a3a6a0e821e3d1d9baa61dccc129580da9f","issued_at":"2026-09-10T04:18:48.804Z"}}
FRAME:605:54dd46a81d26846b
{"type":"TASK_STAGED","task":{"task_id":"DIFF-TASK-1001-743","title":"Differential Test Task 743","priority":"P0","working_dir":"C:/Users/lol/2026-workspace/courier/scratch/expedition_test_c/data/cache","required_capability":"WORKSPACE_WRITE","version":1,"state":"STAGED"},"passport":{"task_id":"DIFF-TASK-1001-743","task_version":1,"goal_id":"GOAL-CANONICAL","scope_paths":["c:/users/lol/2026-workspace/courier/scratch/expedition_test_c/data/cache"],"max_capability":"WORKSPACE_WRITE","signature":"158a2abd19cce0cb7c53dc0d84bfc4590fe2e25f2539c968b1456caf77714294","issued_at":"2026-09-10T04:18:48.804Z"}}
FRAME:605:287b82bab360a030
{"type":"TASK_STAGED","task":{"task_id":"DIFF-TASK-1001-745","title":"Differential Test Task 745","priority":"P0","working_dir":"C:/Users/lol/2026-workspace/courier/scratch/expedition_test_c/data/cache","required_capability":"WORKSPACE_WRITE","version":1,"state":"STAGED"},"passport":{"task_id":"DIFF-TASK-1001-745","task_version":1,"goal_id":"GOAL-CANONICAL","scope_paths":["c:/users/lol/2026-workspace/courier/scratch/expedition_test_c/data/cache"],"max_capability":"WORKSPACE_WRITE","signature":"6838050012101df675e9cc075320b90868a4415ddf0ebe17be3fb72896b7bb63","issued_at":"2026-09-10T04:18:48.805Z"}}
FRAME:593:b2f14db16154ea5f
{"type":"TASK_STAGED","task":{"task_id":"DIFF-TASK-1001-746","title":"Differential Test Task 746","priority":"P0","working_dir":"C:/Users/lol/2026-workspace/courier/scratch/expedition_test_a/sub1","required_capability":"WORKSPACE_WRITE","version":1,"state":"STAGED"},"passport":{"task_id":"DIFF-TASK-1001-746","task_version":1,"goal_id":"GOAL-CANONICAL","scope_paths":["c:/users/lol/2026-workspace/courier/scratch/expedition_test_a/sub1"],"max_capability":"WORKSPACE_WRITE","signature":"6bee20c243031f59432ad3ea0240aa7640fa87e47044d3eeee82a44a47dc7ee5","issued_at":"2026-09-10T04:18:48.805Z"}}
FRAME:583:ee6ed8866adaff9e
{"type":"TASK_STAGED","task":{"task_id":"DIFF-TASK-1001-748","title":"Differential Test Task 748","priority":"P1","working_dir":"C:/Users/lol/2026-workspace/courier/scratch/expedition_test_a","required_capability":"WORKSPACE_WRITE","version":1,"state":"STAGED"},"passport":{"task_id":"DIFF-TASK-1001-748","task_version":1,"goal_id":"GOAL-CANONICAL","scope_paths":["c:/users/lol/2026-workspace/courier/scratch/expedition_test_a"],"max_capability":"WORKSPACE_WRITE","signature":"1a7eeee832b4866e25716ba12ea1c4fe80c3effb263361fe1559b7580de187b9","issued_at":"2026-09-10T04:18:48.805Z"}}
FRAME:593:d189a2f219ba4ad6
{"type":"TASK_STAGED","task":{"task_id":"DIFF-TASK-1001-752","title":"Differential Test Task 752","priority":"P1","working_dir":"C:/Users/lol/2026-workspace/courier/scratch/expedition_test_b/logs","required_capability":"WORKSPACE_WRITE","version":1,"state":"STAGED"},"passport":{"task_id":"DIFF-TASK-1001-752","task_version":1,"goal_id":"GOAL-CANONICAL","scope_paths":["c:/users/lol/2026-workspace/courier/scratch/expedition_test_b/logs"],"max_capability":"WORKSPACE_WRITE","signature":"d5dc64a167abe5da7cac2b44c473c38a5b0188df625c05b7bc34a08af6d29c32","issued_at":"2026-09-10T04:18:48.806Z"}}
FRAME:583:9869ac04216dcbc5
{"type":"TASK_STAGED","task":{"task_id":"DIFF-TASK-1001-753","title":"Differential Test Task 753","priority":"P1","working_dir":"C:/Users/lol/2026-workspace/courier/scratch/expedition_test_c","required_capability":"WORKSPACE_WRITE","version":1,"state":"STAGED"},"passport":{"task_id":"DIFF-TASK-1001-753","task_version":1,"goal_id":"GOAL-CANONICAL","scope_paths":["c:/users/lol/2026-workspace/courier/scratch/expedition_test_c"],"max_capability":"WORKSPACE_WRITE","signature":"b6111ccaf6167e829a095b5a4f2f44d8f24115f8cd011ce5e5cb08a0dbf8dade","issued_at":"2026-09-10T04:18:48.806Z"}}
FRAME:583:f2d9dff015b714fc
{"type":"TASK_STAGED","task":{"task_id":"DIFF-TASK-1001-754","title":"Differential Test Task 754","priority":"P1","working_dir":"C:/Users/lol/2026-workspace/courier/scratch/expedition_test_b","required_capability":"WORKSPACE_WRITE","version":1,"state":"STAGED"},"passport":{"task_id":"DIFF-TASK-1001-754","task_version":1,"goal_id":"GOAL-CANONICAL","scope_paths":["c:/users/lol/2026-workspace/courier/scratch/expedition_test_b"],"max_capability":"WORKSPACE_WRITE","signature":"4510714bf85842018074cc8ebc3beafe10292b7a86bb4e0dd45c46709ad91743","issued_at":"2026-09-10T04:18:48.806Z"}}
FRAME:593:5db335c65d16882b
{"type":"TASK_STAGED","task":{"task_id":"DIFF-TASK-1001-755","title":"Differential Test Task 755","priority":"P2","working_dir":"C:/Users/lol/2026-workspace/courier/scratch/expedition_test_a/sub1","required_capability":"WORKSPACE_WRITE","version":1,"state":"STAGED"},"passport":{"task_id":"DIFF-TASK-1001-755","task_version":1,"goal_id":"GOAL-CANONICAL","scope_paths":["c:/users/lol/2026-workspace/courier/scratch/expedition_test_a/sub1"],"max_capability":"WORKSPACE_WRITE","signature":"413aae63969024a2dc366f8e5ab33de8127d845299e48a641fb4428fe96d9381","issued_at":"2026-09-10T04:18:48.806Z"}}
FRAME:593:f3885625e0809d21
{"type":"TASK_STAGED","task":{"task_id":"DIFF-TASK-1001-756","title":"Differential Test Task 756","priority":"P2","working_dir":"C:/Users/lol/2026-workspace/courier/scratch/expedition_test_a/sub1","required_capability":"WORKSPACE_WRITE","version":1,"state":"STAGED"},"passport":{"task_id":"DIFF-TASK-1001-756","task_version":1,"goal_id":"GOAL-CANONICAL","scope_paths":["c:/users/lol/2026-workspace/courier/scratch/expedition_test_a/sub1"],"max_capability":"WORKSPACE_WRITE","signature":"80d128e8138329a70439039177a46ab0bb46bf4c4809882864111ebc2900596b","issued_at":"2026-09-10T04:18:48.807Z"}}
FRAME:583:02693f2f854dd418
{"type":"TASK_STAGED","task":{"task_id":"DIFF-TASK-1001-759","title":"Differential Test Task 759","priority":"P1","working_dir":"C:/Users/lol/2026-workspace/courier/scratch/expedition_test_c","required_capability":"WORKSPACE_WRITE","version":1,"state":"STAGED"},"passport":{"task_id":"DIFF-TASK-1001-759","task_version":1,"goal_id":"GOAL-CANONICAL","scope_paths":["c:/users/lol/2026-workspace/courier/scratch/expedition_test_c"],"max_capability":"WORKSPACE_WRITE","signature":"54e83ca76790ba73bcdc2fa9723cd8237335b953bb8418d830e6cabe4fde96a8","issued_at":"2026-09-10T04:18:48.807Z"}}
FRAME:605:d049fc4d909a1f08
{"type":"TASK_STAGED","task":{"task_id":"DIFF-TASK-1001-761","title":"Differential Test Task 761","priority":"P2","working_dir":"C:/Users/lol/2026-workspace/courier/scratch/expedition_test_c/data/cache","required_capability":"WORKSPACE_WRITE","version":1,"state":"STAGED"},"passport":{"task_id":"DIFF-TASK-1001-761","task_version":1,"goal_id":"GOAL-CANONICAL","scope_paths":["c:/users/lol/2026-workspace/courier/scratch/expedition_test_c/data/cache"],"max_capability":"WORKSPACE_WRITE","signature":"312366ee3a310e4c1624631fb6f3b1a2712012ee965e6126a9f4bd9cfe382bcc","issued_at":"2026-09-10T04:18:48.807Z"}}
FRAME:593:082c1e2dbca59070
{"type":"TASK_STAGED","task":{"task_id":"DIFF-TASK-1001-762","title":"Differential Test Task 762","priority":"P1","working_dir":"C:/Users/lol/2026-workspace/courier/scratch/expedition_test_a/sub1","required_capability":"WORKSPACE_WRITE","version":1,"state":"STAGED"},"passport":{"task_id":"DIFF-TASK-1001-762","task_version":1,"goal_id":"GOAL-CANONICAL","scope_paths":["c:/users/lol/2026-workspace/courier/scratch/expedition_test_a/sub1"],"max_capability":"WORKSPACE_WRITE","signature":"f4e7f723daf3bd396deca4aab6ffce8f50cc44d5dfc5fa1e256d6c785d030c43","issued_at":"2026-09-10T04:18:48.808Z"}}
FRAME:605:89fa077ffdde9209
{"type":"TASK_STAGED","task":{"task_id":"DIFF-TASK-1001-764","title":"Differential Test Task 764","priority":"P2","working_dir":"C:/Users/lol/2026-workspace/courier/scratch/expedition_test_c/data/cache","required_capability":"WORKSPACE_WRITE","version":1,"state":"STAGED"},"passport":{"task_id":"DIFF-TASK-1001-764","task_version":1,"goal_id":"GOAL-CANONICAL","scope_paths":["c:/users/lol/2026-workspace/courier/scratch/expedition_test_c/data/cache"],"max_capability":"WORKSPACE_WRITE","signature":"51ea7d7ceb4fb97872b9eb218de2f70f66f66697d84ecec5eded057e458f10f9","issued_at":"2026-09-10T04:18:48.808Z"}}
FRAME:605:027f1527aad2e249
{"type":"TASK_STAGED","task":{"task_id":"DIFF-TASK-1001-765","title":"Differential Test Task 765","priority":"P2","working_dir":"C:/Users/lol/2026-workspace/courier/scratch/expedition_test_c/data/cache","required_capability":"WORKSPACE_WRITE","version":1,"state":"STAGED"},"passport":{"task_id":"DIFF-TASK-1001-765","task_version":1,"goal_id":"GOAL-CANONICAL","scope_paths":["c:/users/lol/2026-workspace/courier/scratch/expedition_test_c/data/cache"],"max_capability":"WORKSPACE_WRITE","signature":"911a5cab9041c110c9e25c7d0418f3c430f64663d4d6214070ae24bb9ba4117c","issued_at":"2026-09-10T04:18:48.809Z"}}
FRAME:583:0b4a037503c4829b
{"type":"TASK_STAGED","task":{"task_id":"DIFF-TASK-1001-770","title":"Differential Test Task 770","priority":"P0","working_dir":"C:/Users/lol/2026-workspace/courier/scratch/expedition_test_a","required_capability":"WORKSPACE_WRITE","version":1,"state":"STAGED"},"passport":{"task_id":"DIFF-TASK-1001-770","task_version":1,"goal_id":"GOAL-CANONICAL","scope_paths":["c:/users/lol/2026-workspace/courier/scratch/expedition_test_a"],"max_capability":"WORKSPACE_WRITE","signature":"852fd66026d9869a4a7646bc8340e9d246ceafc57e1f38ca5b469d6b000049c1","issued_at":"2026-09-10T04:18:48.809Z"}}
FRAME:583:c0e5698570959f63
{"type":"TASK_STAGED","task":{"task_id":"DIFF-TASK-1001-771","title":"Differential Test Task 771","priority":"P0","working_dir":"C:/Users/lol/2026-workspace/courier/scratch/expedition_test_c","required_capability":"WORKSPACE_WRITE","version":1,"state":"STAGED"},"passport":{"task_id":"DIFF-TASK-1001-771","task_version":1,"goal_id":"GOAL-CANONICAL","scope_paths":["c:/users/lol/2026-workspace/courier/scratch/expedition_test_c"],"max_capability":"WORKSPACE_WRITE","signature":"ef972adf52231db678601d2c9e737d011d194a9da26d6a14ad0b4403d3944889","issued_at":"2026-09-10T04:18:48.809Z"}}
FRAME:583:da6e7228a51836f8
{"type":"TASK_STAGED","task":{"task_id":"DIFF-TASK-1001-775","title":"Differential Test Task 775","priority":"P0","working_dir":"C:/Users/lol/2026-workspace/courier/scratch/expedition_test_c","required_capability":"WORKSPACE_WRITE","version":1,"state":"STAGED"},"passport":{"task_id":"DIFF-TASK-1001-775","task_version":1,"goal_id":"GOAL-CANONICAL","scope_paths":["c:/users/lol/2026-workspace/courier/scratch/expedition_test_c"],"max_capability":"WORKSPACE_WRITE","signature":"ca1a10ecb3ba1db483c55b43c5adf0c77a1afaf9e7cc96754f39131085820d71","issued_at":"2026-09-10T04:18:48.810Z"}}
FRAME:593:125845c813f6bc53
{"type":"TASK_STAGED","task":{"task_id":"DIFF-TASK-1001-776","title":"Differential Test Task 776","priority":"P1","working_dir":"C:/Users/lol/2026-workspace/courier/scratch/expedition_test_b/logs","required_capability":"WORKSPACE_WRITE","version":1,"state":"STAGED"},"passport":{"task_id":"DIFF-TASK-1001-776","task_version":1,"goal_id":"GOAL-CANONICAL","scope_paths":["c:/users/lol/2026-workspace/courier/scratch/expedition_test_b/logs"],"max_capability":"WORKSPACE_WRITE","signature":"3fa852c4b751c82e844e4c80ad8b1b9fce646e28ef2b03268c2c68a2918d2e7e","issued_at":"2026-09-10T04:18:48.810Z"}}
FRAME:593:ee04c924b02d6add
{"type":"TASK_STAGED","task":{"task_id":"DIFF-TASK-1001-780","title":"Differential Test Task 780","priority":"P1","working_dir":"C:/Users/lol/2026-workspace/courier/scratch/expedition_test_a/sub1","required_capability":"WORKSPACE_WRITE","version":1,"state":"STAGED"},"passport":{"task_id":"DIFF-TASK-1001-780","task_version":1,"goal_id":"GOAL-CANONICAL","scope_paths":["c:/users/lol/2026-workspace/courier/scratch/expedition_test_a/sub1"],"max_capability":"WORKSPACE_WRITE","signature":"dd08545f298fd8b904acaae4184a159328cb7cf513222369edf1219d11f1f29c","issued_at":"2026-09-10T04:18:48.811Z"}}
FRAME:583:88fb2a6a9ba26cf5
{"type":"TASK_STAGED","task":{"task_id":"DIFF-TASK-1001-782","title":"Differential Test Task 782","priority":"P0","working_dir":"C:/Users/lol/2026-workspace/courier/scratch/expedition_test_a","required_capability":"WORKSPACE_WRITE","version":1,"state":"STAGED"},"passport":{"task_id":"DIFF-TASK-1001-782","task_version":1,"goal_id":"GOAL-CANONICAL","scope_paths":["c:/users/lol/2026-workspace/courier/scratch/expedition_test_a"],"max_capability":"WORKSPACE_WRITE","signature":"59fad2ce9844d22588a47d630f31ad8bccfa0ceb47728c597f1db29f17c8706b","issued_at":"2026-09-10T04:18:48.811Z"}}
FRAME:593:c805061c79bd6468
{"type":"TASK_STAGED","task":{"task_id":"DIFF-TASK-1001-784","title":"Differential Test Task 784","priority":"P0","working_dir":"C:/Users/lol/2026-workspace/courier/scratch/expedition_test_b/logs","required_capability":"WORKSPACE_WRITE","version":1,"state":"STAGED"},"passport":{"task_id":"DIFF-TASK-1001-784","task_version":1,"goal_id":"GOAL-CANONICAL","scope_paths":["c:/users/lol/2026-workspace/courier/scratch/expedition_test_b/logs"],"max_capability":"WORKSPACE_WRITE","signature":"0bd9f8543a5cf6b2415321693566e2b4b9cc2451b00f9e9cc8956aea024d75cb","issued_at":"2026-09-10T04:18:48.811Z"}}
FRAME:593:894a631b5a6cda99
{"type":"TASK_STAGED","task":{"task_id":"DIFF-TASK-1001-787","title":"Differential Test Task 787","priority":"P1","working_dir":"C:/Users/lol/2026-workspace/courier/scratch/expedition_test_a/sub1","required_capability":"WORKSPACE_WRITE","version":1,"state":"STAGED"},"passport":{"task_id":"DIFF-TASK-1001-787","task_version":1,"goal_id":"GOAL-CANONICAL","scope_paths":["c:/users/lol/2026-workspace/courier/scratch/expedition_test_a/sub1"],"max_capability":"WORKSPACE_WRITE","signature":"c2fb750cd98272aa6514221ec70f7ef3b03a8cfc18ba85f07b4a74e49d5546a7","issued_at":"2026-09-10T04:18:48.812Z"}}
FRAME:583:362f366ee1400d4e
{"type":"TASK_STAGED","task":{"task_id":"DIFF-TASK-1001-793","title":"Differential Test Task 793","priority":"P1","working_dir":"C:/Users/lol/2026-workspace/courier/scratch/expedition_test_c","required_capability":"WORKSPACE_WRITE","version":1,"state":"STAGED"},"passport":{"task_id":"DIFF-TASK-1001-793","task_version":1,"goal_id":"GOAL-CANONICAL","scope_paths":["c:/users/lol/2026-workspace/courier/scratch/expedition_test_c"],"max_capability":"WORKSPACE_WRITE","signature":"c343f424b611b2146a1752788622f6c937edf57c11bb346224cd4f3629fdaa9c","issued_at":"2026-09-10T04:18:48.812Z"}}
FRAME:593:05636b91a200be1e
{"type":"TASK_STAGED","task":{"task_id":"DIFF-TASK-1001-794","title":"Differential Test Task 794","priority":"P2","working_dir":"C:/Users/lol/2026-workspace/courier/scratch/expedition_test_b/logs","required_capability":"WORKSPACE_WRITE","version":1,"state":"STAGED"},"passport":{"task_id":"DIFF-TASK-1001-794","task_version":1,"goal_id":"GOAL-CANONICAL","scope_paths":["c:/users/lol/2026-workspace/courier/scratch/expedition_test_b/logs"],"max_capability":"WORKSPACE_WRITE","signature":"6f8006b700bb6deee33a75eec4521080ea120118a950d8d18d8e8dbc4fe9ca21","issued_at":"2026-09-10T04:18:48.812Z"}}
FRAME:583:0f65c21f83300551
{"type":"TASK_STAGED","task":{"task_id":"DIFF-TASK-1001-795","title":"Differential Test Task 795","priority":"P2","working_dir":"C:/Users/lol/2026-workspace/courier/scratch/expedition_test_b","required_capability":"WORKSPACE_WRITE","version":1,"state":"STAGED"},"passport":{"task_id":"DIFF-TASK-1001-795","task_version":1,"goal_id":"GOAL-CANONICAL","scope_paths":["c:/users/lol/2026-workspace/courier/scratch/expedition_test_b"],"max_capability":"WORKSPACE_WRITE","signature":"4a573dadd287880b407b31f4ff753a56573c9fb583cf9a14caba52b31b927345","issued_at":"2026-09-10T04:18:48.812Z"}}
FRAME:597:42c1efe5677af9da
{"type":"TASK_STAGED","task":{"task_id":"DIFF-TASK-1001-796","title":"Differential Test Task 796","priority":"P2","working_dir":"C:/Users/lol/2026-workspace/courier/scratch/expedition_test_c/data/cache","required_capability":"EXTERNAL_FS","version":1,"state":"STAGED"},"passport":{"task_id":"DIFF-TASK-1001-796","task_version":1,"goal_id":"GOAL-CANONICAL","scope_paths":["c:/users/lol/2026-workspace/courier/scratch/expedition_test_c/data/cache"],"max_capability":"EXTERNAL_FS","signature":"9eeb5acfc5042010c516675d823ffb444cdafa7365754cbbd51831928afdc3fc","issued_at":"2026-09-10T04:18:48.813Z"}}
FRAME:583:0de51dc28df75814
{"type":"TASK_STAGED","task":{"task_id":"DIFF-TASK-1001-797","title":"Differential Test Task 797","priority":"P1","working_dir":"C:/Users/lol/2026-workspace/courier/scratch/expedition_test_c","required_capability":"WORKSPACE_WRITE","version":1,"state":"STAGED"},"passport":{"task_id":"DIFF-TASK-1001-797","task_version":1,"goal_id":"GOAL-CANONICAL","scope_paths":["c:/users/lol/2026-workspace/courier/scratch/expedition_test_c"],"max_capability":"WORKSPACE_WRITE","signature":"343f9e6cabefe0e53dc350f4434c7a7b55bc2a39fea6e6376d3b99f255c2c365","issued_at":"2026-09-10T04:18:48.813Z"}}
FRAME:583:1aca85c170bbb3fe
{"type":"TASK_STAGED","task":{"task_id":"DIFF-TASK-1001-801","title":"Differential Test Task 801","priority":"P0","working_dir":"C:/Users/lol/2026-workspace/courier/scratch/expedition_test_b","required_capability":"WORKSPACE_WRITE","version":1,"state":"STAGED"},"passport":{"task_id":"DIFF-TASK-1001-801","task_version":1,"goal_id":"GOAL-CANONICAL","scope_paths":["c:/users/lol/2026-workspace/courier/scratch/expedition_test_b"],"max_capability":"WORKSPACE_WRITE","signature":"31d6f4d6066f9f50ab21bd580ba4a4fe58733e162c7bead5044678a529306a56","issued_at":"2026-09-10T04:18:48.813Z"}}
FRAME:605:4a495462ff4ce532
{"type":"TASK_STAGED","task":{"task_id":"DIFF-TASK-1001-802","title":"Differential Test Task 802","priority":"P1","working_dir":"C:/Users/lol/2026-workspace/courier/scratch/expedition_test_c/data/cache","required_capability":"WORKSPACE_WRITE","version":1,"state":"STAGED"},"passport":{"task_id":"DIFF-TASK-1001-802","task_version":1,"goal_id":"GOAL-CANONICAL","scope_paths":["c:/users/lol/2026-workspace/courier/scratch/expedition_test_c/data/cache"],"max_capability":"WORKSPACE_WRITE","signature":"eb8db0e7cc2fece8c11398bcdbc3ba2c66a96b0ce2d6aee1142e6d3c118e1cf5","issued_at":"2026-09-10T04:18:48.814Z"}}
FRAME:583:5bded63463b683a0
{"type":"TASK_STAGED","task":{"task_id":"DIFF-TASK-1001-803","title":"Differential Test Task 803","priority":"P1","working_dir":"C:/Users/lol/2026-workspace/courier/scratch/expedition_test_b","required_capability":"WORKSPACE_WRITE","version":1,"state":"STAGED"},"passport":{"task_id":"DIFF-TASK-1001-803","task_version":1,"goal_id":"GOAL-CANONICAL","scope_paths":["c:/users/lol/2026-workspace/courier/scratch/expedition_test_b"],"max_capability":"WORKSPACE_WRITE","signature":"e6e83789e219acf0ad0a49a7c71b3a706fb984dde8fc34f7b5ff11f7c889ac58","issued_at":"2026-09-10T04:18:48.814Z"}}
FRAME:583:15a95910f0945f1b
{"type":"TASK_STAGED","task":{"task_id":"DIFF-TASK-1001-806","title":"Differential Test Task 806","priority":"P0","working_dir":"C:/Users/lol/2026-workspace/courier/scratch/expedition_test_c","required_capability":"WORKSPACE_WRITE","version":1,"state":"STAGED"},"passport":{"task_id":"DIFF-TASK-1001-806","task_version":1,"goal_id":"GOAL-CANONICAL","scope_paths":["c:/users/lol/2026-workspace/courier/scratch/expedition_test_c"],"max_capability":"WORKSPACE_WRITE","signature":"0eb4a2b6f85c01745892eb45381cd21a1e6e8aaba6eb6f195f03627651dc8c31","issued_at":"2026-09-10T04:18:48.814Z"}}
FRAME:593:c03503140143c114
{"type":"TASK_STAGED","task":{"task_id":"DIFF-TASK-1001-813","title":"Differential Test Task 813","priority":"P1","working_dir":"C:/Users/lol/2026-workspace/courier/scratch/expedition_test_b/logs","required_capability":"WORKSPACE_WRITE","version":1,"state":"STAGED"},"passport":{"task_id":"DIFF-TASK-1001-813","task_version":1,"goal_id":"GOAL-CANONICAL","scope_paths":["c:/users/lol/2026-workspace/courier/scratch/expedition_test_b/logs"],"max_capability":"WORKSPACE_WRITE","signature":"1ae6dcc9494ed78efd7b10b500b8b006422e22e476f58f7924303f6f78457078","issued_at":"2026-09-10T04:18:48.815Z"}}
FRAME:583:2aa69bf45890e665
{"type":"TASK_STAGED","task":{"task_id":"DIFF-TASK-1001-816","title":"Differential Test Task 816","priority":"P2","working_dir":"C:/Users/lol/2026-workspace/courier/scratch/expedition_test_b","required_capability":"WORKSPACE_WRITE","version":1,"state":"STAGED"},"passport":{"task_id":"DIFF-TASK-1001-816","task_version":1,"goal_id":"GOAL-CANONICAL","scope_paths":["c:/users/lol/2026-workspace/courier/scratch/expedition_test_b"],"max_capability":"WORKSPACE_WRITE","signature":"44ea9db8066a5ff188bfdeca4a1820646dbb68907f4e6f9d5748f66fd06bd2bd","issued_at":"2026-09-10T04:18:48.815Z"}}
FRAME:583:23067ca4487f684d
{"type":"TASK_STAGED","task":{"task_id":"DIFF-TASK-1001-818","title":"Differential Test Task 818","priority":"P1","working_dir":"C:/Users/lol/2026-workspace/courier/scratch/expedition_test_b","required_capability":"WORKSPACE_WRITE","version":1,"state":"STAGED"},"passport":{"task_id":"DIFF-TASK-1001-818","task_version":1,"goal_id":"GOAL-CANONICAL","scope_paths":["c:/users/lol/2026-workspace/courier/scratch/expedition_test_b"],"max_capability":"WORKSPACE_WRITE","signature":"3818f332b6ccc7d0e909f8317741bbce601344fffd9f1c419d9afba8e402ef0d","issued_at":"2026-09-10T04:18:48.815Z"}}
FRAME:593:26cc5137c33bc1f4
{"type":"TASK_STAGED","task":{"task_id":"DIFF-TASK-1001-819","title":"Differential Test Task 819","priority":"P2","working_dir":"C:/Users/lol/2026-workspace/courier/scratch/expedition_test_a/sub1","required_capability":"WORKSPACE_WRITE","version":1,"state":"STAGED"},"passport":{"task_id":"DIFF-TASK-1001-819","task_version":1,"goal_id":"GOAL-CANONICAL","scope_paths":["c:/users/lol/2026-workspace/courier/scratch/expedition_test_a/sub1"],"max_capability":"WORKSPACE_WRITE","signature":"3a16c8215581d2606d6735795c86d7d6fc1d682367a37339e1164d36bbfcfe1c","issued_at":"2026-09-10T04:18:48.816Z"}}
FRAME:593:756850a1eb9d988d
{"type":"TASK_STAGED","task":{"task_id":"DIFF-TASK-1001-821","title":"Differential Test Task 821","priority":"P2","working_dir":"C:/Users/lol/2026-workspace/courier/scratch/expedition_test_a/sub1","required_capability":"WORKSPACE_WRITE","version":1,"state":"STAGED"},"passport":{"task_id":"DIFF-TASK-1001-821","task_version":1,"goal_id":"GOAL-CANONICAL","scope_paths":["c:/users/lol/2026-workspace/courier/scratch/expedition_test_a/sub1"],"max_capability":"WORKSPACE_WRITE","signature":"893ed921fc196e3331251d10a1671ad85d5f6bf60bb38fe60f0e1926b395edd0","issued_at":"2026-09-10T04:18:48.816Z"}}
FRAME:605:43db9edcb2379567
{"type":"TASK_STAGED","task":{"task_id":"DIFF-TASK-1001-822","title":"Differential Test Task 822","priority":"P1","working_dir":"C:/Users/lol/2026-workspace/courier/scratch/expedition_test_c/data/cache","required_capability":"WORKSPACE_WRITE","version":1,"state":"STAGED"},"passport":{"task_id":"DIFF-TASK-1001-822","task_version":1,"goal_id":"GOAL-CANONICAL","scope_paths":["c:/users/lol/2026-workspace/courier/scratch/expedition_test_c/data/cache"],"max_capability":"WORKSPACE_WRITE","signature":"79d0e4d1cdb0d998b41e2f491fd060faea9ade062ac903372e316cea6197410c","issued_at":"2026-09-10T04:18:48.816Z"}}
FRAME:593:a805586885ef9af1
{"type":"TASK_STAGED","task":{"task_id":"DIFF-TASK-1001-823","title":"Differential Test Task 823","priority":"P2","working_dir":"C:/Users/lol/2026-workspace/courier/scratch/expedition_test_a/sub1","required_capability":"WORKSPACE_WRITE","version":1,"state":"STAGED"},"passport":{"task_id":"DIFF-TASK-1001-823","task_version":1,"goal_id":"GOAL-CANONICAL","scope_paths":["c:/users/lol/2026-workspace/courier/scratch/expedition_test_a/sub1"],"max_capability":"WORKSPACE_WRITE","signature":"da51dea4b3e55518f709b08363adac1d66439cdff22e6fcbbee1de6eb34d2dac","issued_at":"2026-09-10T04:18:48.816Z"}}
FRAME:593:7ef96d5a5ec7505d
{"type":"TASK_STAGED","task":{"task_id":"DIFF-TASK-1001-833","title":"Differential Test Task 833","priority":"P1","working_dir":"C:/Users/lol/2026-workspace/courier/scratch/expedition_test_b/logs","required_capability":"WORKSPACE_WRITE","version":1,"state":"STAGED"},"passport":{"task_id":"DIFF-TASK-1001-833","task_version":1,"goal_id":"GOAL-CANONICAL","scope_paths":["c:/users/lol/2026-workspace/courier/scratch/expedition_test_b/logs"],"max_capability":"WORKSPACE_WRITE","signature":"572aa0d39cebc18c8439a90c79f94f379fa9487e69760d47d5b498e66c600dfc","issued_at":"2026-09-10T04:18:48.817Z"}}
FRAME:593:94473b2c6e675611
{"type":"TASK_STAGED","task":{"task_id":"DIFF-TASK-1001-834","title":"Differential Test Task 834","priority":"P1","working_dir":"C:/Users/lol/2026-workspace/courier/scratch/expedition_test_a/sub1","required_capability":"WORKSPACE_WRITE","version":1,"state":"STAGED"},"passport":{"task_id":"DIFF-TASK-1001-834","task_version":1,"goal_id":"GOAL-CANONICAL","scope_paths":["c:/users/lol/2026-workspace/courier/scratch/expedition_test_a/sub1"],"max_capability":"WORKSPACE_WRITE","signature":"fdfb4fd8a04576664c88a8dc5568ce77f2e305e864281d63792829c2d47d6f79","issued_at":"2026-09-10T04:18:48.817Z"}}
FRAME:583:cc0dc3094926bc45
{"type":"TASK_STAGED","task":{"task_id":"DIFF-TASK-1001-838","title":"Differential Test Task 838","priority":"P1","working_dir":"C:/Users/lol/2026-workspace/courier/scratch/expedition_test_c","required_capability":"WORKSPACE_WRITE","version":1,"state":"STAGED"},"passport":{"task_id":"DIFF-TASK-1001-838","task_version":1,"goal_id":"GOAL-CANONICAL","scope_paths":["c:/users/lol/2026-workspace/courier/scratch/expedition_test_c"],"max_capability":"WORKSPACE_WRITE","signature":"7b6a5a26e9b7a3e417cf0ac774cd597da00b7671022e5e9cce3ff4f90d9e95df","issued_at":"2026-09-10T04:18:48.817Z"}}
FRAME:593:a7ef12944b640794
{"type":"TASK_STAGED","task":{"task_id":"DIFF-TASK-1001-843","title":"Differential Test Task 843","priority":"P0","working_dir":"C:/Users/lol/2026-workspace/courier/scratch/expedition_test_a/sub1","required_capability":"WORKSPACE_WRITE","version":1,"state":"STAGED"},"passport":{"task_id":"DIFF-TASK-1001-843","task_version":1,"goal_id":"GOAL-CANONICAL","scope_paths":["c:/users/lol/2026-workspace/courier/scratch/expedition_test_a/sub1"],"max_capability":"WORKSPACE_WRITE","signature":"6625d3cb499e1f2875c830907710778ceb0dc0dddd7430f0d2a278df9c8bdfb9","issued_at":"2026-09-10T04:18:48.818Z"}}
FRAME:593:cee58f2ac720383e
{"type":"TASK_STAGED","task":{"task_id":"DIFF-TASK-1001-845","title":"Differential Test Task 845","priority":"P2","working_dir":"C:/Users/lol/2026-workspace/courier/scratch/expedition_test_b/logs","required_capability":"WORKSPACE_WRITE","version":1,"state":"STAGED"},"passport":{"task_id":"DIFF-TASK-1001-845","task_version":1,"goal_id":"GOAL-CANONICAL","scope_paths":["c:/users/lol/2026-workspace/courier/scratch/expedition_test_b/logs"],"max_capability":"WORKSPACE_WRITE","signature":"a217911d65985df6076046dcb38bee59d66a6d68e57074638786f18dca9eeb90","issued_at":"2026-09-10T04:18:48.818Z"}}
FRAME:583:46b1355a76a635ac
{"type":"TASK_STAGED","task":{"task_id":"DIFF-TASK-1001-846","title":"Differential Test Task 846","priority":"P0","working_dir":"C:/Users/lol/2026-workspace/courier/scratch/expedition_test_a","required_capability":"WORKSPACE_WRITE","version":1,"state":"STAGED"},"passport":{"task_id":"DIFF-TASK-1001-846","task_version":1,"goal_id":"GOAL-CANONICAL","scope_paths":["c:/users/lol/2026-workspace/courier/scratch/expedition_test_a"],"max_capability":"WORKSPACE_WRITE","signature":"ebed7b518444d3406f9aaf28b587da8527ccbe43c42d3b7c44914b6131d44461","issued_at":"2026-09-10T04:18:48.818Z"}}
FRAME:593:e1f0b25cd6fd9a54
{"type":"TASK_STAGED","task":{"task_id":"DIFF-TASK-1001-847","title":"Differential Test Task 847","priority":"P1","working_dir":"C:/Users/lol/2026-workspace/courier/scratch/expedition_test_a/sub1","required_capability":"WORKSPACE_WRITE","version":1,"state":"STAGED"},"passport":{"task_id":"DIFF-TASK-1001-847","task_version":1,"goal_id":"GOAL-CANONICAL","scope_paths":["c:/users/lol/2026-workspace/courier/scratch/expedition_test_a/sub1"],"max_capability":"WORKSPACE_WRITE","signature":"3704b6670379322292b9cb414ad1a01ff38bd4a548b57aa3fe96bf278e120712","issued_at":"2026-09-10T04:18:48.818Z"}}
FRAME:605:c48c8ca4d45ac773
{"type":"TASK_STAGED","task":{"task_id":"DIFF-TASK-1001-848","title":"Differential Test Task 848","priority":"P2","working_dir":"C:/Users/lol/2026-workspace/courier/scratch/expedition_test_c/data/cache","required_capability":"WORKSPACE_WRITE","version":1,"state":"STAGED"},"passport":{"task_id":"DIFF-TASK-1001-848","task_version":1,"goal_id":"GOAL-CANONICAL","scope_paths":["c:/users/lol/2026-workspace/courier/scratch/expedition_test_c/data/cache"],"max_capability":"WORKSPACE_WRITE","signature":"3f5f0f214d2ad47e5cb589b626080d186d85c07403791bb6fd039482a5eeaea5","issued_at":"2026-09-10T04:18:48.819Z"}}
FRAME:583:2869e4dceb542001
{"type":"TASK_STAGED","task":{"task_id":"DIFF-TASK-1001-852","title":"Differential Test Task 852","priority":"P1","working_dir":"C:/Users/lol/2026-workspace/courier/scratch/expedition_test_c","required_capability":"WORKSPACE_WRITE","version":1,"state":"STAGED"},"passport":{"task_id":"DIFF-TASK-1001-852","task_version":1,"goal_id":"GOAL-CANONICAL","scope_paths":["c:/users/lol/2026-workspace/courier/scratch/expedition_test_c"],"max_capability":"WORKSPACE_WRITE","signature":"040621735dbeb550e04063445e34544408dee6716cfcd82651b80fb8898a793c","issued_at":"2026-09-10T04:18:48.819Z"}}
FRAME:593:56d172dd69a68209
{"type":"TASK_STAGED","task":{"task_id":"DIFF-TASK-1001-854","title":"Differential Test Task 854","priority":"P2","working_dir":"C:/Users/lol/2026-workspace/courier/scratch/expedition_test_a/sub1","required_capability":"WORKSPACE_WRITE","version":1,"state":"STAGED"},"passport":{"task_id":"DIFF-TASK-1001-854","task_version":1,"goal_id":"GOAL-CANONICAL","scope_paths":["c:/users/lol/2026-workspace/courier/scratch/expedition_test_a/sub1"],"max_capability":"WORKSPACE_WRITE","signature":"abebb075013e91ee9f605cca38b55c2360f59412e2143815c14286591d7be57d","issued_at":"2026-09-10T04:18:48.820Z"}}
FRAME:605:2b9a89a912482188
{"type":"TASK_STAGED","task":{"task_id":"DIFF-TASK-1001-855","title":"Differential Test Task 855","priority":"P1","working_dir":"C:/Users/lol/2026-workspace/courier/scratch/expedition_test_c/data/cache","required_capability":"WORKSPACE_WRITE","version":1,"state":"STAGED"},"passport":{"task_id":"DIFF-TASK-1001-855","task_version":1,"goal_id":"GOAL-CANONICAL","scope_paths":["c:/users/lol/2026-workspace/courier/scratch/expedition_test_c/data/cache"],"max_capability":"WORKSPACE_WRITE","signature":"49a85da79b1d25a59fb197296a82364ccaf449e6dffddcaaebe6bcb904865f64","issued_at":"2026-09-10T04:18:48.820Z"}}
FRAME:583:4b9b5d35d5a555ae
{"type":"TASK_STAGED","task":{"task_id":"DIFF-TASK-1001-856","title":"Differential Test Task 856","priority":"P1","working_dir":"C:/Users/lol/2026-workspace/courier/scratch/expedition_test_b","required_capability":"WORKSPACE_WRITE","version":1,"state":"STAGED"},"passport":{"task_id":"DIFF-TASK-1001-856","task_version":1,"goal_id":"GOAL-CANONICAL","scope_paths":["c:/users/lol/2026-workspace/courier/scratch/expedition_test_b"],"max_capability":"WORKSPACE_WRITE","signature":"8dcb1f1ee594469d95a449e561cc6b9329e0dca3647d4d852100bf4cf305a4fd","issued_at":"2026-09-10T04:18:48.820Z"}}
FRAME:593:add0fd4f5e38efcb
{"type":"TASK_STAGED","task":{"task_id":"DIFF-TASK-1001-860","title":"Differential Test Task 860","priority":"P1","working_dir":"C:/Users/lol/2026-workspace/courier/scratch/expedition_test_b/logs","required_capability":"WORKSPACE_WRITE","version":1,"state":"STAGED"},"passport":{"task_id":"DIFF-TASK-1001-860","task_version":1,"goal_id":"GOAL-CANONICAL","scope_paths":["c:/users/lol/2026-workspace/courier/scratch/expedition_test_b/logs"],"max_capability":"WORKSPACE_WRITE","signature":"b2c0d630655a736deb11f46a531768a0eda866a629f6b472ab89faf61a170696","issued_at":"2026-09-10T04:18:48.821Z"}}
FRAME:583:1843db0b8d22a7e9
{"type":"TASK_STAGED","task":{"task_id":"DIFF-TASK-1001-863","title":"Differential Test Task 863","priority":"P1","working_dir":"C:/Users/lol/2026-workspace/courier/scratch/expedition_test_c","required_capability":"WORKSPACE_WRITE","version":1,"state":"STAGED"},"passport":{"task_id":"DIFF-TASK-1001-863","task_version":1,"goal_id":"GOAL-CANONICAL","scope_paths":["c:/users/lol/2026-workspace/courier/scratch/expedition_test_c"],"max_capability":"WORKSPACE_WRITE","signature":"058a6ff54c6e631669eeb477c8a467f623ae9eb6e0418f553912a7384012dc32","issued_at":"2026-09-10T04:18:48.821Z"}}
FRAME:593:f350e04f6d074bf5
{"type":"TASK_STAGED","task":{"task_id":"DIFF-TASK-1001-864","title":"Differential Test Task 864","priority":"P2","working_dir":"C:/Users/lol/2026-workspace/courier/scratch/expedition_test_a/sub1","required_capability":"WORKSPACE_WRITE","version":1,"state":"STAGED"},"passport":{"task_id":"DIFF-TASK-1001-864","task_version":1,"goal_id":"GOAL-CANONICAL","scope_paths":["c:/users/lol/2026-workspace/courier/scratch/expedition_test_a/sub1"],"max_capability":"WORKSPACE_WRITE","signature":"8013cec5b303059de9a2f41ffd0a2c9cc06f4abc66c472eed07b6a771a1a8834","issued_at":"2026-09-10T04:18:48.821Z"}}
FRAME:593:5ba8875354b00d0a
{"type":"TASK_STAGED","task":{"task_id":"DIFF-TASK-1001-866","title":"Differential Test Task 866","priority":"P2","working_dir":"C:/Users/lol/2026-workspace/courier/scratch/expedition_test_b/logs","required_capability":"WORKSPACE_WRITE","version":1,"state":"STAGED"},"passport":{"task_id":"DIFF-TASK-1001-866","task_version":1,"goal_id":"GOAL-CANONICAL","scope_paths":["c:/users/lol/2026-workspace/courier/scratch/expedition_test_b/logs"],"max_capability":"WORKSPACE_WRITE","signature":"15270d9eff5140c123132b12541a4be5fdfba024034875e171653dc91a7d9e8a","issued_at":"2026-09-10T04:18:48.821Z"}}
FRAME:585:73555ea5d9636898
{"type":"TASK_STAGED","task":{"task_id":"DIFF-TASK-1001-868","title":"Differential Test Task 868","priority":"P0","working_dir":"C:/Users/lol/2026-workspace/courier/scratch/expedition_test_a/sub1","required_capability":"EXTERNAL_FS","version":1,"state":"STAGED"},"passport":{"task_id":"DIFF-TASK-1001-868","task_version":1,"goal_id":"GOAL-CANONICAL","scope_paths":["c:/users/lol/2026-workspace/courier/scratch/expedition_test_a/sub1"],"max_capability":"EXTERNAL_FS","signature":"a203aed8e2b4a3d2081e9f778f34038e7fcc5797ca8ce8c85a2e4840773df726","issued_at":"2026-09-10T04:18:48.822Z"}}
FRAME:583:564413f01814bfa6
{"type":"TASK_STAGED","task":{"task_id":"DIFF-TASK-1001-869","title":"Differential Test Task 869","priority":"P0","working_dir":"C:/Users/lol/2026-workspace/courier/scratch/expedition_test_c","required_capability":"WORKSPACE_WRITE","version":1,"state":"STAGED"},"passport":{"task_id":"DIFF-TASK-1001-869","task_version":1,"goal_id":"GOAL-CANONICAL","scope_paths":["c:/users/lol/2026-workspace/courier/scratch/expedition_test_c"],"max_capability":"WORKSPACE_WRITE","signature":"3d48354bb720363ae8b70d88da05d6d987eb9ac188e407b9ddd50602ad594bc6","issued_at":"2026-09-10T04:18:48.822Z"}}
FRAME:593:bc750a01622be603
{"type":"TASK_STAGED","task":{"task_id":"DIFF-TASK-1001-870","title":"Differential Test Task 870","priority":"P2","working_dir":"C:/Users/lol/2026-workspace/courier/scratch/expedition_test_b/logs","required_capability":"WORKSPACE_WRITE","version":1,"state":"STAGED"},"passport":{"task_id":"DIFF-TASK-1001-870","task_version":1,"goal_id":"GOAL-CANONICAL","scope_paths":["c:/users/lol/2026-workspace/courier/scratch/expedition_test_b/logs"],"max_capability":"WORKSPACE_WRITE","signature":"a185ac7fdffef88148424f5fc5c51ca90c92503ce3dc77627de0bec07220db98","issued_at":"2026-09-10T04:18:48.822Z"}}
FRAME:605:ce4f8c157c34d006
{"type":"TASK_STAGED","task":{"task_id":"DIFF-TASK-1001-873","title":"Differential Test Task 873","priority":"P0","working_dir":"C:/Users/lol/2026-workspace/courier/scratch/expedition_test_c/data/cache","required_capability":"WORKSPACE_WRITE","version":1,"state":"STAGED"},"passport":{"task_id":"DIFF-TASK-1001-873","task_version":1,"goal_id":"GOAL-CANONICAL","scope_paths":["c:/users/lol/2026-workspace/courier/scratch/expedition_test_c/data/cache"],"max_capability":"WORKSPACE_WRITE","signature":"9a7a013bb21b37dbab60920d922bd2a6d0734ca59ff77d57d36ec6919332df88","issued_at":"2026-09-10T04:18:48.822Z"}}
FRAME:583:76e57eb42bcbf54e
{"type":"TASK_STAGED","task":{"task_id":"DIFF-TASK-1001-877","title":"Differential Test Task 877","priority":"P2","working_dir":"C:/Users/lol/2026-workspace/courier/scratch/expedition_test_b","required_capability":"WORKSPACE_WRITE","version":1,"state":"STAGED"},"passport":{"task_id":"DIFF-TASK-1001-877","task_version":1,"goal_id":"GOAL-CANONICAL","scope_paths":["c:/users/lol/2026-workspace/courier/scratch/expedition_test_b"],"max_capability":"WORKSPACE_WRITE","signature":"7b7f0ad9e71b99ad83278f622bc98751e651ef94dca45796b578851afd36d363","issued_at":"2026-09-10T04:18:48.823Z"}}
FRAME:583:9ffcc6cd55b0ac2f
{"type":"TASK_STAGED","task":{"task_id":"DIFF-TASK-1001-881","title":"Differential Test Task 881","priority":"P1","working_dir":"C:/Users/lol/2026-workspace/courier/scratch/expedition_test_b","required_capability":"WORKSPACE_WRITE","version":1,"state":"STAGED"},"passport":{"task_id":"DIFF-TASK-1001-881","task_version":1,"goal_id":"GOAL-CANONICAL","scope_paths":["c:/users/lol/2026-workspace/courier/scratch/expedition_test_b"],"max_capability":"WORKSPACE_WRITE","signature":"df89e39d67555d106e28b5a683590b8c764cb9b55112bca8a6e96462567656c1","issued_at":"2026-09-10T04:18:48.823Z"}}
FRAME:605:573e5caf5ccf63dd
{"type":"TASK_STAGED","task":{"task_id":"DIFF-TASK-1001-883","title":"Differential Test Task 883","priority":"P1","working_dir":"C:/Users/lol/2026-workspace/courier/scratch/expedition_test_c/data/cache","required_capability":"WORKSPACE_WRITE","version":1,"state":"STAGED"},"passport":{"task_id":"DIFF-TASK-1001-883","task_version":1,"goal_id":"GOAL-CANONICAL","scope_paths":["c:/users/lol/2026-workspace/courier/scratch/expedition_test_c/data/cache"],"max_capability":"WORKSPACE_WRITE","signature":"da21d2342a15a5089cead01f35abccbe4f422ac7a83a54f08d122c5f8152c574","issued_at":"2026-09-10T04:18:48.823Z"}}
FRAME:583:f9b781e82814bd01
{"type":"TASK_STAGED","task":{"task_id":"DIFF-TASK-1001-887","title":"Differential Test Task 887","priority":"P2","working_dir":"C:/Users/lol/2026-workspace/courier/scratch/expedition_test_c","required_capability":"WORKSPACE_WRITE","version":1,"state":"STAGED"},"passport":{"task_id":"DIFF-TASK-1001-887","task_version":1,"goal_id":"GOAL-CANONICAL","scope_paths":["c:/users/lol/2026-workspace/courier/scratch/expedition_test_c"],"max_capability":"WORKSPACE_WRITE","signature":"43419e32cff6cb578acfc0290fc41be99ef08a95ed2a854c2c454b06869f1425","issued_at":"2026-09-10T04:18:48.824Z"}}
FRAME:583:7b8c589103df6a23
{"type":"TASK_STAGED","task":{"task_id":"DIFF-TASK-1001-891","title":"Differential Test Task 891","priority":"P0","working_dir":"C:/Users/lol/2026-workspace/courier/scratch/expedition_test_b","required_capability":"WORKSPACE_WRITE","version":1,"state":"STAGED"},"passport":{"task_id":"DIFF-TASK-1001-891","task_version":1,"goal_id":"GOAL-CANONICAL","scope_paths":["c:/users/lol/2026-workspace/courier/scratch/expedition_test_b"],"max_capability":"WORKSPACE_WRITE","signature":"3d4b758f71482cd1ab758b8b40a2e2acada2ba06e7117268c109d4be77627795","issued_at":"2026-09-10T04:18:48.824Z"}}
FRAME:593:292d1c4a8214998d
{"type":"TASK_STAGED","task":{"task_id":"DIFF-TASK-1001-893","title":"Differential Test Task 893","priority":"P2","working_dir":"C:/Users/lol/2026-workspace/courier/scratch/expedition_test_b/logs","required_capability":"WORKSPACE_WRITE","version":1,"state":"STAGED"},"passport":{"task_id":"DIFF-TASK-1001-893","task_version":1,"goal_id":"GOAL-CANONICAL","scope_paths":["c:/users/lol/2026-workspace/courier/scratch/expedition_test_b/logs"],"max_capability":"WORKSPACE_WRITE","signature":"c7bb15311a1f6ab6b2b4a91e8e1d2ccfa4ed83abb2af949252bb2c067ee16079","issued_at":"2026-09-10T04:18:48.824Z"}}
FRAME:583:e2eb8070515d3d1d
{"type":"TASK_STAGED","task":{"task_id":"DIFF-TASK-1001-897","title":"Differential Test Task 897","priority":"P1","working_dir":"C:/Users/lol/2026-workspace/courier/scratch/expedition_test_c","required_capability":"WORKSPACE_WRITE","version":1,"state":"STAGED"},"passport":{"task_id":"DIFF-TASK-1001-897","task_version":1,"goal_id":"GOAL-CANONICAL","scope_paths":["c:/users/lol/2026-workspace/courier/scratch/expedition_test_c"],"max_capability":"WORKSPACE_WRITE","signature":"95e4f762c045a3da806155b0a786b8c6d5f254f155d133425a6f5470424b8888","issued_at":"2026-09-10T04:18:48.825Z"}}
FRAME:605:400c300751d386d3
{"type":"TASK_STAGED","task":{"task_id":"DIFF-TASK-1001-899","title":"Differential Test Task 899","priority":"P2","working_dir":"C:/Users/lol/2026-workspace/courier/scratch/expedition_test_c/data/cache","required_capability":"WORKSPACE_WRITE","version":1,"state":"STAGED"},"passport":{"task_id":"DIFF-TASK-1001-899","task_version":1,"goal_id":"GOAL-CANONICAL","scope_paths":["c:/users/lol/2026-workspace/courier/scratch/expedition_test_c/data/cache"],"max_capability":"WORKSPACE_WRITE","signature":"9cac780cf3a1c100ede4633b74ed56ae2203bf6e9600f400220d4c16acb5c470","issued_at":"2026-09-10T04:18:48.825Z"}}
FRAME:605:cdd092d101ff4fb5
{"type":"TASK_STAGED","task":{"task_id":"DIFF-TASK-1001-901","title":"Differential Test Task 901","priority":"P2","working_dir":"C:/Users/lol/2026-workspace/courier/scratch/expedition_test_c/data/cache","required_capability":"WORKSPACE_WRITE","version":1,"state":"STAGED"},"passport":{"task_id":"DIFF-TASK-1001-901","task_version":1,"goal_id":"GOAL-CANONICAL","scope_paths":["c:/users/lol/2026-workspace/courier/scratch/expedition_test_c/data/cache"],"max_capability":"WORKSPACE_WRITE","signature":"29fe661bd9515fa1dccb2d713c04bed99d6f92f53f6aea72ff82b62cdca72a8b","issued_at":"2026-09-10T04:18:48.826Z"}}
FRAME:583:b36d2bcdb752f252
{"type":"TASK_STAGED","task":{"task_id":"DIFF-TASK-1001-908","title":"Differential Test Task 908","priority":"P2","working_dir":"C:/Users/lol/2026-workspace/courier/scratch/expedition_test_a","required_capability":"WORKSPACE_WRITE","version":1,"state":"STAGED"},"passport":{"task_id":"DIFF-TASK-1001-908","task_version":1,"goal_id":"GOAL-CANONICAL","scope_paths":["c:/users/lol/2026-workspace/courier/scratch/expedition_test_a"],"max_capability":"WORKSPACE_WRITE","signature":"1267f68c25f7da6c563d5574252d2590eefb5f176128fad6ad8823909fd13459","issued_at":"2026-09-10T04:18:48.826Z"}}
FRAME:605:84d074a12e70cf68
{"type":"TASK_STAGED","task":{"task_id":"DIFF-TASK-1001-911","title":"Differential Test Task 911","priority":"P2","working_dir":"C:/Users/lol/2026-workspace/courier/scratch/expedition_test_c/data/cache","required_capability":"WORKSPACE_WRITE","version":1,"state":"STAGED"},"passport":{"task_id":"DIFF-TASK-1001-911","task_version":1,"goal_id":"GOAL-CANONICAL","scope_paths":["c:/users/lol/2026-workspace/courier/scratch/expedition_test_c/data/cache"],"max_capability":"WORKSPACE_WRITE","signature":"ea0cef1d72650f56731d6113b672b59178bbb739c8d7554f1b9adab1e0ee0b1f","issued_at":"2026-09-10T04:18:48.827Z"}}
FRAME:605:e5f20fdb876af722
{"type":"TASK_STAGED","task":{"task_id":"DIFF-TASK-1001-912","title":"Differential Test Task 912","priority":"P1","working_dir":"C:/Users/lol/2026-workspace/courier/scratch/expedition_test_c/data/cache","required_capability":"WORKSPACE_WRITE","version":1,"state":"STAGED"},"passport":{"task_id":"DIFF-TASK-1001-912","task_version":1,"goal_id":"GOAL-CANONICAL","scope_paths":["c:/users/lol/2026-workspace/courier/scratch/expedition_test_c/data/cache"],"max_capability":"WORKSPACE_WRITE","signature":"6acc9ec5f8f25733a80834d09c4977dfde7d39fb05114dd118671d54bc850066","issued_at":"2026-09-10T04:18:48.827Z"}}
FRAME:583:8c557ff60cb61862
{"type":"TASK_STAGED","task":{"task_id":"DIFF-TASK-1001-916","title":"Differential Test Task 916","priority":"P2","working_dir":"C:/Users/lol/2026-workspace/courier/scratch/expedition_test_a","required_capability":"WORKSPACE_WRITE","version":1,"state":"STAGED"},"passport":{"task_id":"DIFF-TASK-1001-916","task_version":1,"goal_id":"GOAL-CANONICAL","scope_paths":["c:/users/lol/2026-workspace/courier/scratch/expedition_test_a"],"max_capability":"WORKSPACE_WRITE","signature":"35089b7be16b965d71f2de9f9020ddfe3714c3ef65820c3b9c55b0e1019e1461","issued_at":"2026-09-10T04:18:48.828Z"}}
FRAME:593:25a48ba94e8ff68c
{"type":"TASK_STAGED","task":{"task_id":"DIFF-TASK-1001-917","title":"Differential Test Task 917","priority":"P1","working_dir":"C:/Users/lol/2026-workspace/courier/scratch/expedition_test_b/logs","required_capability":"WORKSPACE_WRITE","version":1,"state":"STAGED"},"passport":{"task_id":"DIFF-TASK-1001-917","task_version":1,"goal_id":"GOAL-CANONICAL","scope_paths":["c:/users/lol/2026-workspace/courier/scratch/expedition_test_b/logs"],"max_capability":"WORKSPACE_WRITE","signature":"2bb305531745a8b87b713615fb633328d02f2e5bbf6d6228156e872641f8256f","issued_at":"2026-09-10T04:18:48.828Z"}}
FRAME:593:7701c6fc994b2550
{"type":"TASK_STAGED","task":{"task_id":"DIFF-TASK-1001-920","title":"Differential Test Task 920","priority":"P1","working_dir":"C:/Users/lol/2026-workspace/courier/scratch/expedition_test_a/sub1","required_capability":"WORKSPACE_WRITE","version":1,"state":"STAGED"},"passport":{"task_id":"DIFF-TASK-1001-920","task_version":1,"goal_id":"GOAL-CANONICAL","scope_paths":["c:/users/lol/2026-workspace/courier/scratch/expedition_test_a/sub1"],"max_capability":"WORKSPACE_WRITE","signature":"89852cfe3d17075235d51133ba853f140c9de3ee3db717d3a1615baefc0c9440","issued_at":"2026-09-10T04:18:48.828Z"}}
FRAME:583:d2d6e5937feea10e
{"type":"TASK_STAGED","task":{"task_id":"DIFF-TASK-1001-921","title":"Differential Test Task 921","priority":"P1","working_dir":"C:/Users/lol/2026-workspace/courier/scratch/expedition_test_c","required_capability":"WORKSPACE_WRITE","version":1,"state":"STAGED"},"passport":{"task_id":"DIFF-TASK-1001-921","task_version":1,"goal_id":"GOAL-CANONICAL","scope_paths":["c:/users/lol/2026-workspace/courier/scratch/expedition_test_c"],"max_capability":"WORKSPACE_WRITE","signature":"19edb2cb751b23dd7321078c1b8a357e350d682fc2e119c5419f77a3015771e2","issued_at":"2026-09-10T04:18:48.829Z"}}
FRAME:583:7aeeaf9cea7f0879
{"type":"TASK_STAGED","task":{"task_id":"DIFF-TASK-1001-923","title":"Differential Test Task 923","priority":"P0","working_dir":"C:/Users/lol/2026-workspace/courier/scratch/expedition_test_c","required_capability":"WORKSPACE_WRITE","version":1,"state":"STAGED"},"passport":{"task_id":"DIFF-TASK-1001-923","task_version":1,"goal_id":"GOAL-CANONICAL","scope_paths":["c:/users/lol/2026-workspace/courier/scratch/expedition_test_c"],"max_capability":"WORKSPACE_WRITE","signature":"f2087bda4702ad5b5343c9e39bfa81dc5a280da422e1eff34eb300e9c0f014f7","issued_at":"2026-09-10T04:18:48.829Z"}}
FRAME:583:3d92d412053a4934
{"type":"TASK_STAGED","task":{"task_id":"DIFF-TASK-1001-924","title":"Differential Test Task 924","priority":"P2","working_dir":"C:/Users/lol/2026-workspace/courier/scratch/expedition_test_a","required_capability":"WORKSPACE_WRITE","version":1,"state":"STAGED"},"passport":{"task_id":"DIFF-TASK-1001-924","task_version":1,"goal_id":"GOAL-CANONICAL","scope_paths":["c:/users/lol/2026-workspace/courier/scratch/expedition_test_a"],"max_capability":"WORKSPACE_WRITE","signature":"12eea2949d1e9dde219ab638fae65e8faab2488059a860734eb2631d95cb455f","issued_at":"2026-09-10T04:18:48.829Z"}}
FRAME:583:c009cc867ac30049
{"type":"TASK_STAGED","task":{"task_id":"DIFF-TASK-1001-934","title":"Differential Test Task 934","priority":"P0","working_dir":"C:/Users/lol/2026-workspace/courier/scratch/expedition_test_c","required_capability":"WORKSPACE_WRITE","version":1,"state":"STAGED"},"passport":{"task_id":"DIFF-TASK-1001-934","task_version":1,"goal_id":"GOAL-CANONICAL","scope_paths":["c:/users/lol/2026-workspace/courier/scratch/expedition_test_c"],"max_capability":"WORKSPACE_WRITE","signature":"82ed46a9bebb7b26814a5218c516ddcec78906dab7d6f92191f68f58fcebd86b","issued_at":"2026-09-10T04:18:48.830Z"}}
FRAME:583:fb5db1eae947bec8
{"type":"TASK_STAGED","task":{"task_id":"DIFF-TASK-1001-936","title":"Differential Test Task 936","priority":"P1","working_dir":"C:/Users/lol/2026-workspace/courier/scratch/expedition_test_c","required_capability":"WORKSPACE_WRITE","version":1,"state":"STAGED"},"passport":{"task_id":"DIFF-TASK-1001-936","task_version":1,"goal_id":"GOAL-CANONICAL","scope_paths":["c:/users/lol/2026-workspace/courier/scratch/expedition_test_c"],"max_capability":"WORKSPACE_WRITE","signature":"5c85242843564c379bb102f9e67730f76e2fa7f83a306e5803cbc3e9a83f34cb","issued_at":"2026-09-10T04:18:48.830Z"}}
FRAME:605:f95bc8cf2ca382a3
{"type":"TASK_STAGED","task":{"task_id":"DIFF-TASK-1001-941","title":"Differential Test Task 941","priority":"P1","working_dir":"C:/Users/lol/2026-workspace/courier/scratch/expedition_test_c/data/cache","required_capability":"WORKSPACE_WRITE","version":1,"state":"STAGED"},"passport":{"task_id":"DIFF-TASK-1001-941","task_version":1,"goal_id":"GOAL-CANONICAL","scope_paths":["c:/users/lol/2026-workspace/courier/scratch/expedition_test_c/data/cache"],"max_capability":"WORKSPACE_WRITE","signature":"12394fe46083f8bda997dd4fb01d1928884a264a0b9394ac966d663ca2f8df9c","issued_at":"2026-09-10T04:18:48.831Z"}}
FRAME:583:f3d75c9fce0eb7db
{"type":"TASK_STAGED","task":{"task_id":"DIFF-TASK-1001-942","title":"Differential Test Task 942","priority":"P2","working_dir":"C:/Users/lol/2026-workspace/courier/scratch/expedition_test_c","required_capability":"WORKSPACE_WRITE","version":1,"state":"STAGED"},"passport":{"task_id":"DIFF-TASK-1001-942","task_version":1,"goal_id":"GOAL-CANONICAL","scope_paths":["c:/users/lol/2026-workspace/courier/scratch/expedition_test_c"],"max_capability":"WORKSPACE_WRITE","signature":"871e15a6685471c9acd334acdbc50636dcfa2db0a25a5b89b9944c92488c42e7","issued_at":"2026-09-10T04:18:48.831Z"}}
FRAME:605:31d7ba6dd2b1c833
{"type":"TASK_STAGED","task":{"task_id":"DIFF-TASK-1001-944","title":"Differential Test Task 944","priority":"P1","working_dir":"C:/Users/lol/2026-workspace/courier/scratch/expedition_test_c/data/cache","required_capability":"WORKSPACE_WRITE","version":1,"state":"STAGED"},"passport":{"task_id":"DIFF-TASK-1001-944","task_version":1,"goal_id":"GOAL-CANONICAL","scope_paths":["c:/users/lol/2026-workspace/courier/scratch/expedition_test_c/data/cache"],"max_capability":"WORKSPACE_WRITE","signature":"6fb30c538900b738d103177b5818aeca9450a7f3f938fec30033c220a9fa3564","issued_at":"2026-09-10T04:18:48.831Z"}}
FRAME:593:699285237f56ae9e
{"type":"TASK_STAGED","task":{"task_id":"DIFF-TASK-1001-945","title":"Differential Test Task 945","priority":"P1","working_dir":"C:/Users/lol/2026-workspace/courier/scratch/expedition_test_b/logs","required_capability":"WORKSPACE_WRITE","version":1,"state":"STAGED"},"passport":{"task_id":"DIFF-TASK-1001-945","task_version":1,"goal_id":"GOAL-CANONICAL","scope_paths":["c:/users/lol/2026-workspace/courier/scratch/expedition_test_b/logs"],"max_capability":"WORKSPACE_WRITE","signature":"11e81696b7ce25bfdb4f83b0333831d811ec1e74cc5ba3f32584e69b92558e1a","issued_at":"2026-09-10T04:18:48.831Z"}}
FRAME:583:020a62f474810315
{"type":"TASK_STAGED","task":{"task_id":"DIFF-TASK-1001-946","title":"Differential Test Task 946","priority":"P1","working_dir":"C:/Users/lol/2026-workspace/courier/scratch/expedition_test_b","required_capability":"WORKSPACE_WRITE","version":1,"state":"STAGED"},"passport":{"task_id":"DIFF-TASK-1001-946","task_version":1,"goal_id":"GOAL-CANONICAL","scope_paths":["c:/users/lol/2026-workspace/courier/scratch/expedition_test_b"],"max_capability":"WORKSPACE_WRITE","signature":"28bc838eccb61e16c81ad1cc35b91da14f82bc6883f3e043ff6af91e6773c462","issued_at":"2026-09-10T04:18:48.831Z"}}
FRAME:593:fde1314f99d566fe
{"type":"TASK_STAGED","task":{"task_id":"DIFF-TASK-1001-947","title":"Differential Test Task 947","priority":"P2","working_dir":"C:/Users/lol/2026-workspace/courier/scratch/expedition_test_b/logs","required_capability":"WORKSPACE_WRITE","version":1,"state":"STAGED"},"passport":{"task_id":"DIFF-TASK-1001-947","task_version":1,"goal_id":"GOAL-CANONICAL","scope_paths":["c:/users/lol/2026-workspace/courier/scratch/expedition_test_b/logs"],"max_capability":"WORKSPACE_WRITE","signature":"20f69f577584628cbec3a0881b8af668b1d776e54c2248e107aec85d4e0fae0a","issued_at":"2026-09-10T04:18:48.832Z"}}
FRAME:583:6f3396936ac59dc4
{"type":"TASK_STAGED","task":{"task_id":"DIFF-TASK-1001-950","title":"Differential Test Task 950","priority":"P0","working_dir":"C:/Users/lol/2026-workspace/courier/scratch/expedition_test_a","required_capability":"WORKSPACE_WRITE","version":1,"state":"STAGED"},"passport":{"task_id":"DIFF-TASK-1001-950","task_version":1,"goal_id":"GOAL-CANONICAL","scope_paths":["c:/users/lol/2026-workspace/courier/scratch/expedition_test_a"],"max_capability":"WORKSPACE_WRITE","signature":"ca31914677c901efa6783edd85ee8955a64a94f5dbc48f864bc8e83603cf16ad","issued_at":"2026-09-10T04:18:48.832Z"}}
FRAME:593:a216b8f869a99e0a
{"type":"TASK_STAGED","task":{"task_id":"DIFF-TASK-1001-953","title":"Differential Test Task 953","priority":"P2","working_dir":"C:/Users/lol/2026-workspace/courier/scratch/expedition_test_b/logs","required_capability":"WORKSPACE_WRITE","version":1,"state":"STAGED"},"passport":{"task_id":"DIFF-TASK-1001-953","task_version":1,"goal_id":"GOAL-CANONICAL","scope_paths":["c:/users/lol/2026-workspace/courier/scratch/expedition_test_b/logs"],"max_capability":"WORKSPACE_WRITE","signature":"215de01d7ac0a0616292de9dbbf6ab6e5d5ad909c86e71f0d3f3daf09f6c381f","issued_at":"2026-09-10T04:18:48.832Z"}}
FRAME:583:f9cb3155b8242e21
{"type":"TASK_STAGED","task":{"task_id":"DIFF-TASK-1001-954","title":"Differential Test Task 954","priority":"P0","working_dir":"C:/Users/lol/2026-workspace/courier/scratch/expedition_test_c","required_capability":"WORKSPACE_WRITE","version":1,"state":"STAGED"},"passport":{"task_id":"DIFF-TASK-1001-954","task_version":1,"goal_id":"GOAL-CANONICAL","scope_paths":["c:/users/lol/2026-workspace/courier/scratch/expedition_test_c"],"max_capability":"WORKSPACE_WRITE","signature":"9ee491d3fc189492ee27100e602e9bdfff61d3cb38e802a2b3e68811194cd380","issued_at":"2026-09-10T04:18:48.832Z"}}
FRAME:583:5a344670b983441c
{"type":"TASK_STAGED","task":{"task_id":"DIFF-TASK-1001-957","title":"Differential Test Task 957","priority":"P0","working_dir":"C:/Users/lol/2026-workspace/courier/scratch/expedition_test_b","required_capability":"WORKSPACE_WRITE","version":1,"state":"STAGED"},"passport":{"task_id":"DIFF-TASK-1001-957","task_version":1,"goal_id":"GOAL-CANONICAL","scope_paths":["c:/users/lol/2026-workspace/courier/scratch/expedition_test_b"],"max_capability":"WORKSPACE_WRITE","signature":"71af4d60acc64be4efaf96259f92031a04821b60c3435c7405d22796d1ea10fd","issued_at":"2026-09-10T04:18:48.833Z"}}
FRAME:583:cdaa1e6c55afa140
{"type":"TASK_STAGED","task":{"task_id":"DIFF-TASK-1001-959","title":"Differential Test Task 959","priority":"P1","working_dir":"C:/Users/lol/2026-workspace/courier/scratch/expedition_test_c","required_capability":"WORKSPACE_WRITE","version":1,"state":"STAGED"},"passport":{"task_id":"DIFF-TASK-1001-959","task_version":1,"goal_id":"GOAL-CANONICAL","scope_paths":["c:/users/lol/2026-workspace/courier/scratch/expedition_test_c"],"max_capability":"WORKSPACE_WRITE","signature":"6766379b7eb17b728624650be9fcde78e6309368a993c6df6160e4ad948e9897","issued_at":"2026-09-10T04:18:48.833Z"}}
FRAME:605:e6ccebcb694111de
{"type":"TASK_STAGED","task":{"task_id":"DIFF-TASK-1001-960","title":"Differential Test Task 960","priority":"P1","working_dir":"C:/Users/lol/2026-workspace/courier/scratch/expedition_test_c/data/cache","required_capability":"WORKSPACE_WRITE","version":1,"state":"STAGED"},"passport":{"task_id":"DIFF-TASK-1001-960","task_version":1,"goal_id":"GOAL-CANONICAL","scope_paths":["c:/users/lol/2026-workspace/courier/scratch/expedition_test_c/data/cache"],"max_capability":"WORKSPACE_WRITE","signature":"c1078ccd6c47c6dbd8f2e685bb3f84842aa4fef7c646e756066333354979cd69","issued_at":"2026-09-10T04:18:48.833Z"}}
FRAME:585:ae50691fec0ff515
{"type":"TASK_STAGED","task":{"task_id":"DIFF-TASK-1001-962","title":"Differential Test Task 962","priority":"P1","working_dir":"C:/Users/lol/2026-workspace/courier/scratch/expedition_test_b/logs","required_capability":"EXTERNAL_FS","version":1,"state":"STAGED"},"passport":{"task_id":"DIFF-TASK-1001-962","task_version":1,"goal_id":"GOAL-CANONICAL","scope_paths":["c:/users/lol/2026-workspace/courier/scratch/expedition_test_b/logs"],"max_capability":"EXTERNAL_FS","signature":"e31a1eb841855dbf2ed224c79ce5a8ed7a1ea63b8d8c79dfcc4e9aab192f1787","issued_at":"2026-09-10T04:18:48.833Z"}}
FRAME:583:2f028c51ea146aea
{"type":"TASK_STAGED","task":{"task_id":"DIFF-TASK-1001-965","title":"Differential Test Task 965","priority":"P0","working_dir":"C:/Users/lol/2026-workspace/courier/scratch/expedition_test_c","required_capability":"WORKSPACE_WRITE","version":1,"state":"STAGED"},"passport":{"task_id":"DIFF-TASK-1001-965","task_version":1,"goal_id":"GOAL-CANONICAL","scope_paths":["c:/users/lol/2026-workspace/courier/scratch/expedition_test_c"],"max_capability":"WORKSPACE_WRITE","signature":"c445c44e4d9826fe437326a51963019c1ef910fb64eaf701940070d745b856bc","issued_at":"2026-09-10T04:18:48.834Z"}}
FRAME:575:0bd1c8205b139cb8
{"type":"TASK_STAGED","task":{"task_id":"DIFF-TASK-1001-967","title":"Differential Test Task 967","priority":"P2","working_dir":"C:/Users/lol/2026-workspace/courier/scratch/expedition_test_a","required_capability":"EXTERNAL_FS","version":1,"state":"STAGED"},"passport":{"task_id":"DIFF-TASK-1001-967","task_version":1,"goal_id":"GOAL-CANONICAL","scope_paths":["c:/users/lol/2026-workspace/courier/scratch/expedition_test_a"],"max_capability":"EXTERNAL_FS","signature":"b13bffb040e557fc4bd600353ea7a9c5aa121f30da44cc89983d9f1bc7d4ab7d","issued_at":"2026-09-10T04:18:48.834Z"}}
FRAME:605:a0af94470d79cd14
{"type":"TASK_STAGED","task":{"task_id":"DIFF-TASK-1001-970","title":"Differential Test Task 970","priority":"P2","working_dir":"C:/Users/lol/2026-workspace/courier/scratch/expedition_test_c/data/cache","required_capability":"WORKSPACE_WRITE","version":1,"state":"STAGED"},"passport":{"task_id":"DIFF-TASK-1001-970","task_version":1,"goal_id":"GOAL-CANONICAL","scope_paths":["c:/users/lol/2026-workspace/courier/scratch/expedition_test_c/data/cache"],"max_capability":"WORKSPACE_WRITE","signature":"0a8252cb346b794ae3d784828e492264b7241ec018135efd0cbbab28a8e5af54","issued_at":"2026-09-10T04:18:48.834Z"}}
FRAME:583:907bc78cac8088e2
{"type":"TASK_STAGED","task":{"task_id":"DIFF-TASK-1001-975","title":"Differential Test Task 975","priority":"P1","working_dir":"C:/Users/lol/2026-workspace/courier/scratch/expedition_test_b","required_capability":"WORKSPACE_WRITE","version":1,"state":"STAGED"},"passport":{"task_id":"DIFF-TASK-1001-975","task_version":1,"goal_id":"GOAL-CANONICAL","scope_paths":["c:/users/lol/2026-workspace/courier/scratch/expedition_test_b"],"max_capability":"WORKSPACE_WRITE","signature":"3f863148420d5d1813ad4b6b8be7a3088bd1f1968531d5dd6dce8b45dab90b5c","issued_at":"2026-09-10T04:18:48.834Z"}}
FRAME:593:55eed637fe2016c6
{"type":"TASK_STAGED","task":{"task_id":"DIFF-TASK-1001-978","title":"Differential Test Task 978","priority":"P1","working_dir":"C:/Users/lol/2026-workspace/courier/scratch/expedition_test_b/logs","required_capability":"WORKSPACE_WRITE","version":1,"state":"STAGED"},"passport":{"task_id":"DIFF-TASK-1001-978","task_version":1,"goal_id":"GOAL-CANONICAL","scope_paths":["c:/users/lol/2026-workspace/courier/scratch/expedition_test_b/logs"],"max_capability":"WORKSPACE_WRITE","signature":"8713b2c3d3f083b00e92e5e18a888e04a51cd8aca68759733753be2f235048bf","issued_at":"2026-09-10T04:18:48.835Z"}}
FRAME:575:4b377dc4c819ab27
{"type":"TASK_STAGED","task":{"task_id":"DIFF-TASK-1001-979","title":"Differential Test Task 979","priority":"P0","working_dir":"C:/Users/lol/2026-workspace/courier/scratch/expedition_test_a","required_capability":"EXTERNAL_FS","version":1,"state":"STAGED"},"passport":{"task_id":"DIFF-TASK-1001-979","task_version":1,"goal_id":"GOAL-CANONICAL","scope_paths":["c:/users/lol/2026-workspace/courier/scratch/expedition_test_a"],"max_capability":"EXTERNAL_FS","signature":"4ac47c8155b08d579fd9c81e909db22883002bd98de97d6efb5c6c56e770ea45","issued_at":"2026-09-10T04:18:48.835Z"}}
FRAME:575:0f23f9ed487ba4d4
{"type":"TASK_STAGED","task":{"task_id":"DIFF-TASK-1001-980","title":"Differential Test Task 980","priority":"P1","working_dir":"C:/Users/lol/2026-workspace/courier/scratch/expedition_test_c","required_capability":"EXTERNAL_FS","version":1,"state":"STAGED"},"passport":{"task_id":"DIFF-TASK-1001-980","task_version":1,"goal_id":"GOAL-CANONICAL","scope_paths":["c:/users/lol/2026-workspace/courier/scratch/expedition_test_c"],"max_capability":"EXTERNAL_FS","signature":"803b3015f9c72f7305bd73bc9a883f6d92d1fe5d9969a6e778ee6866259ee545","issued_at":"2026-09-10T04:18:48.835Z"}}
FRAME:583:4a57ea65b92cb3f3
{"type":"TASK_STAGED","task":{"task_id":"DIFF-TASK-1001-982","title":"Differential Test Task 982","priority":"P2","working_dir":"C:/Users/lol/2026-workspace/courier/scratch/expedition_test_b","required_capability":"WORKSPACE_WRITE","version":1,"state":"STAGED"},"passport":{"task_id":"DIFF-TASK-1001-982","task_version":1,"goal_id":"GOAL-CANONICAL","scope_paths":["c:/users/lol/2026-workspace/courier/scratch/expedition_test_b"],"max_capability":"WORKSPACE_WRITE","signature":"5520a0913167592d21f626fa59e306df5442aa08610af061319dc4683e1d7d84","issued_at":"2026-09-10T04:18:48.835Z"}}
FRAME:583:1a2a0c57c187778b
{"type":"TASK_STAGED","task":{"task_id":"DIFF-TASK-1001-983","title":"Differential Test Task 983","priority":"P0","working_dir":"C:/Users/lol/2026-workspace/courier/scratch/expedition_test_a","required_capability":"WORKSPACE_WRITE","version":1,"state":"STAGED"},"passport":{"task_id":"DIFF-TASK-1001-983","task_version":1,"goal_id":"GOAL-CANONICAL","scope_paths":["c:/users/lol/2026-workspace/courier/scratch/expedition_test_a"],"max_capability":"WORKSPACE_WRITE","signature":"515e877609d73d6f2393c3a3a3f449c267264e0abd8a1a3c0beee4d3a5a39092","issued_at":"2026-09-10T04:18:48.835Z"}}
FRAME:583:0ca348708b380ee1
{"type":"TASK_STAGED","task":{"task_id":"DIFF-TASK-1001-984","title":"Differential Test Task 984","priority":"P2","working_dir":"C:/Users/lol/2026-workspace/courier/scratch/expedition_test_a","required_capability":"WORKSPACE_WRITE","version":1,"state":"STAGED"},"passport":{"task_id":"DIFF-TASK-1001-984","task_version":1,"goal_id":"GOAL-CANONICAL","scope_paths":["c:/users/lol/2026-workspace/courier/scratch/expedition_test_a"],"max_capability":"WORKSPACE_WRITE","signature":"65972530db61aa68d497fe99173da8982679a2e1d05dbda8a41d08ccc1c1cfa7","issued_at":"2026-09-10T04:18:48.836Z"}}
FRAME:583:6dcbde86c4d9324d
{"type":"TASK_STAGED","task":{"task_id":"DIFF-TASK-1001-985","title":"Differential Test Task 985","priority":"P1","working_dir":"C:/Users/lol/2026-workspace/courier/scratch/expedition_test_a","required_capability":"WORKSPACE_WRITE","version":1,"state":"STAGED"},"passport":{"task_id":"DIFF-TASK-1001-985","task_version":1,"goal_id":"GOAL-CANONICAL","scope_paths":["c:/users/lol/2026-workspace/courier/scratch/expedition_test_a"],"max_capability":"WORKSPACE_WRITE","signature":"dbfe60550b611e6aaafa38a594e54522b88c74e520acfbb8a60fe3f2bac8b76c","issued_at":"2026-09-10T04:18:48.836Z"}}
FRAME:583:0bbb843339129ea1
{"type":"TASK_STAGED","task":{"task_id":"DIFF-TASK-1001-990","title":"Differential Test Task 990","priority":"P1","working_dir":"C:/Users/lol/2026-workspace/courier/scratch/expedition_test_b","required_capability":"WORKSPACE_WRITE","version":1,"state":"STAGED"},"passport":{"task_id":"DIFF-TASK-1001-990","task_version":1,"goal_id":"GOAL-CANONICAL","scope_paths":["c:/users/lol/2026-workspace/courier/scratch/expedition_test_b"],"max_capability":"WORKSPACE_WRITE","signature":"c2e45892770cfc9fd863fd6272ad841ec502c8b302ccc06fb5aa6a86bca05701","issued_at":"2026-09-10T04:18:48.836Z"}}
FRAME:583:aea0e11dd8d4bbef
{"type":"TASK_STAGED","task":{"task_id":"DIFF-TASK-1001-991","title":"Differential Test Task 991","priority":"P1","working_dir":"C:/Users/lol/2026-workspace/courier/scratch/expedition_test_a","required_capability":"WORKSPACE_WRITE","version":1,"state":"STAGED"},"passport":{"task_id":"DIFF-TASK-1001-991","task_version":1,"goal_id":"GOAL-CANONICAL","scope_paths":["c:/users/lol/2026-workspace/courier/scratch/expedition_test_a"],"max_capability":"WORKSPACE_WRITE","signature":"7bbee2e72661fa92844ad9fd1d37331f10b30f290c4be6453017ce28e1aa2a4d","issued_at":"2026-09-10T04:18:48.836Z"}}
FRAME:587:e6b88f17e4e7048c
{"type":"TASK_STAGED","task":{"task_id":"DIFF-TASK-1001-0","title":"Differential Test Task 0","priority":"P0","working_dir":"C:/Users/lol/2026-workspace/courier/scratch/expedition_test_a/sub1","required_capability":"WORKSPACE_WRITE","version":1,"state":"STAGED"},"passport":{"task_id":"DIFF-TASK-1001-0","task_version":1,"goal_id":"GOAL-CANONICAL","scope_paths":["c:/users/lol/2026-workspace/courier/scratch/expedition_test_a/sub1"],"max_capability":"WORKSPACE_WRITE","signature":"04b5f4ae8f9b57b889f8a4568dc007d7c4d498f303c38f4ceec790ae8b06fd0d","issued_at":"2026-09-10T04:19:37.713Z"}}
FRAME:119:8d0190571eacacf9
{"type":"TASK_DISPATCHED","task_id":"DIFF-TASK-1001-0","worker_id":"WORKER-1","lease_id":"LEASE-V2-1789013977716-6316"}
FRAME:569:ea21d40cd62975ac
{"type":"TASK_STAGED","task":{"task_id":"DIFF-TASK-1001-2","title":"Differential Test Task 2","priority":"P2","working_dir":"C:/Users/lol/2026-workspace/courier/scratch/expedition_test_c","required_capability":"EXTERNAL_FS","version":1,"state":"STAGED"},"passport":{"task_id":"DIFF-TASK-1001-2","task_version":1,"goal_id":"GOAL-CANONICAL","scope_paths":["c:/users/lol/2026-workspace/courier/scratch/expedition_test_c"],"max_capability":"EXTERNAL_FS","signature":"f65b5d00914c1a617dc95e656c14574d20af096642e28eca84a3887b912f87d8","issued_at":"2026-09-10T04:19:37.717Z"}}
FRAME:77:f6a489630d542c13
{"type":"TASK_COMPLETED","task_id":"DIFF-TASK-1001-0","verified_artifacts":2}
FRAME:118:683e3aaff158df3d
{"type":"TASK_DISPATCHED","task_id":"DIFF-TASK-1001-2","worker_id":"WORKER-4","lease_id":"LEASE-V2-1789013977718-104"}
FRAME:587:4b785ee852861f6d
{"type":"TASK_STAGED","task":{"task_id":"DIFF-TASK-1001-5","title":"Differential Test Task 5","priority":"P0","working_dir":"C:/Users/lol/2026-workspace/courier/scratch/expedition_test_b/logs","required_capability":"WORKSPACE_WRITE","version":1,"state":"STAGED"},"passport":{"task_id":"DIFF-TASK-1001-5","task_version":1,"goal_id":"GOAL-CANONICAL","scope_paths":["c:/users/lol/2026-workspace/courier/scratch/expedition_test_b/logs"],"max_capability":"WORKSPACE_WRITE","signature":"95165667ca92252762107f549163146ddeb09f63f4c4df1c78c799e3423d9eff","issued_at":"2026-09-10T04:19:37.719Z"}}
FRAME:579:6f672d221efb961d
{"type":"TASK_STAGED","task":{"task_id":"DIFF-TASK-1001-6","title":"Differential Test Task 6","priority":"P2","working_dir":"C:/Users/lol/2026-workspace/courier/scratch/expedition_test_a/sub1","required_capability":"EXTERNAL_FS","version":1,"state":"STAGED"},"passport":{"task_id":"DIFF-TASK-1001-6","task_version":1,"goal_id":"GOAL-CANONICAL","scope_paths":["c:/users/lol/2026-workspace/courier/scratch/expedition_test_a/sub1"],"max_capability":"EXTERNAL_FS","signature":"f0ff42ec706a8c75ad9e378570afacf9c77dd9905b1e3bfba9244f0416b7b27e","issued_at":"2026-09-10T04:19:37.719Z"}}
FRAME:119:dede85c30660356b
{"type":"TASK_DISPATCHED","task_id":"DIFF-TASK-1001-5","worker_id":"WORKER-7","lease_id":"LEASE-V2-1789013977720-2963"}
FRAME:119:cb27d1d004f54e96
{"type":"TASK_DISPATCHED","task_id":"DIFF-TASK-1001-6","worker_id":"WORKER-8","lease_id":"LEASE-V2-1789013977720-8264"}
FRAME:77:8d175b7351179d61
{"type":"TASK_COMPLETED","task_id":"DIFF-TASK-1001-5","verified_artifacts":2}
FRAME:590:5559029c0497b12d
{"type":"TASK_STAGED","task":{"task_id":"DIFF-TASK-1001-12","title":"Differential Test Task 12","priority":"P1","working_dir":"C:/Users/lol/2026-workspace/courier/scratch/expedition_test_b/logs","required_capability":"WORKSPACE_WRITE","version":1,"state":"STAGED"},"passport":{"task_id":"DIFF-TASK-1001-12","task_version":1,"goal_id":"GOAL-CANONICAL","scope_paths":["c:/users/lol/2026-workspace/courier/scratch/expedition_test_b/logs"],"max_capability":"WORKSPACE_WRITE","signature":"01cb76d3afb263241bcc4a0aa0e7b5fb4479ebbf75eff100001744db4851d160","issued_at":"2026-09-10T04:19:37.721Z"}}
FRAME:121:b7b9fe46a7db27c5
{"type":"TASK_DISPATCHED","task_id":"DIFF-TASK-1001-12","worker_id":"WORKER-14","lease_id":"LEASE-V2-1789013977723-4956"}
FRAME:580:f9502b777708b153
{"type":"TASK_STAGED","task":{"task_id":"DIFF-TASK-1001-15","title":"Differential Test Task 15","priority":"P1","working_dir":"C:/Users/lol/2026-workspace/courier/scratch/expedition_test_b","required_capability":"WORKSPACE_WRITE","version":1,"state":"STAGED"},"passport":{"task_id":"DIFF-TASK-1001-15","task_version":1,"goal_id":"GOAL-CANONICAL","scope_paths":["c:/users/lol/2026-workspace/courier/scratch/expedition_test_b"],"max_capability":"WORKSPACE_WRITE","signature":"318afea35d6d4137ef118cadc5c4033762575f1d38c4c9db361c99ef271bf4f8","issued_at":"2026-09-10T04:19:37.723Z"}}
FRAME:78:37b6ba812669575b
{"type":"TASK_COMPLETED","task_id":"DIFF-TASK-1001-12","verified_artifacts":2}
FRAME:602:dd113eca4e0e869a
{"type":"TASK_STAGED","task":{"task_id":"DIFF-TASK-1001-18","title":"Differential Test Task 18","priority":"P1","working_dir":"C:/Users/lol/2026-workspace/courier/scratch/expedition_test_c/data/cache","required_capability":"WORKSPACE_WRITE","version":1,"state":"STAGED"},"passport":{"task_id":"DIFF-TASK-1001-18","task_version":1,"goal_id":"GOAL-CANONICAL","scope_paths":["c:/users/lol/2026-workspace/courier/scratch/expedition_test_c/data/cache"],"max_capability":"WORKSPACE_WRITE","signature":"615123fc66705132f71ce6605564910f755dca642274128c51f7cc6b76d59561","issued_at":"2026-09-10T04:19:37.724Z"}}
FRAME:580:ff303fad99340a4d
{"type":"TASK_STAGED","task":{"task_id":"DIFF-TASK-1001-20","title":"Differential Test Task 20","priority":"P2","working_dir":"C:/Users/lol/2026-workspace/courier/scratch/expedition_test_b","required_capability":"WORKSPACE_WRITE","version":1,"state":"STAGED"},"passport":{"task_id":"DIFF-TASK-1001-20","task_version":1,"goal_id":"GOAL-CANONICAL","scope_paths":["c:/users/lol/2026-workspace/courier/scratch/expedition_test_b"],"max_capability":"WORKSPACE_WRITE","signature":"2e688b7b0bc3fc76af621ec1507752d8420aec8bb0e791776d77837e9c9cc22d","issued_at":"2026-09-10T04:19:37.724Z"}}
FRAME:590:5f94171a4f235596
{"type":"TASK_STAGED","task":{"task_id":"DIFF-TASK-1001-22","title":"Differential Test Task 22","priority":"P2","working_dir":"C:/Users/lol/2026-workspace/courier/scratch/expedition_test_a/sub1","required_capability":"WORKSPACE_WRITE","version":1,"state":"STAGED"},"passport":{"task_id":"DIFF-TASK-1001-22","task_version":1,"goal_id":"GOAL-CANONICAL","scope_paths":["c:/users/lol/2026-workspace/courier/scratch/expedition_test_a/sub1"],"max_capability":"WORKSPACE_WRITE","signature":"48b6cc2d2d3ce2b6f7195ad9cc9532a541ca40c0954f5dd297f010a34058bbba","issued_at":"2026-09-10T04:19:37.725Z"}}
FRAME:590:cbdf57bad4f93169
{"type":"TASK_STAGED","task":{"task_id":"DIFF-TASK-1001-23","title":"Differential Test Task 23","priority":"P2","working_dir":"C:/Users/lol/2026-workspace/courier/scratch/expedition_test_b/logs","required_capability":"WORKSPACE_WRITE","version":1,"state":"STAGED"},"passport":{"task_id":"DIFF-TASK-1001-23","task_version":1,"goal_id":"GOAL-CANONICAL","scope_paths":["c:/users/lol/2026-workspace/courier/scratch/expedition_test_b/logs"],"max_capability":"WORKSPACE_WRITE","signature":"ab75340cf6be14189d5b756cdea7046c3823e8355a03a70346c5e180a588c253","issued_at":"2026-09-10T04:19:37.725Z"}}
FRAME:580:0e1e92ce146cd63f
{"type":"TASK_STAGED","task":{"task_id":"DIFF-TASK-1001-24","title":"Differential Test Task 24","priority":"P2","working_dir":"C:/Users/lol/2026-workspace/courier/scratch/expedition_test_c","required_capability":"WORKSPACE_WRITE","version":1,"state":"STAGED"},"passport":{"task_id":"DIFF-TASK-1001-24","task_version":1,"goal_id":"GOAL-CANONICAL","scope_paths":["c:/users/lol/2026-workspace/courier/scratch/expedition_test_c"],"max_capability":"WORKSPACE_WRITE","signature":"de3844ba1307ea6ca3dcd602c6a614066278047084c54cd74b9ac7525329ebb1","issued_at":"2026-09-10T04:19:37.726Z"}}
FRAME:590:cc496a7e929b2346
{"type":"TASK_STAGED","task":{"task_id":"DIFF-TASK-1001-25","title":"Differential Test Task 25","priority":"P0","working_dir":"C:/Users/lol/2026-workspace/courier/scratch/expedition_test_a/sub1","required_capability":"WORKSPACE_WRITE","version":1,"state":"STAGED"},"passport":{"task_id":"DIFF-TASK-1001-25","task_version":1,"goal_id":"GOAL-CANONICAL","scope_paths":["c:/users/lol/2026-workspace/courier/scratch/expedition_test_a/sub1"],"max_capability":"WORKSPACE_WRITE","signature":"21e074229a35dea3db448aba0ff6db2de53efd601042dde28fbf697a8b3837d2","issued_at":"2026-09-10T04:19:37.726Z"}}
FRAME:121:4829c010ddedad63
{"type":"TASK_DISPATCHED","task_id":"DIFF-TASK-1001-15","worker_id":"WORKER-26","lease_id":"LEASE-V2-1789013977727-7076"}
FRAME:580:4320b06b182dc9f0
{"type":"TASK_STAGED","task":{"task_id":"DIFF-TASK-1001-27","title":"Differential Test Task 27","priority":"P1","working_dir":"C:/Users/lol/2026-workspace/courier/scratch/expedition_test_b","required_capability":"WORKSPACE_WRITE","version":1,"state":"STAGED"},"passport":{"task_id":"DIFF-TASK-1001-27","task_version":1,"goal_id":"GOAL-CANONICAL","scope_paths":["c:/users/lol/2026-workspace/courier/scratch/expedition_test_b"],"max_capability":"WORKSPACE_WRITE","signature":"0997640200a4337fe21e8ed27c353098253c1549f4706cf52418d5d9eff550e7","issued_at":"2026-09-10T04:19:37.727Z"}}
FRAME:78:01678d0f1a6d55cd
{"type":"TASK_COMPLETED","task_id":"DIFF-TASK-1001-15","verified_artifacts":2}
FRAME:580:d97ed67a1ff7b2de
{"type":"TASK_STAGED","task":{"task_id":"DIFF-TASK-1001-30","title":"Differential Test Task 30","priority":"P1","working_dir":"C:/Users/lol/2026-workspace/courier/scratch/expedition_test_b","required_capability":"WORKSPACE_WRITE","version":1,"state":"STAGED"},"passport":{"task_id":"DIFF-TASK-1001-30","task_version":1,"goal_id":"GOAL-CANONICAL","scope_paths":["c:/users/lol/2026-workspace/courier/scratch/expedition_test_b"],"max_capability":"WORKSPACE_WRITE","signature":"f7c6e0c2538a483bace0879d526182166f590eedec2af2f2fe8ef022a668c7df","issued_at":"2026-09-10T04:19:37.728Z"}}
FRAME:121:b479d52a16114a01
{"type":"TASK_DISPATCHED","task_id":"DIFF-TASK-1001-27","worker_id":"WORKER-32","lease_id":"LEASE-V2-1789013977729-8995"}
FRAME:580:efbce376f1f1d2ec
{"type":"TASK_STAGED","task":{"task_id":"DIFF-TASK-1001-35","title":"Differential Test Task 35","priority":"P2","working_dir":"C:/Users/lol/2026-workspace/courier/scratch/expedition_test_c","required_capability":"WORKSPACE_WRITE","version":1,"state":"STAGED"},"passport":{"task_id":"DIFF-TASK-1001-35","task_version":1,"goal_id":"GOAL-CANONICAL","scope_paths":["c:/users/lol/2026-workspace/courier/scratch/expedition_test_c"],"max_capability":"WORKSPACE_WRITE","signature":"eb24e899efbf575da19cd034d693b1710c860e6fee4d060312f515fadf0c3013","issued_at":"2026-09-10T04:19:37.729Z"}}
FRAME:572:39a878f1538865c2
{"type":"TASK_STAGED","task":{"task_id":"DIFF-TASK-1001-40","title":"Differential Test Task 40","priority":"P1","working_dir":"C:/Users/lol/2026-workspace/courier/scratch/expedition_test_b","required_capability":"EXTERNAL_FS","version":1,"state":"STAGED"},"passport":{"task_id":"DIFF-TASK-1001-40","task_version":1,"goal_id":"GOAL-CANONICAL","scope_paths":["c:/users/lol/2026-workspace/courier/scratch/expedition_test_b"],"max_capability":"EXTERNAL_FS","signature":"79e80f33ee4028e3981c8178ac4baf4a6fe5613a655e96f34a6efc051725270a","issued_at":"2026-09-10T04:19:37.730Z"}}
FRAME:580:4cd7fb07e89a7f0c
{"type":"TASK_STAGED","task":{"task_id":"DIFF-TASK-1001-42","title":"Differential Test Task 42","priority":"P1","working_dir":"C:/Users/lol/2026-workspace/courier/scratch/expedition_test_c","required_capability":"WORKSPACE_WRITE","version":1,"state":"STAGED"},"passport":{"task_id":"DIFF-TASK-1001-42","task_version":1,"goal_id":"GOAL-CANONICAL","scope_paths":["c:/users/lol/2026-workspace/courier/scratch/expedition_test_c"],"max_capability":"WORKSPACE_WRITE","signature":"fdb5cd0d4ead74800b4f76a6f5cd0a39060a261523fbb2e7796177c4dd51db76","issued_at":"2026-09-10T04:19:37.731Z"}}
FRAME:580:536334fe47da0a1d
{"type":"TASK_STAGED","task":{"task_id":"DIFF-TASK-1001-45","title":"Differential Test Task 45","priority":"P0","working_dir":"C:/Users/lol/2026-workspace/courier/scratch/expedition_test_c","required_capability":"WORKSPACE_WRITE","version":1,"state":"STAGED"},"passport":{"task_id":"DIFF-TASK-1001-45","task_version":1,"goal_id":"GOAL-CANONICAL","scope_paths":["c:/users/lol/2026-workspace/courier/scratch/expedition_test_c"],"max_capability":"WORKSPACE_WRITE","signature":"3d7b1db19892d3acc8b5a434a21aaa106144b8c69e45612aed2a2f5b4cddc3d2","issued_at":"2026-09-10T04:19:37.732Z"}}
FRAME:580:596c68f15b6a8797
{"type":"TASK_STAGED","task":{"task_id":"DIFF-TASK-1001-47","title":"Differential Test Task 47","priority":"P2","working_dir":"C:/Users/lol/2026-workspace/courier/scratch/expedition_test_b","required_capability":"WORKSPACE_WRITE","version":1,"state":"STAGED"},"passport":{"task_id":"DIFF-TASK-1001-47","task_version":1,"goal_id":"GOAL-CANONICAL","scope_paths":["c:/users/lol/2026-workspace/courier/scratch/expedition_test_b"],"max_capability":"WORKSPACE_WRITE","signature":"3c5a06013d680ed4554d94da308189bf3124853f65bd9e40e63f6509e7c122c6","issued_at":"2026-09-10T04:19:37.733Z"}}
FRAME:580:5ab8654204f6ded1
{"type":"TASK_STAGED","task":{"task_id":"DIFF-TASK-1001-58","title":"Differential Test Task 58","priority":"P1","working_dir":"C:/Users/lol/2026-workspace/courier/scratch/expedition_test_c","required_capability":"WORKSPACE_WRITE","version":1,"state":"STAGED"},"passport":{"task_id":"DIFF-TASK-1001-58","task_version":1,"goal_id":"GOAL-CANONICAL","scope_paths":["c:/users/lol/2026-workspace/courier/scratch/expedition_test_c"],"max_capability":"WORKSPACE_WRITE","signature":"61e1e525af020befbec43767de22e6b5cb80e4dfd35106a3c55a82bac35a9472","issued_at":"2026-09-10T04:19:37.734Z"}}
FRAME:602:2a1b38c009f74ce9
{"type":"TASK_STAGED","task":{"task_id":"DIFF-TASK-1001-60","title":"Differential Test Task 60","priority":"P1","working_dir":"C:/Users/lol/2026-workspace/courier/scratch/expedition_test_c/data/cache","required_capability":"WORKSPACE_WRITE","version":1,"state":"STAGED"},"passport":{"task_id":"DIFF-TASK-1001-60","task_version":1,"goal_id":"GOAL-CANONICAL","scope_paths":["c:/users/lol/2026-workspace/courier/scratch/expedition_test_c/data/cache"],"max_capability":"WORKSPACE_WRITE","signature":"b75d325b3d25ecea4cb0043196e8720422fa8554813b76c4f153d4c9b9934314","issued_at":"2026-09-10T04:19:37.734Z"}}
FRAME:590:ddb1959a8ddd48c5
{"type":"TASK_STAGED","task":{"task_id":"DIFF-TASK-1001-62","title":"Differential Test Task 62","priority":"P1","working_dir":"C:/Users/lol/2026-workspace/courier/scratch/expedition_test_b/logs","required_capability":"WORKSPACE_WRITE","version":1,"state":"STAGED"},"passport":{"task_id":"DIFF-TASK-1001-62","task_version":1,"goal_id":"GOAL-CANONICAL","scope_paths":["c:/users/lol/2026-workspace/courier/scratch/expedition_test_b/logs"],"max_capability":"WORKSPACE_WRITE","signature":"8b26b8dcc8ef11191e30a3f07be01bd34b2fefab89ddf7a0780a03497bb47845","issued_at":"2026-09-10T04:19:37.734Z"}}
FRAME:580:18e7599b95019a15
{"type":"TASK_STAGED","task":{"task_id":"DIFF-TASK-1001-64","title":"Differential Test Task 64","priority":"P1","working_dir":"C:/Users/lol/2026-workspace/courier/scratch/expedition_test_c","required_capability":"WORKSPACE_WRITE","version":1,"state":"STAGED"},"passport":{"task_id":"DIFF-TASK-1001-64","task_version":1,"goal_id":"GOAL-CANONICAL","scope_paths":["c:/users/lol/2026-workspace/courier/scratch/expedition_test_c"],"max_capability":"WORKSPACE_WRITE","signature":"0bdd374b0f31321780d0cea5031c30e309ea5b0c1eaa3f65145359abd04f0901","issued_at":"2026-09-10T04:19:37.735Z"}}
FRAME:580:a0b2f9a80ec9c9de
{"type":"TASK_STAGED","task":{"task_id":"DIFF-TASK-1001-67","title":"Differential Test Task 67","priority":"P2","working_dir":"C:/Users/lol/2026-workspace/courier/scratch/expedition_test_c","required_capability":"WORKSPACE_WRITE","version":1,"state":"STAGED"},"passport":{"task_id":"DIFF-TASK-1001-67","task_version":1,"goal_id":"GOAL-CANONICAL","scope_paths":["c:/users/lol/2026-workspace/courier/scratch/expedition_test_c"],"max_capability":"WORKSPACE_WRITE","signature":"76cefa2d6d14f92964e1ed8cc85247266fd1c5e795590dee3b1d59c4e10e560b","issued_at":"2026-09-10T04:19:37.736Z"}}
FRAME:580:02d79d6937e3cf86
{"type":"TASK_STAGED","task":{"task_id":"DIFF-TASK-1001-69","title":"Differential Test Task 69","priority":"P1","working_dir":"C:/Users/lol/2026-workspace/courier/scratch/expedition_test_b","required_capability":"WORKSPACE_WRITE","version":1,"state":"STAGED"},"passport":{"task_id":"DIFF-TASK-1001-69","task_version":1,"goal_id":"GOAL-CANONICAL","scope_paths":["c:/users/lol/2026-workspace/courier/scratch/expedition_test_b"],"max_capability":"WORKSPACE_WRITE","signature":"d6b825609e757ccc9df6b05a9947fbb49ccf0f70cd1fb5d8b73e7263645011d6","issued_at":"2026-09-10T04:19:37.736Z"}}
FRAME:602:06bb0c42be734d39
{"type":"TASK_STAGED","task":{"task_id":"DIFF-TASK-1001-70","title":"Differential Test Task 70","priority":"P1","working_dir":"C:/Users/lol/2026-workspace/courier/scratch/expedition_test_c/data/cache","required_capability":"WORKSPACE_WRITE","version":1,"state":"STAGED"},"passport":{"task_id":"DIFF-TASK-1001-70","task_version":1,"goal_id":"GOAL-CANONICAL","scope_paths":["c:/users/lol/2026-workspace/courier/scratch/expedition_test_c/data/cache"],"max_capability":"WORKSPACE_WRITE","signature":"76ebcabd461408c710bb7de01c7358ccce5e468387f8752962651825b3c78289","issued_at":"2026-09-10T04:19:37.737Z"}}
FRAME:590:303f13d7b1a5e1fa
{"type":"TASK_STAGED","task":{"task_id":"DIFF-TASK-1001-73","title":"Differential Test Task 73","priority":"P0","working_dir":"C:/Users/lol/2026-workspace/courier/scratch/expedition_test_b/logs","required_capability":"WORKSPACE_WRITE","version":1,"state":"STAGED"},"passport":{"task_id":"DIFF-TASK-1001-73","task_version":1,"goal_id":"GOAL-CANONICAL","scope_paths":["c:/users/lol/2026-workspace/courier/scratch/expedition_test_b/logs"],"max_capability":"WORKSPACE_WRITE","signature":"ad71c8be6e2634512b074e4694f191272caac367093583ade4fdb5dc4c16e97d","issued_at":"2026-09-10T04:19:37.737Z"}}
FRAME:580:2cbae1cb717be643
{"type":"TASK_STAGED","task":{"task_id":"DIFF-TASK-1001-74","title":"Differential Test Task 74","priority":"P2","working_dir":"C:/Users/lol/2026-workspace/courier/scratch/expedition_test_a","required_capability":"WORKSPACE_WRITE","version":1,"state":"STAGED"},"passport":{"task_id":"DIFF-TASK-1001-74","task_version":1,"goal_id":"GOAL-CANONICAL","scope_paths":["c:/users/lol/2026-workspace/courier/scratch/expedition_test_a"],"max_capability":"WORKSPACE_WRITE","signature":"06a1ab5b3cbf9733d8ce941e932204ddf2612bbc3edab086339234c97851b23f","issued_at":"2026-09-10T04:19:37.737Z"}}
FRAME:580:9fbdb15b0d2cd3d4
{"type":"TASK_STAGED","task":{"task_id":"DIFF-TASK-1001-75","title":"Differential Test Task 75","priority":"P1","working_dir":"C:/Users/lol/2026-workspace/courier/scratch/expedition_test_c","required_capability":"WORKSPACE_WRITE","version":1,"state":"STAGED"},"passport":{"task_id":"DIFF-TASK-1001-75","task_version":1,"goal_id":"GOAL-CANONICAL","scope_paths":["c:/users/lol/2026-workspace/courier/scratch/expedition_test_c"],"max_capability":"WORKSPACE_WRITE","signature":"0854a0a27a20d34dfb2081b1fa03c63dc2c0abc8d87b9a0d5be0bc06904b59e5","issued_at":"2026-09-10T04:19:37.737Z"}}
FRAME:590:af21cfaf181f3cb4
{"type":"TASK_STAGED","task":{"task_id":"DIFF-TASK-1001-76","title":"Differential Test Task 76","priority":"P1","working_dir":"C:/Users/lol/2026-workspace/courier/scratch/expedition_test_a/sub1","required_capability":"WORKSPACE_WRITE","version":1,"state":"STAGED"},"passport":{"task_id":"DIFF-TASK-1001-76","task_version":1,"goal_id":"GOAL-CANONICAL","scope_paths":["c:/users/lol/2026-workspace/courier/scratch/expedition_test_a/sub1"],"max_capability":"WORKSPACE_WRITE","signature":"fcd00db86b524f8ff0eb49c875ba0fd30bd634eb54976d1e96ec523262415097","issued_at":"2026-09-10T04:19:37.738Z"}}
FRAME:590:4e7396d66f649148
{"type":"TASK_STAGED","task":{"task_id":"DIFF-TASK-1001-77","title":"Differential Test Task 77","priority":"P1","working_dir":"C:/Users/lol/2026-workspace/courier/scratch/expedition_test_a/sub1","required_capability":"WORKSPACE_WRITE","version":1,"state":"STAGED"},"passport":{"task_id":"DIFF-TASK-1001-77","task_version":1,"goal_id":"GOAL-CANONICAL","scope_paths":["c:/users/lol/2026-workspace/courier/scratch/expedition_test_a/sub1"],"max_capability":"WORKSPACE_WRITE","signature":"3205e69153bb68774a723e11c4b55850366d16e5c19daad241c83d9e4a5eb1a7","issued_at":"2026-09-10T04:19:37.738Z"}}
FRAME:580:260e6856f3996f11
{"type":"TASK_STAGED","task":{"task_id":"DIFF-TASK-1001-80","title":"Differential Test Task 80","priority":"P2","working_dir":"C:/Users/lol/2026-workspace/courier/scratch/expedition_test_b","required_capability":"WORKSPACE_WRITE","version":1,"state":"STAGED"},"passport":{"task_id":"DIFF-TASK-1001-80","task_version":1,"goal_id":"GOAL-CANONICAL","scope_paths":["c:/users/lol/2026-workspace/courier/scratch/expedition_test_b"],"max_capability":"WORKSPACE_WRITE","signature":"7ce6cee660b3a8244ac75d74d278dbb0b52f1299bf0e348d98a7e9f654619d75","issued_at":"2026-09-10T04:19:37.738Z"}}
FRAME:572:d79828b2d4eb81d1
{"type":"TASK_STAGED","task":{"task_id":"DIFF-TASK-1001-83","title":"Differential Test Task 83","priority":"P0","working_dir":"C:/Users/lol/2026-workspace/courier/scratch/expedition_test_b","required_capability":"EXTERNAL_FS","version":1,"state":"STAGED"},"passport":{"task_id":"DIFF-TASK-1001-83","task_version":1,"goal_id":"GOAL-CANONICAL","scope_paths":["c:/users/lol/2026-workspace/courier/scratch/expedition_test_b"],"max_capability":"EXTERNAL_FS","signature":"2ca4c7397e2c90ac6917259da9c458499c4d1f9e64885649a2e549aba6e2370e","issued_at":"2026-09-10T04:19:37.739Z"}}
FRAME:590:96114275c1f963fc
{"type":"TASK_STAGED","task":{"task_id":"DIFF-TASK-1001-86","title":"Differential Test Task 86","priority":"P2","working_dir":"C:/Users/lol/2026-workspace/courier/scratch/expedition_test_a/sub1","required_capability":"WORKSPACE_WRITE","version":1,"state":"STAGED"},"passport":{"task_id":"DIFF-TASK-1001-86","task_version":1,"goal_id":"GOAL-CANONICAL","scope_paths":["c:/users/lol/2026-workspace/courier/scratch/expedition_test_a/sub1"],"max_capability":"WORKSPACE_WRITE","signature":"56a6d5782ad42ab23ba89150718f5fb0df7331233b263a3fe2f363641ab121e5","issued_at":"2026-09-10T04:19:37.741Z"}}
FRAME:580:5289f83e0949d98d
{"type":"TASK_STAGED","task":{"task_id":"DIFF-TASK-1001-90","title":"Differential Test Task 90","priority":"P2","working_dir":"C:/Users/lol/2026-workspace/courier/scratch/expedition_test_a","required_capability":"WORKSPACE_WRITE","version":1,"state":"STAGED"},"passport":{"task_id":"DIFF-TASK-1001-90","task_version":1,"goal_id":"GOAL-CANONICAL","scope_paths":["c:/users/lol/2026-workspace/courier/scratch/expedition_test_a"],"max_capability":"WORKSPACE_WRITE","signature":"308a27354bec95f6c4b2d5a84cfa44cc1033a665956dc59c584f2abfcd1c5fe7","issued_at":"2026-09-10T04:19:37.742Z"}}
FRAME:572:c16af032b8b0c539
{"type":"TASK_STAGED","task":{"task_id":"DIFF-TASK-1001-91","title":"Differential Test Task 91","priority":"P1","working_dir":"C:/Users/lol/2026-workspace/courier/scratch/expedition_test_c","required_capability":"EXTERNAL_FS","version":1,"state":"STAGED"},"passport":{"task_id":"DIFF-TASK-1001-91","task_version":1,"goal_id":"GOAL-CANONICAL","scope_paths":["c:/users/lol/2026-workspace/courier/scratch/expedition_test_c"],"max_capability":"EXTERNAL_FS","signature":"44cd5e0e1236f97e553ea5bc6adf00cbf773e7c00404ee48a9289492fd81564f","issued_at":"2026-09-10T04:19:37.743Z"}}
FRAME:602:988d377fcf455167
{"type":"TASK_STAGED","task":{"task_id":"DIFF-TASK-1001-95","title":"Differential Test Task 95","priority":"P1","working_dir":"C:/Users/lol/2026-workspace/courier/scratch/expedition_test_c/data/cache","required_capability":"WORKSPACE_WRITE","version":1,"state":"STAGED"},"passport":{"task_id":"DIFF-TASK-1001-95","task_version":1,"goal_id":"GOAL-CANONICAL","scope_paths":["c:/users/lol/2026-workspace/courier/scratch/expedition_test_c/data/cache"],"max_capability":"WORKSPACE_WRITE","signature":"e1fd4b0a28a2a51ba5a8d4c4d2305c49b19e0ec784dbbc624de7427aee280fe4","issued_at":"2026-09-10T04:19:37.747Z"}}
FRAME:580:dca1de6c894f3434
{"type":"TASK_STAGED","task":{"task_id":"DIFF-TASK-1001-96","title":"Differential Test Task 96","priority":"P2","working_dir":"C:/Users/lol/2026-workspace/courier/scratch/expedition_test_b","required_capability":"WORKSPACE_WRITE","version":1,"state":"STAGED"},"passport":{"task_id":"DIFF-TASK-1001-96","task_version":1,"goal_id":"GOAL-CANONICAL","scope_paths":["c:/users/lol/2026-workspace/courier/scratch/expedition_test_b"],"max_capability":"WORKSPACE_WRITE","signature":"1c99886e119d02c2d66c92b5e02bb3d5eb5ee107785e2ac6459fea6583454a07","issued_at":"2026-09-10T04:19:37.748Z"}}
FRAME:580:7f9100c8750685f0
{"type":"TASK_STAGED","task":{"task_id":"DIFF-TASK-1001-97","title":"Differential Test Task 97","priority":"P0","working_dir":"C:/Users/lol/2026-workspace/courier/scratch/expedition_test_b","required_capability":"WORKSPACE_WRITE","version":1,"state":"STAGED"},"passport":{"task_id":"DIFF-TASK-1001-97","task_version":1,"goal_id":"GOAL-CANONICAL","scope_paths":["c:/users/lol/2026-workspace/courier/scratch/expedition_test_b"],"max_capability":"WORKSPACE_WRITE","signature":"6e86f2c78e47d6224c4863d359e765f45767e13b55cea6998b918516fdedf4b6","issued_at":"2026-09-10T04:19:37.748Z"}}
FRAME:605:42c5c0b4726a154c
{"type":"TASK_STAGED","task":{"task_id":"DIFF-TASK-1001-100","title":"Differential Test Task 100","priority":"P2","working_dir":"C:/Users/lol/2026-workspace/courier/scratch/expedition_test_c/data/cache","required_capability":"WORKSPACE_WRITE","version":1,"state":"STAGED"},"passport":{"task_id":"DIFF-TASK-1001-100","task_version":1,"goal_id":"GOAL-CANONICAL","scope_paths":["c:/users/lol/2026-workspace/courier/scratch/expedition_test_c/data/cache"],"max_capability":"WORKSPACE_WRITE","signature":"c9eee49c2a1b5f844d72e737c9c0c28995d1688c4d148a650b0849843c2e2aa1","issued_at":"2026-09-10T04:19:37.748Z"}}
FRAME:605:e871aa9433f038a4
{"type":"TASK_STAGED","task":{"task_id":"DIFF-TASK-1001-102","title":"Differential Test Task 102","priority":"P2","working_dir":"C:/Users/lol/2026-workspace/courier/scratch/expedition_test_c/data/cache","required_capability":"WORKSPACE_WRITE","version":1,"state":"STAGED"},"passport":{"task_id":"DIFF-TASK-1001-102","task_version":1,"goal_id":"GOAL-CANONICAL","scope_paths":["c:/users/lol/2026-workspace/courier/scratch/expedition_test_c/data/cache"],"max_capability":"WORKSPACE_WRITE","signature":"69430a447fe339dd1c4a78ffb395cbeb2b685679581a91fde7355be1add4ecac","issued_at":"2026-09-10T04:19:37.749Z"}}
FRAME:593:456ce6c19887bbb8
{"type":"TASK_STAGED","task":{"task_id":"DIFF-TASK-1001-109","title":"Differential Test Task 109","priority":"P0","working_dir":"C:/Users/lol/2026-workspace/courier/scratch/expedition_test_a/sub1","required_capability":"WORKSPACE_WRITE","version":1,"state":"STAGED"},"passport":{"task_id":"DIFF-TASK-1001-109","task_version":1,"goal_id":"GOAL-CANONICAL","scope_paths":["c:/users/lol/2026-workspace/courier/scratch/expedition_test_a/sub1"],"max_capability":"WORKSPACE_WRITE","signature":"80dd6fd79f09c838735afd570b188378178bacf589c896e715df874f0173ac21","issued_at":"2026-09-10T04:19:37.753Z"}}
FRAME:583:6efdef39b80c38fe
{"type":"TASK_STAGED","task":{"task_id":"DIFF-TASK-1001-113","title":"Differential Test Task 113","priority":"P2","working_dir":"C:/Users/lol/2026-workspace/courier/scratch/expedition_test_c","required_capability":"WORKSPACE_WRITE","version":1,"state":"STAGED"},"passport":{"task_id":"DIFF-TASK-1001-113","task_version":1,"goal_id":"GOAL-CANONICAL","scope_paths":["c:/users/lol/2026-workspace/courier/scratch/expedition_test_c"],"max_capability":"WORKSPACE_WRITE","signature":"ac2a682bbffbc2443a15c54cc9fb5f87c10a39e22d2c934fcbb34601baa3f424","issued_at":"2026-09-10T04:19:37.756Z"}}
FRAME:583:a2c7482ed512b70f
{"type":"TASK_STAGED","task":{"task_id":"DIFF-TASK-1001-114","title":"Differential Test Task 114","priority":"P0","working_dir":"C:/Users/lol/2026-workspace/courier/scratch/expedition_test_a","required_capability":"WORKSPACE_WRITE","version":1,"state":"STAGED"},"passport":{"task_id":"DIFF-TASK-1001-114","task_version":1,"goal_id":"GOAL-CANONICAL","scope_paths":["c:/users/lol/2026-workspace/courier/scratch/expedition_test_a"],"max_capability":"WORKSPACE_WRITE","signature":"f4160a342931bebb1d234ca4171457cf5685aa8f4d7b99616c59e71a3e2861d7","issued_at":"2026-09-10T04:19:37.757Z"}}
FRAME:585:134709e26ab4f6f4
{"type":"TASK_STAGED","task":{"task_id":"DIFF-TASK-1001-115","title":"Differential Test Task 115","priority":"P2","working_dir":"C:/Users/lol/2026-workspace/courier/scratch/expedition_test_b/logs","required_capability":"EXTERNAL_FS","version":1,"state":"STAGED"},"passport":{"task_id":"DIFF-TASK-1001-115","task_version":1,"goal_id":"GOAL-CANONICAL","scope_paths":["c:/users/lol/2026-workspace/courier/scratch/expedition_test_b/logs"],"max_capability":"EXTERNAL_FS","signature":"5cc1b366ed019a51a3313e4431c25263fe15e18b4250d6414dcd45fd6aa0c9c8","issued_at":"2026-09-10T04:19:37.758Z"}}
FRAME:593:7db8d38fd916854d
{"type":"TASK_STAGED","task":{"task_id":"DIFF-TASK-1001-119","title":"Differential Test Task 119","priority":"P0","working_dir":"C:/Users/lol/2026-workspace/courier/scratch/expedition_test_a/sub1","required_capability":"WORKSPACE_WRITE","version":1,"state":"STAGED"},"passport":{"task_id":"DIFF-TASK-1001-119","task_version":1,"goal_id":"GOAL-CANONICAL","scope_paths":["c:/users/lol/2026-workspace/courier/scratch/expedition_test_a/sub1"],"max_capability":"WORKSPACE_WRITE","signature":"75c75a18399e377c010fe5b14c095c72a807edb16238a7af548b5a1334dba1c4","issued_at":"2026-09-10T04:19:37.759Z"}}
FRAME:583:165728df6866e7ab
{"type":"TASK_STAGED","task":{"task_id":"DIFF-TASK-1001-120","title":"Differential Test Task 120","priority":"P2","working_dir":"C:/Users/lol/2026-workspace/courier/scratch/expedition_test_a","required_capability":"WORKSPACE_WRITE","version":1,"state":"STAGED"},"passport":{"task_id":"DIFF-TASK-1001-120","task_version":1,"goal_id":"GOAL-CANONICAL","scope_paths":["c:/users/lol/2026-workspace/courier/scratch/expedition_test_a"],"max_capability":"WORKSPACE_WRITE","signature":"a48eafbf9949c13b6a6706974398039dbd6f0a263004ab9585dcbc258f7f0043","issued_at":"2026-09-10T04:19:37.760Z"}}
FRAME:593:af2ab528b4d9c7e2
{"type":"TASK_STAGED","task":{"task_id":"DIFF-TASK-1001-127","title":"Differential Test Task 127","priority":"P2","working_dir":"C:/Users/lol/2026-workspace/courier/scratch/expedition_test_b/logs","required_capability":"WORKSPACE_WRITE","version":1,"state":"STAGED"},"passport":{"task_id":"DIFF-TASK-1001-127","task_version":1,"goal_id":"GOAL-CANONICAL","scope_paths":["c:/users/lol/2026-workspace/courier/scratch/expedition_test_b/logs"],"max_capability":"WORKSPACE_WRITE","signature":"e719972847698a923aed180da7a14cf11abf9667891fe8d1c988d1ba59d8b78a","issued_at":"2026-09-10T04:19:37.763Z"}}
FRAME:593:4633958ea680afd6
{"type":"TASK_STAGED","task":{"task_id":"DIFF-TASK-1001-131","title":"Differential Test Task 131","priority":"P1","working_dir":"C:/Users/lol/2026-workspace/courier/scratch/expedition_test_b/logs","required_capability":"WORKSPACE_WRITE","version":1,"state":"STAGED"},"passport":{"task_id":"DIFF-TASK-1001-131","task_version":1,"goal_id":"GOAL-CANONICAL","scope_paths":["c:/users/lol/2026-workspace/courier/scratch/expedition_test_b/logs"],"max_capability":"WORKSPACE_WRITE","signature":"94cd67b9692fea8d03fa80663d2817f4c73e5b1ca847cf4adb65d6f064c49995","issued_at":"2026-09-10T04:19:37.764Z"}}
FRAME:593:e7c4ed42fc5488bc
{"type":"TASK_STAGED","task":{"task_id":"DIFF-TASK-1001-132","title":"Differential Test Task 132","priority":"P1","working_dir":"C:/Users/lol/2026-workspace/courier/scratch/expedition_test_b/logs","required_capability":"WORKSPACE_WRITE","version":1,"state":"STAGED"},"passport":{"task_id":"DIFF-TASK-1001-132","task_version":1,"goal_id":"GOAL-CANONICAL","scope_paths":["c:/users/lol/2026-workspace/courier/scratch/expedition_test_b/logs"],"max_capability":"WORKSPACE_WRITE","signature":"366b0114b746a2905c18412f60155950c65f86fca0550332dbbceff5e368a2cd","issued_at":"2026-09-10T04:19:37.764Z"}}
FRAME:593:4c13e7dde8c334b4
{"type":"TASK_STAGED","task":{"task_id":"DIFF-TASK-1001-134","title":"Differential Test Task 134","priority":"P1","working_dir":"C:/Users/lol/2026-workspace/courier/scratch/expedition_test_b/logs","required_capability":"WORKSPACE_WRITE","version":1,"state":"STAGED"},"passport":{"task_id":"DIFF-TASK-1001-134","task_version":1,"goal_id":"GOAL-CANONICAL","scope_paths":["c:/users/lol/2026-workspace/courier/scratch/expedition_test_b/logs"],"max_capability":"WORKSPACE_WRITE","signature":"222b421df05b1b9fa599e7ac1df5e915d092c5145aa2059ad9db7d28398b6a15","issued_at":"2026-09-10T04:19:37.766Z"}}
FRAME:605:4b96a5c5ebb331dd
{"type":"TASK_STAGED","task":{"task_id":"DIFF-TASK-1001-138","title":"Differential Test Task 138","priority":"P2","working_dir":"C:/Users/lol/2026-workspace/courier/scratch/expedition_test_c/data/cache","required_capability":"WORKSPACE_WRITE","version":1,"state":"STAGED"},"passport":{"task_id":"DIFF-TASK-1001-138","task_version":1,"goal_id":"GOAL-CANONICAL","scope_paths":["c:/users/lol/2026-workspace/courier/scratch/expedition_test_c/data/cache"],"max_capability":"WORKSPACE_WRITE","signature":"0fa28db4773ae8298a570c560295f564e93bd270d4252761f785f7e0c8d2f248","issued_at":"2026-09-10T04:19:37.767Z"}}
FRAME:583:0989640709375b73
{"type":"TASK_STAGED","task":{"task_id":"DIFF-TASK-1001-140","title":"Differential Test Task 140","priority":"P2","working_dir":"C:/Users/lol/2026-workspace/courier/scratch/expedition_test_a","required_capability":"WORKSPACE_WRITE","version":1,"state":"STAGED"},"passport":{"task_id":"DIFF-TASK-1001-140","task_version":1,"goal_id":"GOAL-CANONICAL","scope_paths":["c:/users/lol/2026-workspace/courier/scratch/expedition_test_a"],"max_capability":"WORKSPACE_WRITE","signature":"9b8c94a777edb4e1948d088c2d91a059ceac43c185c9b70a1018068ea70a3de2","issued_at":"2026-09-10T04:19:37.768Z"}}
FRAME:605:712f4623f857a3d7
{"type":"TASK_STAGED","task":{"task_id":"DIFF-TASK-1001-141","title":"Differential Test Task 141","priority":"P2","working_dir":"C:/Users/lol/2026-workspace/courier/scratch/expedition_test_c/data/cache","required_capability":"WORKSPACE_WRITE","version":1,"state":"STAGED"},"passport":{"task_id":"DIFF-TASK-1001-141","task_version":1,"goal_id":"GOAL-CANONICAL","scope_paths":["c:/users/lol/2026-workspace/courier/scratch/expedition_test_c/data/cache"],"max_capability":"WORKSPACE_WRITE","signature":"c1d875cfe21710ca841462507b0cb35e90b89bf28411c30d9e447a784de7798f","issued_at":"2026-09-10T04:19:37.769Z"}}
FRAME:605:80821c2bdcf91081
{"type":"TASK_STAGED","task":{"task_id":"DIFF-TASK-1001-142","title":"Differential Test Task 142","priority":"P1","working_dir":"C:/Users/lol/2026-workspace/courier/scratch/expedition_test_c/data/cache","required_capability":"WORKSPACE_WRITE","version":1,"state":"STAGED"},"passport":{"task_id":"DIFF-TASK-1001-142","task_version":1,"goal_id":"GOAL-CANONICAL","scope_paths":["c:/users/lol/2026-workspace/courier/scratch/expedition_test_c/data/cache"],"max_capability":"WORKSPACE_WRITE","signature":"549bf3f7782a38e4c33b2cb5aa404a2a45196aafa2e6920d3e235694a35f8aa8","issued_at":"2026-09-10T04:19:37.769Z"}}
FRAME:583:0c277202eac943d3
{"type":"TASK_STAGED","task":{"task_id":"DIFF-TASK-1001-144","title":"Differential Test Task 144","priority":"P1","working_dir":"C:/Users/lol/2026-workspace/courier/scratch/expedition_test_a","required_capability":"WORKSPACE_WRITE","version":1,"state":"STAGED"},"passport":{"task_id":"DIFF-TASK-1001-144","task_version":1,"goal_id":"GOAL-CANONICAL","scope_paths":["c:/users/lol/2026-workspace/courier/scratch/expedition_test_a"],"max_capability":"WORKSPACE_WRITE","signature":"4841572d5408ee3cd24bee04694861846a567ae781a52d7675e41a2515ae2283","issued_at":"2026-09-10T04:19:37.770Z"}}
FRAME:593:2f7da13ca32de2de
{"type":"TASK_STAGED","task":{"task_id":"DIFF-TASK-1001-147","title":"Differential Test Task 147","priority":"P2","working_dir":"C:/Users/lol/2026-workspace/courier/scratch/expedition_test_a/sub1","required_capability":"WORKSPACE_WRITE","version":1,"state":"STAGED"},"passport":{"task_id":"DIFF-TASK-1001-147","task_version":1,"goal_id":"GOAL-CANONICAL","scope_paths":["c:/users/lol/2026-workspace/courier/scratch/expedition_test_a/sub1"],"max_capability":"WORKSPACE_WRITE","signature":"6828c4d602d11303dcf1e9e3fcf48a2abfc8533f93123fd6ae9fa19ac9956e86","issued_at":"2026-09-10T04:19:37.770Z"}}
FRAME:593:7a9ae9a46086c940
{"type":"TASK_STAGED","task":{"task_id":"DIFF-TASK-1001-155","title":"Differential Test Task 155","priority":"P1","working_dir":"C:/Users/lol/2026-workspace/courier/scratch/expedition_test_b/logs","required_capability":"WORKSPACE_WRITE","version":1,"state":"STAGED"},"passport":{"task_id":"DIFF-TASK-1001-155","task_version":1,"goal_id":"GOAL-CANONICAL","scope_paths":["c:/users/lol/2026-workspace/courier/scratch/expedition_test_b/logs"],"max_capability":"WORKSPACE_WRITE","signature":"24b59f9d49113f441ddd948bb91ae7403907d9f85d1529508754a2ea2e04ad55","issued_at":"2026-09-10T04:19:37.773Z"}}
FRAME:583:a688a648f4866432
{"type":"TASK_STAGED","task":{"task_id":"DIFF-TASK-1001-157","title":"Differential Test Task 157","priority":"P1","working_dir":"C:/Users/lol/2026-workspace/courier/scratch/expedition_test_a","required_capability":"WORKSPACE_WRITE","version":1,"state":"STAGED"},"passport":{"task_id":"DIFF-TASK-1001-157","task_version":1,"goal_id":"GOAL-CANONICAL","scope_paths":["c:/users/lol/2026-workspace/courier/scratch/expedition_test_a"],"max_capability":"WORKSPACE_WRITE","signature":"5266dd03901882e757708a9405f625cee2acd855be47bed6f3a081661503633d","issued_at":"2026-09-10T04:19:37.773Z"}}
FRAME:583:e2d99b64d7e8aa48
{"type":"TASK_STAGED","task":{"task_id":"DIFF-TASK-1001-172","title":"Differential Test Task 172","priority":"P2","working_dir":"C:/Users/lol/2026-workspace/courier/scratch/expedition_test_a","required_capability":"WORKSPACE_WRITE","version":1,"state":"STAGED"},"passport":{"task_id":"DIFF-TASK-1001-172","task_version":1,"goal_id":"GOAL-CANONICAL","scope_paths":["c:/users/lol/2026-workspace/courier/scratch/expedition_test_a"],"max_capability":"WORKSPACE_WRITE","signature":"4e369f1fc2e5b84fe765421779ef8dc5ce028231ff90f473582d4b3dd1a690f7","issued_at":"2026-09-10T04:19:37.779Z"}}
FRAME:583:e78e52057b562b2e
{"type":"TASK_STAGED","task":{"task_id":"DIFF-TASK-1001-173","title":"Differential Test Task 173","priority":"P0","working_dir":"C:/Users/lol/2026-workspace/courier/scratch/expedition_test_b","required_capability":"WORKSPACE_WRITE","version":1,"state":"STAGED"},"passport":{"task_id":"DIFF-TASK-1001-173","task_version":1,"goal_id":"GOAL-CANONICAL","scope_paths":["c:/users/lol/2026-workspace/courier/scratch/expedition_test_b"],"max_capability":"WORKSPACE_WRITE","signature":"f81c0ade522da99ac558a0ecf118383604844016d34aa054162ec3418d94d119","issued_at":"2026-09-10T04:19:37.780Z"}}
FRAME:593:5609e5b58b5916bf
{"type":"TASK_STAGED","task":{"task_id":"DIFF-TASK-1001-174","title":"Differential Test Task 174","priority":"P1","working_dir":"C:/Users/lol/2026-workspace/courier/scratch/expedition_test_a/sub1","required_capability":"WORKSPACE_WRITE","version":1,"state":"STAGED"},"passport":{"task_id":"DIFF-TASK-1001-174","task_version":1,"goal_id":"GOAL-CANONICAL","scope_paths":["c:/users/lol/2026-workspace/courier/scratch/expedition_test_a/sub1"],"max_capability":"WORKSPACE_WRITE","signature":"65d8a3a1f4dea98761250b0681056b11cda553e3fe72ecb5e7433a00cf7a9890","issued_at":"2026-09-10T04:19:37.780Z"}}
FRAME:593:e8f09128f76d65cb
{"type":"TASK_STAGED","task":{"task_id":"DIFF-TASK-1001-177","title":"Differential Test Task 177","priority":"P1","working_dir":"C:/Users/lol/2026-workspace/courier/scratch/expedition_test_a/sub1","required_capability":"WORKSPACE_WRITE","version":1,"state":"STAGED"},"passport":{"task_id":"DIFF-TASK-1001-177","task_version":1,"goal_id":"GOAL-CANONICAL","scope_paths":["c:/users/lol/2026-workspace/courier/scratch/expedition_test_a/sub1"],"max_capability":"WORKSPACE_WRITE","signature":"c68011d5b088e0bd42e6418975aa962ae2651e27b21af6e808af547cae68708f","issued_at":"2026-09-10T04:19:37.782Z"}}
FRAME:605:9373975ae929bb5a
{"type":"TASK_STAGED","task":{"task_id":"DIFF-TASK-1001-179","title":"Differential Test Task 179","priority":"P0","working_dir":"C:/Users/lol/2026-workspace/courier/scratch/expedition_test_c/data/cache","required_capability":"WORKSPACE_WRITE","version":1,"state":"STAGED"},"passport":{"task_id":"DIFF-TASK-1001-179","task_version":1,"goal_id":"GOAL-CANONICAL","scope_paths":["c:/users/lol/2026-workspace/courier/scratch/expedition_test_c/data/cache"],"max_capability":"WORKSPACE_WRITE","signature":"fba480dc37f1c76ca785bbfd213b8c3e32be97cef4545b58afb9ec6ab1346649","issued_at":"2026-09-10T04:19:37.783Z"}}
FRAME:605:7afd919ad9b89ee5
{"type":"TASK_STAGED","task":{"task_id":"DIFF-TASK-1001-180","title":"Differential Test Task 180","priority":"P0","working_dir":"C:/Users/lol/2026-workspace/courier/scratch/expedition_test_c/data/cache","required_capability":"WORKSPACE_WRITE","version":1,"state":"STAGED"},"passport":{"task_id":"DIFF-TASK-1001-180","task_version":1,"goal_id":"GOAL-CANONICAL","scope_paths":["c:/users/lol/2026-workspace/courier/scratch/expedition_test_c/data/cache"],"max_capability":"WORKSPACE_WRITE","signature":"4c198438a0afad8bdfc29afbb54aa2dc35a6d8bf1b713a3148c1990d82798091","issued_at":"2026-09-10T04:19:37.783Z"}}
FRAME:593:e62c673e7b5ef154
{"type":"TASK_STAGED","task":{"task_id":"DIFF-TASK-1001-181","title":"Differential Test Task 181","priority":"P1","working_dir":"C:/Users/lol/2026-workspace/courier/scratch/expedition_test_b/logs","required_capability":"WORKSPACE_WRITE","version":1,"state":"STAGED"},"passport":{"task_id":"DIFF-TASK-1001-181","task_version":1,"goal_id":"GOAL-CANONICAL","scope_paths":["c:/users/lol/2026-workspace/courier/scratch/expedition_test_b/logs"],"max_capability":"WORKSPACE_WRITE","signature":"09221086175ee612baecf3c2e01b1080091f70fb91d3a72c67825d9a7bb73560","issued_at":"2026-09-10T04:19:37.784Z"}}
FRAME:583:2a6e273fd7d7579e
{"type":"TASK_STAGED","task":{"task_id":"DIFF-TASK-1001-182","title":"Differential Test Task 182","priority":"P0","working_dir":"C:/Users/lol/2026-workspace/courier/scratch/expedition_test_c","required_capability":"WORKSPACE_WRITE","version":1,"state":"STAGED"},"passport":{"task_id":"DIFF-TASK-1001-182","task_version":1,"goal_id":"GOAL-CANONICAL","scope_paths":["c:/users/lol/2026-workspace/courier/scratch/expedition_test_c"],"max_capability":"WORKSPACE_WRITE","signature":"499dddb9dc438afa4d9421b168c52fd9205e0d17d824223ecdca08a24468fb62","issued_at":"2026-09-10T04:19:37.784Z"}}
FRAME:583:a5a06ac8f53d721a
{"type":"TASK_STAGED","task":{"task_id":"DIFF-TASK-1001-185","title":"Differential Test Task 185","priority":"P0","working_dir":"C:/Users/lol/2026-workspace/courier/scratch/expedition_test_c","required_capability":"WORKSPACE_WRITE","version":1,"state":"STAGED"},"passport":{"task_id":"DIFF-TASK-1001-185","task_version":1,"goal_id":"GOAL-CANONICAL","scope_paths":["c:/users/lol/2026-workspace/courier/scratch/expedition_test_c"],"max_capability":"WORKSPACE_WRITE","signature":"1fe614a22a28d73f6f79fa78e1bc1997c5bd7d19a61f7b3cf8a51d5e08fb9868","issued_at":"2026-09-10T04:19:37.785Z"}}
FRAME:583:418af2966177a11e
{"type":"TASK_STAGED","task":{"task_id":"DIFF-TASK-1001-186","title":"Differential Test Task 186","priority":"P0","working_dir":"C:/Users/lol/2026-workspace/courier/scratch/expedition_test_a","required_capability":"WORKSPACE_WRITE","version":1,"state":"STAGED"},"passport":{"task_id":"DIFF-TASK-1001-186","task_version":1,"goal_id":"GOAL-CANONICAL","scope_paths":["c:/users/lol/2026-workspace/courier/scratch/expedition_test_a"],"max_capability":"WORKSPACE_WRITE","signature":"c7317ea083934574ea3d31192eab911ee35100469c208ba040b205ccae56c0a0","issued_at":"2026-09-10T04:19:37.786Z"}}
FRAME:583:5cfab7e6c050a071
{"type":"TASK_STAGED","task":{"task_id":"DIFF-TASK-1001-187","title":"Differential Test Task 187","priority":"P1","working_dir":"C:/Users/lol/2026-workspace/courier/scratch/expedition_test_b","required_capability":"WORKSPACE_WRITE","version":1,"state":"STAGED"},"passport":{"task_id":"DIFF-TASK-1001-187","task_version":1,"goal_id":"GOAL-CANONICAL","scope_paths":["c:/users/lol/2026-workspace/courier/scratch/expedition_test_b"],"max_capability":"WORKSPACE_WRITE","signature":"3576a7617995ebf6b9ca9018147544f80bc435777beaf51a75257513dfabef71","issued_at":"2026-09-10T04:19:37.786Z"}}
FRAME:593:824548f7ad68b944
{"type":"TASK_STAGED","task":{"task_id":"DIFF-TASK-1001-191","title":"Differential Test Task 191","priority":"P2","working_dir":"C:/Users/lol/2026-workspace/courier/scratch/expedition_test_b/logs","required_capability":"WORKSPACE_WRITE","version":1,"state":"STAGED"},"passport":{"task_id":"DIFF-TASK-1001-191","task_version":1,"goal_id":"GOAL-CANONICAL","scope_paths":["c:/users/lol/2026-workspace/courier/scratch/expedition_test_b/logs"],"max_capability":"WORKSPACE_WRITE","signature":"f0ad36344c4ecdc80dad5aa6cf1a10522a5f7425076088999df4e12344aeda65","issued_at":"2026-09-10T04:19:37.788Z"}}
FRAME:583:62a09c34059dc61c
{"type":"TASK_STAGED","task":{"task_id":"DIFF-TASK-1001-193","title":"Differential Test Task 193","priority":"P1","working_dir":"C:/Users/lol/2026-workspace/courier/scratch/expedition_test_b","required_capability":"WORKSPACE_WRITE","version":1,"state":"STAGED"},"passport":{"task_id":"DIFF-TASK-1001-193","task_version":1,"goal_id":"GOAL-CANONICAL","scope_paths":["c:/users/lol/2026-workspace/courier/scratch/expedition_test_b"],"max_capability":"WORKSPACE_WRITE","signature":"edb1150fe02f365512c6394ce593059f09a14730f428c398f2a7a6f742168a5c","issued_at":"2026-09-10T04:19:37.788Z"}}
FRAME:583:3a36060334258e8d
{"type":"TASK_STAGED","task":{"task_id":"DIFF-TASK-1001-194","title":"Differential Test Task 194","priority":"P1","working_dir":"C:/Users/lol/2026-workspace/courier/scratch/expedition_test_b","required_capability":"WORKSPACE_WRITE","version":1,"state":"STAGED"},"passport":{"task_id":"DIFF-TASK-1001-194","task_version":1,"goal_id":"GOAL-CANONICAL","scope_paths":["c:/users/lol/2026-workspace/courier/scratch/expedition_test_b"],"max_capability":"WORKSPACE_WRITE","signature":"cabd454006e314715fd7effe937985cc50fd633ecbcc193116b32230c1f5458f","issued_at":"2026-09-10T04:19:37.788Z"}}
FRAME:583:e64db2aba610017e
{"type":"TASK_STAGED","task":{"task_id":"DIFF-TASK-1001-197","title":"Differential Test Task 197","priority":"P2","working_dir":"C:/Users/lol/2026-workspace/courier/scratch/expedition_test_c","required_capability":"WORKSPACE_WRITE","version":1,"state":"STAGED"},"passport":{"task_id":"DIFF-TASK-1001-197","task_version":1,"goal_id":"GOAL-CANONICAL","scope_paths":["c:/users/lol/2026-workspace/courier/scratch/expedition_test_c"],"max_capability":"WORKSPACE_WRITE","signature":"ff46a3e3e98e31fb2be1006cf95b7aaa0bcd8aa9e03b1d4be8cdfe825b43a737","issued_at":"2026-09-10T04:19:37.788Z"}}
FRAME:583:ae241ee1847cf596
{"type":"TASK_STAGED","task":{"task_id":"DIFF-TASK-1001-199","title":"Differential Test Task 199","priority":"P2","working_dir":"C:/Users/lol/2026-workspace/courier/scratch/expedition_test_a","required_capability":"WORKSPACE_WRITE","version":1,"state":"STAGED"},"passport":{"task_id":"DIFF-TASK-1001-199","task_version":1,"goal_id":"GOAL-CANONICAL","scope_paths":["c:/users/lol/2026-workspace/courier/scratch/expedition_test_a"],"max_capability":"WORKSPACE_WRITE","signature":"2e814af60470755b606fd5190d66cbc967f3746c5570954671c8c297705e8d87","issued_at":"2026-09-10T04:19:37.789Z"}}
FRAME:593:0f89696aeadb9b8a
{"type":"TASK_STAGED","task":{"task_id":"DIFF-TASK-1001-202","title":"Differential Test Task 202","priority":"P1","working_dir":"C:/Users/lol/2026-workspace/courier/scratch/expedition_test_a/sub1","required_capability":"WORKSPACE_WRITE","version":1,"state":"STAGED"},"passport":{"task_id":"DIFF-TASK-1001-202","task_version":1,"goal_id":"GOAL-CANONICAL","scope_paths":["c:/users/lol/2026-workspace/courier/scratch/expedition_test_a/sub1"],"max_capability":"WORKSPACE_WRITE","signature":"97d9a546bf6a259a7de98f68b2284136419c54d4982ad91d26e95831b920c552","issued_at":"2026-09-10T04:19:37.789Z"}}
FRAME:583:f76c26b4063c4797
{"type":"TASK_STAGED","task":{"task_id":"DIFF-TASK-1001-204","title":"Differential Test Task 204","priority":"P1","working_dir":"C:/Users/lol/2026-workspace/courier/scratch/expedition_test_c","required_capability":"WORKSPACE_WRITE","version":1,"state":"STAGED"},"passport":{"task_id":"DIFF-TASK-1001-204","task_version":1,"goal_id":"GOAL-CANONICAL","scope_paths":["c:/users/lol/2026-workspace/courier/scratch/expedition_test_c"],"max_capability":"WORKSPACE_WRITE","signature":"02a39e980d38407ee8166278beb49abc13f7325f12888711d58659f944603f2b","issued_at":"2026-09-10T04:19:37.791Z"}}
FRAME:583:426f99833787d3d9
{"type":"TASK_STAGED","task":{"task_id":"DIFF-TASK-1001-209","title":"Differential Test Task 209","priority":"P2","working_dir":"C:/Users/lol/2026-workspace/courier/scratch/expedition_test_b","required_capability":"WORKSPACE_WRITE","version":1,"state":"STAGED"},"passport":{"task_id":"DIFF-TASK-1001-209","task_version":1,"goal_id":"GOAL-CANONICAL","scope_paths":["c:/users/lol/2026-workspace/courier/scratch/expedition_test_b"],"max_capability":"WORKSPACE_WRITE","signature":"0f8b328b49dc7560abd499422818dee79f6674c3531f5286791c0d6d4f23e294","issued_at":"2026-09-10T04:19:37.795Z"}}
FRAME:605:c3032801a1e10592
{"type":"TASK_STAGED","task":{"task_id":"DIFF-TASK-1001-210","title":"Differential Test Task 210","priority":"P1","working_dir":"C:/Users/lol/2026-workspace/courier/scratch/expedition_test_c/data/cache","required_capability":"WORKSPACE_WRITE","version":1,"state":"STAGED"},"passport":{"task_id":"DIFF-TASK-1001-210","task_version":1,"goal_id":"GOAL-CANONICAL","scope_paths":["c:/users/lol/2026-workspace/courier/scratch/expedition_test_c/data/cache"],"max_capability":"WORKSPACE_WRITE","signature":"719934293630c70fe387e52ec7bac5ac17d0afdbce1548a19cce48015d30a947","issued_at":"2026-09-10T04:19:37.795Z"}}
FRAME:583:7d37362e9cb952d2
{"type":"TASK_STAGED","task":{"task_id":"DIFF-TASK-1001-212","title":"Differential Test Task 212","priority":"P0","working_dir":"C:/Users/lol/2026-workspace/courier/scratch/expedition_test_c","required_capability":"WORKSPACE_WRITE","version":1,"state":"STAGED"},"passport":{"task_id":"DIFF-TASK-1001-212","task_version":1,"goal_id":"GOAL-CANONICAL","scope_paths":["c:/users/lol/2026-workspace/courier/scratch/expedition_test_c"],"max_capability":"WORKSPACE_WRITE","signature":"478acbbe0171a8bfd04ee3e1eb76c3f867eed31ccc89c85aaa11a6e792ab7d3c","issued_at":"2026-09-10T04:19:37.797Z"}}
FRAME:583:574e175e2b9ead67
{"type":"TASK_STAGED","task":{"task_id":"DIFF-TASK-1001-213","title":"Differential Test Task 213","priority":"P1","working_dir":"C:/Users/lol/2026-workspace/courier/scratch/expedition_test_a","required_capability":"WORKSPACE_WRITE","version":1,"state":"STAGED"},"passport":{"task_id":"DIFF-TASK-1001-213","task_version":1,"goal_id":"GOAL-CANONICAL","scope_paths":["c:/users/lol/2026-workspace/courier/scratch/expedition_test_a"],"max_capability":"WORKSPACE_WRITE","signature":"f9cbf920fc3b561ec23f0eccadd55c0917d608e7c979d050ffe1f73ea622c59b","issued_at":"2026-09-10T04:19:37.797Z"}}
FRAME:593:db96805591ec2d3e
{"type":"TASK_STAGED","task":{"task_id":"DIFF-TASK-1001-223","title":"Differential Test Task 223","priority":"P1","working_dir":"C:/Users/lol/2026-workspace/courier/scratch/expedition_test_b/logs","required_capability":"WORKSPACE_WRITE","version":1,"state":"STAGED"},"passport":{"task_id":"DIFF-TASK-1001-223","task_version":1,"goal_id":"GOAL-CANONICAL","scope_paths":["c:/users/lol/2026-workspace/courier/scratch/expedition_test_b/logs"],"max_capability":"WORKSPACE_WRITE","signature":"096532f892492ef526672d5c53c598f54b095e8824f94948f5ffefbf619a0763","issued_at":"2026-09-10T04:19:37.801Z"}}
FRAME:583:2dc3120f36b3d94a
{"type":"TASK_STAGED","task":{"task_id":"DIFF-TASK-1001-224","title":"Differential Test Task 224","priority":"P1","working_dir":"C:/Users/lol/2026-workspace/courier/scratch/expedition_test_a","required_capability":"WORKSPACE_WRITE","version":1,"state":"STAGED"},"passport":{"task_id":"DIFF-TASK-1001-224","task_version":1,"goal_id":"GOAL-CANONICAL","scope_paths":["c:/users/lol/2026-workspace/courier/scratch/expedition_test_a"],"max_capability":"WORKSPACE_WRITE","signature":"8072c0bf34b2f7630ee0607db226035a0076092283fff63bc0f87f0318e4377d","issued_at":"2026-09-10T04:19:37.801Z"}}
FRAME:593:577fbcd40ddee60c
{"type":"TASK_STAGED","task":{"task_id":"DIFF-TASK-1001-232","title":"Differential Test Task 232","priority":"P2","working_dir":"C:/Users/lol/2026-workspace/courier/scratch/expedition_test_a/sub1","required_capability":"WORKSPACE_WRITE","version":1,"state":"STAGED"},"passport":{"task_id":"DIFF-TASK-1001-232","task_version":1,"goal_id":"GOAL-CANONICAL","scope_paths":["c:/users/lol/2026-workspace/courier/scratch/expedition_test_a/sub1"],"max_capability":"WORKSPACE_WRITE","signature":"5907ddf722b166508be2a9a2f0510c6987b60670fad1e02f6460d3afb4b59744","issued_at":"2026-09-10T04:19:37.805Z"}}
FRAME:593:faf969ddbf159a7a
{"type":"TASK_STAGED","task":{"task_id":"DIFF-TASK-1001-234","title":"Differential Test Task 234","priority":"P1","working_dir":"C:/Users/lol/2026-workspace/courier/scratch/expedition_test_a/sub1","required_capability":"WORKSPACE_WRITE","version":1,"state":"STAGED"},"passport":{"task_id":"DIFF-TASK-1001-234","task_version":1,"goal_id":"GOAL-CANONICAL","scope_paths":["c:/users/lol/2026-workspace/courier/scratch/expedition_test_a/sub1"],"max_capability":"WORKSPACE_WRITE","signature":"1984e405d1a4684f92cae1b3d0263ec54a5ef215790d4169aa9afe0012837460","issued_at":"2026-09-10T04:19:37.807Z"}}
FRAME:605:6623c736fb890ca4
{"type":"TASK_STAGED","task":{"task_id":"DIFF-TASK-1001-235","title":"Differential Test Task 235","priority":"P2","working_dir":"C:/Users/lol/2026-workspace/courier/scratch/expedition_test_c/data/cache","required_capability":"WORKSPACE_WRITE","version":1,"state":"STAGED"},"passport":{"task_id":"DIFF-TASK-1001-235","task_version":1,"goal_id":"GOAL-CANONICAL","scope_paths":["c:/users/lol/2026-workspace/courier/scratch/expedition_test_c/data/cache"],"max_capability":"WORKSPACE_WRITE","signature":"947b858bde7935f4bfed86666af43f1ea36478cd51b44e8a7640bc94200149ab","issued_at":"2026-09-10T04:19:37.807Z"}}
FRAME:605:3bbaa948ac7c6689
{"type":"TASK_STAGED","task":{"task_id":"DIFF-TASK-1001-237","title":"Differential Test Task 237","priority":"P1","working_dir":"C:/Users/lol/2026-workspace/courier/scratch/expedition_test_c/data/cache","required_capability":"WORKSPACE_WRITE","version":1,"state":"STAGED"},"passport":{"task_id":"DIFF-TASK-1001-237","task_version":1,"goal_id":"GOAL-CANONICAL","scope_paths":["c:/users/lol/2026-workspace/courier/scratch/expedition_test_c/data/cache"],"max_capability":"WORKSPACE_WRITE","signature":"06b78e933de424f433ebfe4f74623266a6f3cf1e234d51b35ec1f712445a755a","issued_at":"2026-09-10T04:19:37.807Z"}}
FRAME:593:dc388f036d5c9a8f
{"type":"TASK_STAGED","task":{"task_id":"DIFF-TASK-1001-238","title":"Differential Test Task 238","priority":"P1","working_dir":"C:/Users/lol/2026-workspace/courier/scratch/expedition_test_a/sub1","required_capability":"WORKSPACE_WRITE","version":1,"state":"STAGED"},"passport":{"task_id":"DIFF-TASK-1001-238","task_version":1,"goal_id":"GOAL-CANONICAL","scope_paths":["c:/users/lol/2026-workspace/courier/scratch/expedition_test_a/sub1"],"max_capability":"WORKSPACE_WRITE","signature":"9a6a7fbf67b66a86f55b88cbe969c0e696c9cb3ca6c69ed3f2a81b3376e8a96a","issued_at":"2026-09-10T04:19:37.807Z"}}
FRAME:593:8134c17e72c7a71e
{"type":"TASK_STAGED","task":{"task_id":"DIFF-TASK-1001-240","title":"Differential Test Task 240","priority":"P1","working_dir":"C:/Users/lol/2026-workspace/courier/scratch/expedition_test_b/logs","required_capability":"WORKSPACE_WRITE","version":1,"state":"STAGED"},"passport":{"task_id":"DIFF-TASK-1001-240","task_version":1,"goal_id":"GOAL-CANONICAL","scope_paths":["c:/users/lol/2026-workspace/courier/scratch/expedition_test_b/logs"],"max_capability":"WORKSPACE_WRITE","signature":"425c45fe1af91c70d18c978a5b626c7ece2261b7961ea622d50279669f6b3f36","issued_at":"2026-09-10T04:19:37.810Z"}}
FRAME:593:423932fef922448c
{"type":"TASK_STAGED","task":{"task_id":"DIFF-TASK-1001-241","title":"Differential Test Task 241","priority":"P1","working_dir":"C:/Users/lol/2026-workspace/courier/scratch/expedition_test_a/sub1","required_capability":"WORKSPACE_WRITE","version":1,"state":"STAGED"},"passport":{"task_id":"DIFF-TASK-1001-241","task_version":1,"goal_id":"GOAL-CANONICAL","scope_paths":["c:/users/lol/2026-workspace/courier/scratch/expedition_test_a/sub1"],"max_capability":"WORKSPACE_WRITE","signature":"988ac5a73375a0bc40816f7a78961e525f6fafde165531e3c9604986e9ec27a8","issued_at":"2026-09-10T04:19:37.811Z"}}
FRAME:605:33dc0bdfd1e7ab2c
{"type":"TASK_STAGED","task":{"task_id":"DIFF-TASK-1001-245","title":"Differential Test Task 245","priority":"P2","working_dir":"C:/Users/lol/2026-workspace/courier/scratch/expedition_test_c/data/cache","required_capability":"WORKSPACE_WRITE","version":1,"state":"STAGED"},"passport":{"task_id":"DIFF-TASK-1001-245","task_version":1,"goal_id":"GOAL-CANONICAL","scope_paths":["c:/users/lol/2026-workspace/courier/scratch/expedition_test_c/data/cache"],"max_capability":"WORKSPACE_WRITE","signature":"17305093f14ecfe223ba11f91ca5d819ba6e153594a66f42aa54d1df9d0da380","issued_at":"2026-09-10T04:19:37.812Z"}}
FRAME:593:5a503abb009b1d16
{"type":"TASK_STAGED","task":{"task_id":"DIFF-TASK-1001-249","title":"Differential Test Task 249","priority":"P1","working_dir":"C:/Users/lol/2026-workspace/courier/scratch/expedition_test_a/sub1","required_capability":"WORKSPACE_WRITE","version":1,"state":"STAGED"},"passport":{"task_id":"DIFF-TASK-1001-249","task_version":1,"goal_id":"GOAL-CANONICAL","scope_paths":["c:/users/lol/2026-workspace/courier/scratch/expedition_test_a/sub1"],"max_capability":"WORKSPACE_WRITE","signature":"58393d177ce215e99462d0a3dad8275b83fa7f6e659065b3b601d5cf81a4f31f","issued_at":"2026-09-10T04:19:37.814Z"}}
FRAME:605:5e0a2f62fdac38dc
{"type":"TASK_STAGED","task":{"task_id":"DIFF-TASK-1001-256","title":"Differential Test Task 256","priority":"P1","working_dir":"C:/Users/lol/2026-workspace/courier/scratch/expedition_test_c/data/cache","required_capability":"WORKSPACE_WRITE","version":1,"state":"STAGED"},"passport":{"task_id":"DIFF-TASK-1001-256","task_version":1,"goal_id":"GOAL-CANONICAL","scope_paths":["c:/users/lol/2026-workspace/courier/scratch/expedition_test_c/data/cache"],"max_capability":"WORKSPACE_WRITE","signature":"0e70711e7cc71033382756b34e78549e0070942b0ed96848e820b77a4807b202","issued_at":"2026-09-10T04:19:37.817Z"}}
FRAME:605:3fbebc6476f1e2c8
{"type":"TASK_STAGED","task":{"task_id":"DIFF-TASK-1001-257","title":"Differential Test Task 257","priority":"P2","working_dir":"C:/Users/lol/2026-workspace/courier/scratch/expedition_test_c/data/cache","required_capability":"WORKSPACE_WRITE","version":1,"state":"STAGED"},"passport":{"task_id":"DIFF-TASK-1001-257","task_version":1,"goal_id":"GOAL-CANONICAL","scope_paths":["c:/users/lol/2026-workspace/courier/scratch/expedition_test_c/data/cache"],"max_capability":"WORKSPACE_WRITE","signature":"21937a65b76174129b24afdc7e54ae4799213c44b33e50b0c70bcb72509132e6","issued_at":"2026-09-10T04:19:37.817Z"}}
FRAME:593:9c3d2cd7256f1575
{"type":"TASK_STAGED","task":{"task_id":"DIFF-TASK-1001-258","title":"Differential Test Task 258","priority":"P0","working_dir":"C:/Users/lol/2026-workspace/courier/scratch/expedition_test_a/sub1","required_capability":"WORKSPACE_WRITE","version":1,"state":"STAGED"},"passport":{"task_id":"DIFF-TASK-1001-258","task_version":1,"goal_id":"GOAL-CANONICAL","scope_paths":["c:/users/lol/2026-workspace/courier/scratch/expedition_test_a/sub1"],"max_capability":"WORKSPACE_WRITE","signature":"179ee69df572ae6c2c57d461a7767c990c6593191ae520f353ba578567dc5663","issued_at":"2026-09-10T04:19:37.818Z"}}
FRAME:593:94e0f2835d2f7f44
{"type":"TASK_STAGED","task":{"task_id":"DIFF-TASK-1001-261","title":"Differential Test Task 261","priority":"P1","working_dir":"C:/Users/lol/2026-workspace/courier/scratch/expedition_test_b/logs","required_capability":"WORKSPACE_WRITE","version":1,"state":"STAGED"},"passport":{"task_id":"DIFF-TASK-1001-261","task_version":1,"goal_id":"GOAL-CANONICAL","scope_paths":["c:/users/lol/2026-workspace/courier/scratch/expedition_test_b/logs"],"max_capability":"WORKSPACE_WRITE","signature":"cf12ebc353d9510695adc512c18c098956ea5c7795483028a8571d04a010b098","issued_at":"2026-09-10T04:19:37.818Z"}}
FRAME:583:9be46909fe8a90ab
{"type":"TASK_STAGED","task":{"task_id":"DIFF-TASK-1001-264","title":"Differential Test Task 264","priority":"P1","working_dir":"C:/Users/lol/2026-workspace/courier/scratch/expedition_test_b","required_capability":"WORKSPACE_WRITE","version":1,"state":"STAGED"},"passport":{"task_id":"DIFF-TASK-1001-264","task_version":1,"goal_id":"GOAL-CANONICAL","scope_paths":["c:/users/lol/2026-workspace/courier/scratch/expedition_test_b"],"max_capability":"WORKSPACE_WRITE","signature":"27c37168f990681abc38732c2a1dd410131ccbfc15def08f8943b0a7c66cd981","issued_at":"2026-09-10T04:19:37.820Z"}}
FRAME:593:93678a1b460d000b
{"type":"TASK_STAGED","task":{"task_id":"DIFF-TASK-1001-265","title":"Differential Test Task 265","priority":"P2","working_dir":"C:/Users/lol/2026-workspace/courier/scratch/expedition_test_a/sub1","required_capability":"WORKSPACE_WRITE","version":1,"state":"STAGED"},"passport":{"task_id":"DIFF-TASK-1001-265","task_version":1,"goal_id":"GOAL-CANONICAL","scope_paths":["c:/users/lol/2026-workspace/courier/scratch/expedition_test_a/sub1"],"max_capability":"WORKSPACE_WRITE","signature":"933211004e8c45982c256f87c01bdfb583658b2911969606c610c89c0a5620f8","issued_at":"2026-09-10T04:19:37.820Z"}}
FRAME:583:9dbcf284ed6f1c75
{"type":"TASK_STAGED","task":{"task_id":"DIFF-TASK-1001-267","title":"Differential Test Task 267","priority":"P0","working_dir":"C:/Users/lol/2026-workspace/courier/scratch/expedition_test_c","required_capability":"WORKSPACE_WRITE","version":1,"state":"STAGED"},"passport":{"task_id":"DIFF-TASK-1001-267","task_version":1,"goal_id":"GOAL-CANONICAL","scope_paths":["c:/users/lol/2026-workspace/courier/scratch/expedition_test_c"],"max_capability":"WORKSPACE_WRITE","signature":"f0fabb5f54f289dd6378c4a2f6aaa922144db22088b98870c7598d0d598faaa3","issued_at":"2026-09-10T04:19:37.821Z"}}
FRAME:583:046648508988062a
{"type":"TASK_STAGED","task":{"task_id":"DIFF-TASK-1001-268","title":"Differential Test Task 268","priority":"P0","working_dir":"C:/Users/lol/2026-workspace/courier/scratch/expedition_test_b","required_capability":"WORKSPACE_WRITE","version":1,"state":"STAGED"},"passport":{"task_id":"DIFF-TASK-1001-268","task_version":1,"goal_id":"GOAL-CANONICAL","scope_paths":["c:/users/lol/2026-workspace/courier/scratch/expedition_test_b"],"max_capability":"WORKSPACE_WRITE","signature":"c4d609b35804956a30c910419b165da7463b0d091931e00df5375499d6ab987c","issued_at":"2026-09-10T04:19:37.822Z"}}
FRAME:583:45fa524bdfae36e5
{"type":"TASK_STAGED","task":{"task_id":"DIFF-TASK-1001-269","title":"Differential Test Task 269","priority":"P1","working_dir":"C:/Users/lol/2026-workspace/courier/scratch/expedition_test_b","required_capability":"WORKSPACE_WRITE","version":1,"state":"STAGED"},"passport":{"task_id":"DIFF-TASK-1001-269","task_version":1,"goal_id":"GOAL-CANONICAL","scope_paths":["c:/users/lol/2026-workspace/courier/scratch/expedition_test_b"],"max_capability":"WORKSPACE_WRITE","signature":"6e4c567d02bb11b8147bcab52a5b97246cb9029ed9a59fa1acaba7c738f12da4","issued_at":"2026-09-10T04:19:37.822Z"}}
FRAME:583:e12c885cf28a62be
{"type":"TASK_STAGED","task":{"task_id":"DIFF-TASK-1001-274","title":"Differential Test Task 274","priority":"P0","working_dir":"C:/Users/lol/2026-workspace/courier/scratch/expedition_test_c","required_capability":"WORKSPACE_WRITE","version":1,"state":"STAGED"},"passport":{"task_id":"DIFF-TASK-1001-274","task_version":1,"goal_id":"GOAL-CANONICAL","scope_paths":["c:/users/lol/2026-workspace/courier/scratch/expedition_test_c"],"max_capability":"WORKSPACE_WRITE","signature":"2d601541dff7721fb23cc3ffa6f807ce84dfda0cb064b6ae9037512b354f22b1","issued_at":"2026-09-10T04:19:37.826Z"}}
FRAME:583:610e2f8cc5363f59
{"type":"TASK_STAGED","task":{"task_id":"DIFF-TASK-1001-275","title":"Differential Test Task 275","priority":"P0","working_dir":"C:/Users/lol/2026-workspace/courier/scratch/expedition_test_a","required_capability":"WORKSPACE_WRITE","version":1,"state":"STAGED"},"passport":{"task_id":"DIFF-TASK-1001-275","task_version":1,"goal_id":"GOAL-CANONICAL","scope_paths":["c:/users/lol/2026-workspace/courier/scratch/expedition_test_a"],"max_capability":"WORKSPACE_WRITE","signature":"72afa968125cd94a12f51218f08cb565dce56d09b4515aeae1f3c83b3e4e9e20","issued_at":"2026-09-10T04:19:37.827Z"}}
FRAME:593:ba1d42814473b194
{"type":"TASK_STAGED","task":{"task_id":"DIFF-TASK-1001-276","title":"Differential Test Task 276","priority":"P2","working_dir":"C:/Users/lol/2026-workspace/courier/scratch/expedition_test_a/sub1","required_capability":"WORKSPACE_WRITE","version":1,"state":"STAGED"},"passport":{"task_id":"DIFF-TASK-1001-276","task_version":1,"goal_id":"GOAL-CANONICAL","scope_paths":["c:/users/lol/2026-workspace/courier/scratch/expedition_test_a/sub1"],"max_capability":"WORKSPACE_WRITE","signature":"add2346329075f469d7ded4aa5f4713aa8fe9bdf89f9a4f81ddc93815cf20fcb","issued_at":"2026-09-10T04:19:37.827Z"}}
FRAME:593:1269bfcabe93310e
{"type":"TASK_STAGED","task":{"task_id":"DIFF-TASK-1001-281","title":"Differential Test Task 281","priority":"P2","working_dir":"C:/Users/lol/2026-workspace/courier/scratch/expedition_test_a/sub1","required_capability":"WORKSPACE_WRITE","version":1,"state":"STAGED"},"passport":{"task_id":"DIFF-TASK-1001-281","task_version":1,"goal_id":"GOAL-CANONICAL","scope_paths":["c:/users/lol/2026-workspace/courier/scratch/expedition_test_a/sub1"],"max_capability":"WORKSPACE_WRITE","signature":"2a0b35e219dcd4f9130c127ba14c775f175da7195b48be4e088ffbf03d9ecca1","issued_at":"2026-09-10T04:19:37.829Z"}}
FRAME:593:c1f9ef7780eb3cbb
{"type":"TASK_STAGED","task":{"task_id":"DIFF-TASK-1001-284","title":"Differential Test Task 284","priority":"P2","working_dir":"C:/Users/lol/2026-workspace/courier/scratch/expedition_test_b/logs","required_capability":"WORKSPACE_WRITE","version":1,"state":"STAGED"},"passport":{"task_id":"DIFF-TASK-1001-284","task_version":1,"goal_id":"GOAL-CANONICAL","scope_paths":["c:/users/lol/2026-workspace/courier/scratch/expedition_test_b/logs"],"max_capability":"WORKSPACE_WRITE","signature":"d4fc2605706f4383083adbec223ae0c53ca21dbc35b3164282e9ebae6f7f96f7","issued_at":"2026-09-10T04:19:37.831Z"}}
FRAME:605:fd669a2a1b6558b0
{"type":"TASK_STAGED","task":{"task_id":"DIFF-TASK-1001-285","title":"Differential Test Task 285","priority":"P1","working_dir":"C:/Users/lol/2026-workspace/courier/scratch/expedition_test_c/data/cache","required_capability":"WORKSPACE_WRITE","version":1,"state":"STAGED"},"passport":{"task_id":"DIFF-TASK-1001-285","task_version":1,"goal_id":"GOAL-CANONICAL","scope_paths":["c:/users/lol/2026-workspace/courier/scratch/expedition_test_c/data/cache"],"max_capability":"WORKSPACE_WRITE","signature":"9a3cab108a8b7f97d6e2e048aa1debb2e7edf65e9cad59a675e4d509a3edd5f6","issued_at":"2026-09-10T04:19:37.831Z"}}
FRAME:583:cba9f92a8c27c118
{"type":"TASK_STAGED","task":{"task_id":"DIFF-TASK-1001-289","title":"Differential Test Task 289","priority":"P1","working_dir":"C:/Users/lol/2026-workspace/courier/scratch/expedition_test_b","required_capability":"WORKSPACE_WRITE","version":1,"state":"STAGED"},"passport":{"task_id":"DIFF-TASK-1001-289","task_version":1,"goal_id":"GOAL-CANONICAL","scope_paths":["c:/users/lol/2026-workspace/courier/scratch/expedition_test_b"],"max_capability":"WORKSPACE_WRITE","signature":"111f3b986222a1c426d80d649a6278d435f487fa66080f972470b8b2e223fa4b","issued_at":"2026-09-10T04:19:37.835Z"}}
FRAME:575:3c44dc67ac592703
{"type":"TASK_STAGED","task":{"task_id":"DIFF-TASK-1001-290","title":"Differential Test Task 290","priority":"P2","working_dir":"C:/Users/lol/2026-workspace/courier/scratch/expedition_test_b","required_capability":"EXTERNAL_FS","version":1,"state":"STAGED"},"passport":{"task_id":"DIFF-TASK-1001-290","task_version":1,"goal_id":"GOAL-CANONICAL","scope_paths":["c:/users/lol/2026-workspace/courier/scratch/expedition_test_b"],"max_capability":"EXTERNAL_FS","signature":"8f0f4c5b9cb2841ddade3c7b3193b6c16b89d342ed545bd168113bda683c997b","issued_at":"2026-09-10T04:19:37.835Z"}}
FRAME:593:bf352a35f79c0edf
{"type":"TASK_STAGED","task":{"task_id":"DIFF-TASK-1001-294","title":"Differential Test Task 294","priority":"P0","working_dir":"C:/Users/lol/2026-workspace/courier/scratch/expedition_test_a/sub1","required_capability":"WORKSPACE_WRITE","version":1,"state":"STAGED"},"passport":{"task_id":"DIFF-TASK-1001-294","task_version":1,"goal_id":"GOAL-CANONICAL","scope_paths":["c:/users/lol/2026-workspace/courier/scratch/expedition_test_a/sub1"],"max_capability":"WORKSPACE_WRITE","signature":"be94bdb578471a58e468e896907062e734c015018c9910d1e98ba0a2ca591fab","issued_at":"2026-09-10T04:19:37.837Z"}}
FRAME:583:03c461f11fc6b667
{"type":"TASK_STAGED","task":{"task_id":"DIFF-TASK-1001-297","title":"Differential Test Task 297","priority":"P0","working_dir":"C:/Users/lol/2026-workspace/courier/scratch/expedition_test_b","required_capability":"WORKSPACE_WRITE","version":1,"state":"STAGED"},"passport":{"task_id":"DIFF-TASK-1001-297","task_version":1,"goal_id":"GOAL-CANONICAL","scope_paths":["c:/users/lol/2026-workspace/courier/scratch/expedition_test_b"],"max_capability":"WORKSPACE_WRITE","signature":"a41e60d32f9bb884e2f602f584e038f048d6f390ab85656661cace0f18fba97a","issued_at":"2026-09-10T04:19:37.839Z"}}
FRAME:583:aa2e89cbf4df4fa7
{"type":"TASK_STAGED","task":{"task_id":"DIFF-TASK-1001-298","title":"Differential Test Task 298","priority":"P2","working_dir":"C:/Users/lol/2026-workspace/courier/scratch/expedition_test_b","required_capability":"WORKSPACE_WRITE","version":1,"state":"STAGED"},"passport":{"task_id":"DIFF-TASK-1001-298","task_version":1,"goal_id":"GOAL-CANONICAL","scope_paths":["c:/users/lol/2026-workspace/courier/scratch/expedition_test_b"],"max_capability":"WORKSPACE_WRITE","signature":"9cc48a65eb984fd320f4a927eb5dbcf950fc749443cc01b2535efd0aa20d38bb","issued_at":"2026-09-10T04:19:37.840Z"}}
FRAME:597:bee44a1b9ab24e37
{"type":"TASK_STAGED","task":{"task_id":"DIFF-TASK-1001-301","title":"Differential Test Task 301","priority":"P1","working_dir":"C:/Users/lol/2026-workspace/courier/scratch/expedition_test_c/data/cache","required_capability":"EXTERNAL_FS","version":1,"state":"STAGED"},"passport":{"task_id":"DIFF-TASK-1001-301","task_version":1,"goal_id":"GOAL-CANONICAL","scope_paths":["c:/users/lol/2026-workspace/courier/scratch/expedition_test_c/data/cache"],"max_capability":"EXTERNAL_FS","signature":"02431f2d4c37ae20a8fa65515cced27343741c0e478b799cae0eaf4935c5fe52","issued_at":"2026-09-10T04:19:37.844Z"}}
FRAME:605:8ebc1fe30d5e5d18
{"type":"TASK_STAGED","task":{"task_id":"DIFF-TASK-1001-303","title":"Differential Test Task 303","priority":"P0","working_dir":"C:/Users/lol/2026-workspace/courier/scratch/expedition_test_c/data/cache","required_capability":"WORKSPACE_WRITE","version":1,"state":"STAGED"},"passport":{"task_id":"DIFF-TASK-1001-303","task_version":1,"goal_id":"GOAL-CANONICAL","scope_paths":["c:/users/lol/2026-workspace/courier/scratch/expedition_test_c/data/cache"],"max_capability":"WORKSPACE_WRITE","signature":"218d0a39124371d119b42d755070e2264b2b0219ac6e2d4cf0a2fb646b9b63e9","issued_at":"2026-09-10T04:19:37.846Z"}}
FRAME:585:8024043e57c37bb1
{"type":"TASK_STAGED","task":{"task_id":"DIFF-TASK-1001-305","title":"Differential Test Task 305","priority":"P1","working_dir":"C:/Users/lol/2026-workspace/courier/scratch/expedition_test_b/logs","required_capability":"EXTERNAL_FS","version":1,"state":"STAGED"},"passport":{"task_id":"DIFF-TASK-1001-305","task_version":1,"goal_id":"GOAL-CANONICAL","scope_paths":["c:/users/lol/2026-workspace/courier/scratch/expedition_test_b/logs"],"max_capability":"EXTERNAL_FS","signature":"ccf0438a4a49bfc0b2d9531f41334d62651efe0392710133b8c92964456d6377","issued_at":"2026-09-10T04:19:37.848Z"}}
FRAME:575:a6a0a6111d6a00a6
{"type":"TASK_STAGED","task":{"task_id":"DIFF-TASK-1001-306","title":"Differential Test Task 306","priority":"P1","working_dir":"C:/Users/lol/2026-workspace/courier/scratch/expedition_test_b","required_capability":"EXTERNAL_FS","version":1,"state":"STAGED"},"passport":{"task_id":"DIFF-TASK-1001-306","task_version":1,"goal_id":"GOAL-CANONICAL","scope_paths":["c:/users/lol/2026-workspace/courier/scratch/expedition_test_b"],"max_capability":"EXTERNAL_FS","signature":"96df13aa39691e50973954e12ee562d5ecaf6e3755e143ce19fb798dc0621a4e","issued_at":"2026-09-10T04:19:37.849Z"}}
FRAME:605:642978972d509c2e
{"type":"TASK_STAGED","task":{"task_id":"DIFF-TASK-1001-307","title":"Differential Test Task 307","priority":"P2","working_dir":"C:/Users/lol/2026-workspace/courier/scratch/expedition_test_c/data/cache","required_capability":"WORKSPACE_WRITE","version":1,"state":"STAGED"},"passport":{"task_id":"DIFF-TASK-1001-307","task_version":1,"goal_id":"GOAL-CANONICAL","scope_paths":["c:/users/lol/2026-workspace/courier/scratch/expedition_test_c/data/cache"],"max_capability":"WORKSPACE_WRITE","signature":"a9dcfb9897129867a6b0c950f7c587cb314f7de0e0f6c8af3c17879ed57fa00c","issued_at":"2026-09-10T04:19:37.849Z"}}
FRAME:583:fa9d0e79dba5d3e2
{"type":"TASK_STAGED","task":{"task_id":"DIFF-TASK-1001-308","title":"Differential Test Task 308","priority":"P1","working_dir":"C:/Users/lol/2026-workspace/courier/scratch/expedition_test_b","required_capability":"WORKSPACE_WRITE","version":1,"state":"STAGED"},"passport":{"task_id":"DIFF-TASK-1001-308","task_version":1,"goal_id":"GOAL-CANONICAL","scope_paths":["c:/users/lol/2026-workspace/courier/scratch/expedition_test_b"],"max_capability":"WORKSPACE_WRITE","signature":"647e27d594271f829572983441fe7b50863d68a07e31cbda6a84f867f1714d72","issued_at":"2026-09-10T04:19:37.849Z"}}
FRAME:605:b0e7f0f32bc6018d
{"type":"TASK_STAGED","task":{"task_id":"DIFF-TASK-1001-310","title":"Differential Test Task 310","priority":"P1","working_dir":"C:/Users/lol/2026-workspace/courier/scratch/expedition_test_c/data/cache","required_capability":"WORKSPACE_WRITE","version":1,"state":"STAGED"},"passport":{"task_id":"DIFF-TASK-1001-310","task_version":1,"goal_id":"GOAL-CANONICAL","scope_paths":["c:/users/lol/2026-workspace/courier/scratch/expedition_test_c/data/cache"],"max_capability":"WORKSPACE_WRITE","signature":"5b10bbab078cb733aab2e9887c8230b8edfe7f37819f4369ea236d5cae5da240","issued_at":"2026-09-10T04:19:37.852Z"}}
FRAME:583:abb0ff1b2aa8339a
{"type":"TASK_STAGED","task":{"task_id":"DIFF-TASK-1001-317","title":"Differential Test Task 317","priority":"P1","working_dir":"C:/Users/lol/2026-workspace/courier/scratch/expedition_test_b","required_capability":"WORKSPACE_WRITE","version":1,"state":"STAGED"},"passport":{"task_id":"DIFF-TASK-1001-317","task_version":1,"goal_id":"GOAL-CANONICAL","scope_paths":["c:/users/lol/2026-workspace/courier/scratch/expedition_test_b"],"max_capability":"WORKSPACE_WRITE","signature":"f9a9e83a4395a5ccea5315491423a7bf40a02fad611c0542e5d57bbd11b1e60f","issued_at":"2026-09-10T04:19:37.855Z"}}
FRAME:575:51854ef6a8b2dc1e
{"type":"TASK_STAGED","task":{"task_id":"DIFF-TASK-1001-318","title":"Differential Test Task 318","priority":"P1","working_dir":"C:/Users/lol/2026-workspace/courier/scratch/expedition_test_b","required_capability":"EXTERNAL_FS","version":1,"state":"STAGED"},"passport":{"task_id":"DIFF-TASK-1001-318","task_version":1,"goal_id":"GOAL-CANONICAL","scope_paths":["c:/users/lol/2026-workspace/courier/scratch/expedition_test_b"],"max_capability":"EXTERNAL_FS","signature":"b9d4da3ef87734c87435694425b0df9ae7249ac053883b471f85d99436305a91","issued_at":"2026-09-10T04:19:37.856Z"}}
FRAME:583:3bc7d01e98252bcd
{"type":"TASK_STAGED","task":{"task_id":"DIFF-TASK-1001-319","title":"Differential Test Task 319","priority":"P2","working_dir":"C:/Users/lol/2026-workspace/courier/scratch/expedition_test_c","required_capability":"WORKSPACE_WRITE","version":1,"state":"STAGED"},"passport":{"task_id":"DIFF-TASK-1001-319","task_version":1,"goal_id":"GOAL-CANONICAL","scope_paths":["c:/users/lol/2026-workspace/courier/scratch/expedition_test_c"],"max_capability":"WORKSPACE_WRITE","signature":"8e0a04c222349c084b1f5ba090cf83be44ad0a341db8a53a008944c4d73a2df1","issued_at":"2026-09-10T04:19:37.856Z"}}
FRAME:583:13712e9343c6843a
{"type":"TASK_STAGED","task":{"task_id":"DIFF-TASK-1001-321","title":"Differential Test Task 321","priority":"P1","working_dir":"C:/Users/lol/2026-workspace/courier/scratch/expedition_test_b","required_capability":"WORKSPACE_WRITE","version":1,"state":"STAGED"},"passport":{"task_id":"DIFF-TASK-1001-321","task_version":1,"goal_id":"GOAL-CANONICAL","scope_paths":["c:/users/lol/2026-workspace/courier/scratch/expedition_test_b"],"max_capability":"WORKSPACE_WRITE","signature":"5b77cb1b7fee442b350b35fb1a0cf0a846909291a726403dbeee52103b9352e2","issued_at":"2026-09-10T04:19:37.858Z"}}
FRAME:593:0b9d04212a08466f
{"type":"TASK_STAGED","task":{"task_id":"DIFF-TASK-1001-324","title":"Differential Test Task 324","priority":"P2","working_dir":"C:/Users/lol/2026-workspace/courier/scratch/expedition_test_b/logs","required_capability":"WORKSPACE_WRITE","version":1,"state":"STAGED"},"passport":{"task_id":"DIFF-TASK-1001-324","task_version":1,"goal_id":"GOAL-CANONICAL","scope_paths":["c:/users/lol/2026-workspace/courier/scratch/expedition_test_b/logs"],"max_capability":"WORKSPACE_WRITE","signature":"6b03063d6d3a45c2f4f2a8b2a50ff28997b74c9e670769552fb8d03a9c99822b","issued_at":"2026-09-10T04:19:37.859Z"}}
FRAME:583:fa9d543b6178dfe1
{"type":"TASK_STAGED","task":{"task_id":"DIFF-TASK-1001-329","title":"Differential Test Task 329","priority":"P1","working_dir":"C:/Users/lol/2026-workspace/courier/scratch/expedition_test_a","required_capability":"WORKSPACE_WRITE","version":1,"state":"STAGED"},"passport":{"task_id":"DIFF-TASK-1001-329","task_version":1,"goal_id":"GOAL-CANONICAL","scope_paths":["c:/users/lol/2026-workspace/courier/scratch/expedition_test_a"],"max_capability":"WORKSPACE_WRITE","signature":"06cb9feed989272567b507893420a4644cc6a0a9509329886ab057bbcbeeeceb","issued_at":"2026-09-10T04:19:37.865Z"}}
FRAME:583:c516e5ea9838cd67
{"type":"TASK_STAGED","task":{"task_id":"DIFF-TASK-1001-333","title":"Differential Test Task 333","priority":"P0","working_dir":"C:/Users/lol/2026-workspace/courier/scratch/expedition_test_a","required_capability":"WORKSPACE_WRITE","version":1,"state":"STAGED"},"passport":{"task_id":"DIFF-TASK-1001-333","task_version":1,"goal_id":"GOAL-CANONICAL","scope_paths":["c:/users/lol/2026-workspace/courier/scratch/expedition_test_a"],"max_capability":"WORKSPACE_WRITE","signature":"a2ae3e57f4d58dfdeb15ef9cb89d204a1be403445ce827aca8e33e4bc794c8b6","issued_at":"2026-09-10T04:19:37.868Z"}}
FRAME:583:7a9eae9091379104
{"type":"TASK_STAGED","task":{"task_id":"DIFF-TASK-1001-335","title":"Differential Test Task 335","priority":"P2","working_dir":"C:/Users/lol/2026-workspace/courier/scratch/expedition_test_a","required_capability":"WORKSPACE_WRITE","version":1,"state":"STAGED"},"passport":{"task_id":"DIFF-TASK-1001-335","task_version":1,"goal_id":"GOAL-CANONICAL","scope_paths":["c:/users/lol/2026-workspace/courier/scratch/expedition_test_a"],"max_capability":"WORKSPACE_WRITE","signature":"3b596618ca143acd10023235b46dcbf3abae81969236a5de39d9a5b31db29fbe","issued_at":"2026-09-10T04:19:37.868Z"}}
FRAME:605:89bb38a02237b6ea
{"type":"TASK_STAGED","task":{"task_id":"DIFF-TASK-1001-340","title":"Differential Test Task 340","priority":"P1","working_dir":"C:/Users/lol/2026-workspace/courier/scratch/expedition_test_c/data/cache","required_capability":"WORKSPACE_WRITE","version":1,"state":"STAGED"},"passport":{"task_id":"DIFF-TASK-1001-340","task_version":1,"goal_id":"GOAL-CANONICAL","scope_paths":["c:/users/lol/2026-workspace/courier/scratch/expedition_test_c/data/cache"],"max_capability":"WORKSPACE_WRITE","signature":"f334f01a34be6ebb587fadab9a99d2ea4a182470e61fb02e7a22e7b7ad9b0d1a","issued_at":"2026-09-10T04:19:37.873Z"}}
FRAME:583:993c70dc4b656a86
{"type":"TASK_STAGED","task":{"task_id":"DIFF-TASK-1001-343","title":"Differential Test Task 343","priority":"P2","working_dir":"C:/Users/lol/2026-workspace/courier/scratch/expedition_test_a","required_capability":"WORKSPACE_WRITE","version":1,"state":"STAGED"},"passport":{"task_id":"DIFF-TASK-1001-343","task_version":1,"goal_id":"GOAL-CANONICAL","scope_paths":["c:/users/lol/2026-workspace/courier/scratch/expedition_test_a"],"max_capability":"WORKSPACE_WRITE","signature":"a5623eed158d644db1c5ec63b6e97d9022ac25ebcbfc790270ede7868a264b37","issued_at":"2026-09-10T04:19:37.879Z"}}
FRAME:583:a4a466ea2c230e4d
{"type":"TASK_STAGED","task":{"task_id":"DIFF-TASK-1001-344","title":"Differential Test Task 344","priority":"P0","working_dir":"C:/Users/lol/2026-workspace/courier/scratch/expedition_test_c","required_capability":"WORKSPACE_WRITE","version":1,"state":"STAGED"},"passport":{"task_id":"DIFF-TASK-1001-344","task_version":1,"goal_id":"GOAL-CANONICAL","scope_paths":["c:/users/lol/2026-workspace/courier/scratch/expedition_test_c"],"max_capability":"WORKSPACE_WRITE","signature":"26fa5e87707c96cf83f41c35166580455df91535417f56047fd5061ea03723cb","issued_at":"2026-09-10T04:19:37.879Z"}}
FRAME:583:a0cf6ab81c728e25
{"type":"TASK_STAGED","task":{"task_id":"DIFF-TASK-1001-349","title":"Differential Test Task 349","priority":"P2","working_dir":"C:/Users/lol/2026-workspace/courier/scratch/expedition_test_c","required_capability":"WORKSPACE_WRITE","version":1,"state":"STAGED"},"passport":{"task_id":"DIFF-TASK-1001-349","task_version":1,"goal_id":"GOAL-CANONICAL","scope_paths":["c:/users/lol/2026-workspace/courier/scratch/expedition_test_c"],"max_capability":"WORKSPACE_WRITE","signature":"bb266761f725ea22b8329bbc31121f8fdfa6394ddf1e32751d49e517ce5391b4","issued_at":"2026-09-10T04:19:37.884Z"}}
FRAME:583:6d28c8c282755f8e
{"type":"TASK_STAGED","task":{"task_id":"DIFF-TASK-1001-351","title":"Differential Test Task 351","priority":"P2","working_dir":"C:/Users/lol/2026-workspace/courier/scratch/expedition_test_a","required_capability":"WORKSPACE_WRITE","version":1,"state":"STAGED"},"passport":{"task_id":"DIFF-TASK-1001-351","task_version":1,"goal_id":"GOAL-CANONICAL","scope_paths":["c:/users/lol/2026-workspace/courier/scratch/expedition_test_a"],"max_capability":"WORKSPACE_WRITE","signature":"99711ac47a11d6a1844c417f810032c86619aaf0c0a4bcf131fb131d51b88c63","issued_at":"2026-09-10T04:19:37.887Z"}}
FRAME:605:a2bfcde5d809ea29
{"type":"TASK_STAGED","task":{"task_id":"DIFF-TASK-1001-357","title":"Differential Test Task 357","priority":"P1","working_dir":"C:/Users/lol/2026-workspace/courier/scratch/expedition_test_c/data/cache","required_capability":"WORKSPACE_WRITE","version":1,"state":"STAGED"},"passport":{"task_id":"DIFF-TASK-1001-357","task_version":1,"goal_id":"GOAL-CANONICAL","scope_paths":["c:/users/lol/2026-workspace/courier/scratch/expedition_test_c/data/cache"],"max_capability":"WORKSPACE_WRITE","signature":"8eb0d61e487efcde448287c35873b33330126ec50a4e17094664d64b4c4d5bfb","issued_at":"2026-09-10T04:19:37.890Z"}}
FRAME:593:1a042620c9de8b56
{"type":"TASK_STAGED","task":{"task_id":"DIFF-TASK-1001-358","title":"Differential Test Task 358","priority":"P2","working_dir":"C:/Users/lol/2026-workspace/courier/scratch/expedition_test_b/logs","required_capability":"WORKSPACE_WRITE","version":1,"state":"STAGED"},"passport":{"task_id":"DIFF-TASK-1001-358","task_version":1,"goal_id":"GOAL-CANONICAL","scope_paths":["c:/users/lol/2026-workspace/courier/scratch/expedition_test_b/logs"],"max_capability":"WORKSPACE_WRITE","signature":"02f8db26c90d5506ea5a378bba512b0af0b244233a3062c5da3b3a7e937efe6b","issued_at":"2026-09-10T04:19:37.891Z"}}
FRAME:593:11341ce31827b4e7
{"type":"TASK_STAGED","task":{"task_id":"DIFF-TASK-1001-359","title":"Differential Test Task 359","priority":"P2","working_dir":"C:/Users/lol/2026-workspace/courier/scratch/expedition_test_a/sub1","required_capability":"WORKSPACE_WRITE","version":1,"state":"STAGED"},"passport":{"task_id":"DIFF-TASK-1001-359","task_version":1,"goal_id":"GOAL-CANONICAL","scope_paths":["c:/users/lol/2026-workspace/courier/scratch/expedition_test_a/sub1"],"max_capability":"WORKSPACE_WRITE","signature":"377c47bc423376da961dc5bc0515a87f25cdf1cf4ca5408787d125ca15f8e465","issued_at":"2026-09-10T04:19:37.891Z"}}
FRAME:593:9b89c61e6165bd81
{"type":"TASK_STAGED","task":{"task_id":"DIFF-TASK-1001-366","title":"Differential Test Task 366","priority":"P1","working_dir":"C:/Users/lol/2026-workspace/courier/scratch/expedition_test_a/sub1","required_capability":"WORKSPACE_WRITE","version":1,"state":"STAGED"},"passport":{"task_id":"DIFF-TASK-1001-366","task_version":1,"goal_id":"GOAL-CANONICAL","scope_paths":["c:/users/lol/2026-workspace/courier/scratch/expedition_test_a/sub1"],"max_capability":"WORKSPACE_WRITE","signature":"e5f053a7090282fd0e9be462ad25145c5228dd4a5d392b6820ff23f83410730c","issued_at":"2026-09-10T04:19:37.898Z"}}
FRAME:593:1d54eb7a9c495d28
{"type":"TASK_STAGED","task":{"task_id":"DIFF-TASK-1001-368","title":"Differential Test Task 368","priority":"P0","working_dir":"C:/Users/lol/2026-workspace/courier/scratch/expedition_test_b/logs","required_capability":"WORKSPACE_WRITE","version":1,"state":"STAGED"},"passport":{"task_id":"DIFF-TASK-1001-368","task_version":1,"goal_id":"GOAL-CANONICAL","scope_paths":["c:/users/lol/2026-workspace/courier/scratch/expedition_test_b/logs"],"max_capability":"WORKSPACE_WRITE","signature":"c658fd5be799dae3f8fbd813a6584ce9ab37b3b7925ce2ee6d61112be4ae3aaa","issued_at":"2026-09-10T04:19:37.898Z"}}
FRAME:575:cb04254a7b273906
{"type":"TASK_STAGED","task":{"task_id":"DIFF-TASK-1001-369","title":"Differential Test Task 369","priority":"P0","working_dir":"C:/Users/lol/2026-workspace/courier/scratch/expedition_test_a","required_capability":"EXTERNAL_FS","version":1,"state":"STAGED"},"passport":{"task_id":"DIFF-TASK-1001-369","task_version":1,"goal_id":"GOAL-CANONICAL","scope_paths":["c:/users/lol/2026-workspace/courier/scratch/expedition_test_a"],"max_capability":"EXTERNAL_FS","signature":"b920cdc4522f58c374ccde710418d764936ab86dc294b7f6f4349bed86aa7799","issued_at":"2026-09-10T04:19:37.899Z"}}
FRAME:593:de659dd5421832d0
{"type":"TASK_STAGED","task":{"task_id":"DIFF-TASK-1001-371","title":"Differential Test Task 371","priority":"P0","working_dir":"C:/Users/lol/2026-workspace/courier/scratch/expedition_test_a/sub1","required_capability":"WORKSPACE_WRITE","version":1,"state":"STAGED"},"passport":{"task_id":"DIFF-TASK-1001-371","task_version":1,"goal_id":"GOAL-CANONICAL","scope_paths":["c:/users/lol/2026-workspace/courier/scratch/expedition_test_a/sub1"],"max_capability":"WORKSPACE_WRITE","signature":"35f1bf040c12e181c0b8e89aa533507959981c016ae2625945fe6cfa53e1d5ea","issued_at":"2026-09-10T04:19:37.899Z"}}
FRAME:583:7191b40b0ff6e87a
{"type":"TASK_STAGED","task":{"task_id":"DIFF-TASK-1001-373","title":"Differential Test Task 373","priority":"P1","working_dir":"C:/Users/lol/2026-workspace/courier/scratch/expedition_test_c","required_capability":"WORKSPACE_WRITE","version":1,"state":"STAGED"},"passport":{"task_id":"DIFF-TASK-1001-373","task_version":1,"goal_id":"GOAL-CANONICAL","scope_paths":["c:/users/lol/2026-workspace/courier/scratch/expedition_test_c"],"max_capability":"WORKSPACE_WRITE","signature":"56d83ff423d8e6c340fd944deb14f21c8a25e37898016b91af79597193919558","issued_at":"2026-09-10T04:19:37.899Z"}}
FRAME:585:8045557314256bf9
{"type":"TASK_STAGED","task":{"task_id":"DIFF-TASK-1001-374","title":"Differential Test Task 374","priority":"P1","working_dir":"C:/Users/lol/2026-workspace/courier/scratch/expedition_test_a/sub1","required_capability":"EXTERNAL_FS","version":1,"state":"STAGED"},"passport":{"task_id":"DIFF-TASK-1001-374","task_version":1,"goal_id":"GOAL-CANONICAL","scope_paths":["c:/users/lol/2026-workspace/courier/scratch/expedition_test_a/sub1"],"max_capability":"EXTERNAL_FS","signature":"f54d4529dad354dce910195606a4c48e12f1db4279893b9a69ac12b6d28b6aa5","issued_at":"2026-09-10T04:19:37.899Z"}}
FRAME:583:8e914c31bd0512de
{"type":"TASK_STAGED","task":{"task_id":"DIFF-TASK-1001-376","title":"Differential Test Task 376","priority":"P2","working_dir":"C:/Users/lol/2026-workspace/courier/scratch/expedition_test_c","required_capability":"WORKSPACE_WRITE","version":1,"state":"STAGED"},"passport":{"task_id":"DIFF-TASK-1001-376","task_version":1,"goal_id":"GOAL-CANONICAL","scope_paths":["c:/users/lol/2026-workspace/courier/scratch/expedition_test_c"],"max_capability":"WORKSPACE_WRITE","signature":"54baf020abf1276d79c9139c00da1e7b1b57b91a79a36568a9f2e77173f79c32","issued_at":"2026-09-10T04:19:37.900Z"}}
FRAME:575:7cfe64efeec2612d
{"type":"TASK_STAGED","task":{"task_id":"DIFF-TASK-1001-378","title":"Differential Test Task 378","priority":"P1","working_dir":"C:/Users/lol/2026-workspace/courier/scratch/expedition_test_a","required_capability":"EXTERNAL_FS","version":1,"state":"STAGED"},"passport":{"task_id":"DIFF-TASK-1001-378","task_version":1,"goal_id":"GOAL-CANONICAL","scope_paths":["c:/users/lol/2026-workspace/courier/scratch/expedition_test_a"],"max_capability":"EXTERNAL_FS","signature":"43e7a2d280fb7832d80bf0635ffb87e5a4c49db906415ae57b0028286bf02ace","issued_at":"2026-09-10T04:19:37.900Z"}}
FRAME:605:afdf615cda75d06b
{"type":"TASK_STAGED","task":{"task_id":"DIFF-TASK-1001-379","title":"Differential Test Task 379","priority":"P2","working_dir":"C:/Users/lol/2026-workspace/courier/scratch/expedition_test_c/data/cache","required_capability":"WORKSPACE_WRITE","version":1,"state":"STAGED"},"passport":{"task_id":"DIFF-TASK-1001-379","task_version":1,"goal_id":"GOAL-CANONICAL","scope_paths":["c:/users/lol/2026-workspace/courier/scratch/expedition_test_c/data/cache"],"max_capability":"WORKSPACE_WRITE","signature":"47c5e9885e46cfcdec5f0b9e4bd442869845b1a35186f3c3b6c5bc1181eeb004","issued_at":"2026-09-10T04:19:37.900Z"}}
FRAME:593:081d6c33b77bb9e2
{"type":"TASK_STAGED","task":{"task_id":"DIFF-TASK-1001-380","title":"Differential Test Task 380","priority":"P0","working_dir":"C:/Users/lol/2026-workspace/courier/scratch/expedition_test_a/sub1","required_capability":"WORKSPACE_WRITE","version":1,"state":"STAGED"},"passport":{"task_id":"DIFF-TASK-1001-380","task_version":1,"goal_id":"GOAL-CANONICAL","scope_paths":["c:/users/lol/2026-workspace/courier/scratch/expedition_test_a/sub1"],"max_capability":"WORKSPACE_WRITE","signature":"3b38e7617c6003b0b779cb567836d346e3bddd99ce9d37fe8ac9bc041e2e053b","issued_at":"2026-09-10T04:19:37.901Z"}}
FRAME:593:859ab02d1f0f1306
{"type":"TASK_STAGED","task":{"task_id":"DIFF-TASK-1001-381","title":"Differential Test Task 381","priority":"P1","working_dir":"C:/Users/lol/2026-workspace/courier/scratch/expedition_test_b/logs","required_capability":"WORKSPACE_WRITE","version":1,"state":"STAGED"},"passport":{"task_id":"DIFF-TASK-1001-381","task_version":1,"goal_id":"GOAL-CANONICAL","scope_paths":["c:/users/lol/2026-workspace/courier/scratch/expedition_test_b/logs"],"max_capability":"WORKSPACE_WRITE","signature":"a9521f7e4472d42bf8b2090adb0c9e51907e9fda01b4ab21c3e075173ac75f46","issued_at":"2026-09-10T04:19:37.901Z"}}
FRAME:605:c7e8cb7f28e38842
{"type":"TASK_STAGED","task":{"task_id":"DIFF-TASK-1001-385","title":"Differential Test Task 385","priority":"P2","working_dir":"C:/Users/lol/2026-workspace/courier/scratch/expedition_test_c/data/cache","required_capability":"WORKSPACE_WRITE","version":1,"state":"STAGED"},"passport":{"task_id":"DIFF-TASK-1001-385","task_version":1,"goal_id":"GOAL-CANONICAL","scope_paths":["c:/users/lol/2026-workspace/courier/scratch/expedition_test_c/data/cache"],"max_capability":"WORKSPACE_WRITE","signature":"c8823c0ae9ff24434fd74d54ad68cab45c3f1bf747789111a9dceb81b1a99824","issued_at":"2026-09-10T04:19:37.904Z"}}
FRAME:593:fbf3ac97fff7c9a0
{"type":"TASK_STAGED","task":{"task_id":"DIFF-TASK-1001-386","title":"Differential Test Task 386","priority":"P2","working_dir":"C:/Users/lol/2026-workspace/courier/scratch/expedition_test_b/logs","required_capability":"WORKSPACE_WRITE","version":1,"state":"STAGED"},"passport":{"task_id":"DIFF-TASK-1001-386","task_version":1,"goal_id":"GOAL-CANONICAL","scope_paths":["c:/users/lol/2026-workspace/courier/scratch/expedition_test_b/logs"],"max_capability":"WORKSPACE_WRITE","signature":"54440d9e0b018a4670a8c2d25bfe58828477537a8606a525bc751e6e0fe12351","issued_at":"2026-09-10T04:19:37.904Z"}}
FRAME:583:865031f6306277d3
{"type":"TASK_STAGED","task":{"task_id":"DIFF-TASK-1001-389","title":"Differential Test Task 389","priority":"P1","working_dir":"C:/Users/lol/2026-workspace/courier/scratch/expedition_test_c","required_capability":"WORKSPACE_WRITE","version":1,"state":"STAGED"},"passport":{"task_id":"DIFF-TASK-1001-389","task_version":1,"goal_id":"GOAL-CANONICAL","scope_paths":["c:/users/lol/2026-workspace/courier/scratch/expedition_test_c"],"max_capability":"WORKSPACE_WRITE","signature":"ed5a2eb740a07f040b70ebe701ab55edda21663ddc8fd8843c008b617609a058","issued_at":"2026-09-10T04:19:37.907Z"}}
FRAME:583:84e1e4523fd7d8e1
{"type":"TASK_STAGED","task":{"task_id":"DIFF-TASK-1001-391","title":"Differential Test Task 391","priority":"P1","working_dir":"C:/Users/lol/2026-workspace/courier/scratch/expedition_test_a","required_capability":"WORKSPACE_WRITE","version":1,"state":"STAGED"},"passport":{"task_id":"DIFF-TASK-1001-391","task_version":1,"goal_id":"GOAL-CANONICAL","scope_paths":["c:/users/lol/2026-workspace/courier/scratch/expedition_test_a"],"max_capability":"WORKSPACE_WRITE","signature":"67e3454261c0a5abd96838aa98d3ec0b375182ffd82b5243ee1debdd63b0886b","issued_at":"2026-09-10T04:19:37.907Z"}}
FRAME:583:ba131371b6fe940d
{"type":"TASK_STAGED","task":{"task_id":"DIFF-TASK-1001-392","title":"Differential Test Task 392","priority":"P2","working_dir":"C:/Users/lol/2026-workspace/courier/scratch/expedition_test_c","required_capability":"WORKSPACE_WRITE","version":1,"state":"STAGED"},"passport":{"task_id":"DIFF-TASK-1001-392","task_version":1,"goal_id":"GOAL-CANONICAL","scope_paths":["c:/users/lol/2026-workspace/courier/scratch/expedition_test_c"],"max_capability":"WORKSPACE_WRITE","signature":"89ffe33ff7272cf028de65e53591d76aff5aa7203cdcbd91cfc173ec3683f9f2","issued_at":"2026-09-10T04:19:37.907Z"}}
FRAME:583:cccd5c5cf8779540
{"type":"TASK_STAGED","task":{"task_id":"DIFF-TASK-1001-393","title":"Differential Test Task 393","priority":"P2","working_dir":"C:/Users/lol/2026-workspace/courier/scratch/expedition_test_b","required_capability":"WORKSPACE_WRITE","version":1,"state":"STAGED"},"passport":{"task_id":"DIFF-TASK-1001-393","task_version":1,"goal_id":"GOAL-CANONICAL","scope_paths":["c:/users/lol/2026-workspace/courier/scratch/expedition_test_b"],"max_capability":"WORKSPACE_WRITE","signature":"ee03b4e6516d55712d302bd4ea3fa1caa06e8a37c910cf200a29a36690c74ca5","issued_at":"2026-09-10T04:19:37.908Z"}}
FRAME:575:19e0038c99f97bff
{"type":"TASK_STAGED","task":{"task_id":"DIFF-TASK-1001-394","title":"Differential Test Task 394","priority":"P1","working_dir":"C:/Users/lol/2026-workspace/courier/scratch/expedition_test_b","required_capability":"EXTERNAL_FS","version":1,"state":"STAGED"},"passport":{"task_id":"DIFF-TASK-1001-394","task_version":1,"goal_id":"GOAL-CANONICAL","scope_paths":["c:/users/lol/2026-workspace/courier/scratch/expedition_test_b"],"max_capability":"EXTERNAL_FS","signature":"013ef9d15fa275846541813f442c0fe888d2c5b9aa5b1ad85c6a2ef8688c8144","issued_at":"2026-09-10T04:19:37.908Z"}}
FRAME:593:11aff586645ad1dd
{"type":"TASK_STAGED","task":{"task_id":"DIFF-TASK-1001-397","title":"Differential Test Task 397","priority":"P0","working_dir":"C:/Users/lol/2026-workspace/courier/scratch/expedition_test_b/logs","required_capability":"WORKSPACE_WRITE","version":1,"state":"STAGED"},"passport":{"task_id":"DIFF-TASK-1001-397","task_version":1,"goal_id":"GOAL-CANONICAL","scope_paths":["c:/users/lol/2026-workspace/courier/scratch/expedition_test_b/logs"],"max_capability":"WORKSPACE_WRITE","signature":"28636e491b055b74eb49b4aa4914ab9ca0174a609a54417822c87a976675bab4","issued_at":"2026-09-10T04:19:37.912Z"}}
FRAME:583:35176fca135b4f8c
{"type":"TASK_STAGED","task":{"task_id":"DIFF-TASK-1001-398","title":"Differential Test Task 398","priority":"P1","working_dir":"C:/Users/lol/2026-workspace/courier/scratch/expedition_test_a","required_capability":"WORKSPACE_WRITE","version":1,"state":"STAGED"},"passport":{"task_id":"DIFF-TASK-1001-398","task_version":1,"goal_id":"GOAL-CANONICAL","scope_paths":["c:/users/lol/2026-workspace/courier/scratch/expedition_test_a"],"max_capability":"WORKSPACE_WRITE","signature":"54c65ef30ba1b6bc8c735326cf5feb9144cfeeec150a2d590877f4c9f43acf03","issued_at":"2026-09-10T04:19:37.912Z"}}
FRAME:583:a044e6c3c1be8dc0
{"type":"TASK_STAGED","task":{"task_id":"DIFF-TASK-1001-400","title":"Differential Test Task 400","priority":"P0","working_dir":"C:/Users/lol/2026-workspace/courier/scratch/expedition_test_a","required_capability":"WORKSPACE_WRITE","version":1,"state":"STAGED"},"passport":{"task_id":"DIFF-TASK-1001-400","task_version":1,"goal_id":"GOAL-CANONICAL","scope_paths":["c:/users/lol/2026-workspace/courier/scratch/expedition_test_a"],"max_capability":"WORKSPACE_WRITE","signature":"dc18b15dea073e257faa3a74f7b633cabbdbdbcedd41993ea98560e49e5cc853","issued_at":"2026-09-10T04:19:37.916Z"}}
FRAME:583:fb038c60f9806f8a
{"type":"TASK_STAGED","task":{"task_id":"DIFF-TASK-1001-402","title":"Differential Test Task 402","priority":"P1","working_dir":"C:/Users/lol/2026-workspace/courier/scratch/expedition_test_b","required_capability":"WORKSPACE_WRITE","version":1,"state":"STAGED"},"passport":{"task_id":"DIFF-TASK-1001-402","task_version":1,"goal_id":"GOAL-CANONICAL","scope_paths":["c:/users/lol/2026-workspace/courier/scratch/expedition_test_b"],"max_capability":"WORKSPACE_WRITE","signature":"751da8c0feb9b4caae08dae5bd10e9b5ba18ac01fe951abee1e791225505893b","issued_at":"2026-09-10T04:19:37.919Z"}}
FRAME:605:b0014d00eeeca66d
{"type":"TASK_STAGED","task":{"task_id":"DIFF-TASK-1001-404","title":"Differential Test Task 404","priority":"P2","working_dir":"C:/Users/lol/2026-workspace/courier/scratch/expedition_test_c/data/cache","required_capability":"WORKSPACE_WRITE","version":1,"state":"STAGED"},"passport":{"task_id":"DIFF-TASK-1001-404","task_version":1,"goal_id":"GOAL-CANONICAL","scope_paths":["c:/users/lol/2026-workspace/courier/scratch/expedition_test_c/data/cache"],"max_capability":"WORKSPACE_WRITE","signature":"5a04dc73e9128b5373a94a1abeb003816f7f4100bf9548a42933071cf1f1d1bc","issued_at":"2026-09-10T04:19:37.921Z"}}
FRAME:593:a0e29b1dc4365f00
{"type":"TASK_STAGED","task":{"task_id":"DIFF-TASK-1001-405","title":"Differential Test Task 405","priority":"P1","working_dir":"C:/Users/lol/2026-workspace/courier/scratch/expedition_test_b/logs","required_capability":"WORKSPACE_WRITE","version":1,"state":"STAGED"},"passport":{"task_id":"DIFF-TASK-1001-405","task_version":1,"goal_id":"GOAL-CANONICAL","scope_paths":["c:/users/lol/2026-workspace/courier/scratch/expedition_test_b/logs"],"max_capability":"WORKSPACE_WRITE","signature":"6523fb64be34ee1ca61d4e38a71528aade5882cd81e4956effd59ed22444d473","issued_at":"2026-09-10T04:19:37.921Z"}}
FRAME:575:6bae1f4642e1f13a
{"type":"TASK_STAGED","task":{"task_id":"DIFF-TASK-1001-406","title":"Differential Test Task 406","priority":"P0","working_dir":"C:/Users/lol/2026-workspace/courier/scratch/expedition_test_b","required_capability":"EXTERNAL_FS","version":1,"state":"STAGED"},"passport":{"task_id":"DIFF-TASK-1001-406","task_version":1,"goal_id":"GOAL-CANONICAL","scope_paths":["c:/users/lol/2026-workspace/courier/scratch/expedition_test_b"],"max_capability":"EXTERNAL_FS","signature":"5b648207af551572654c5ddd5fbdf7b1a111d3bde2fcbeadf567a5da1556dece","issued_at":"2026-09-10T04:19:37.922Z"}}
FRAME:593:57e9e4bc84a057d2
{"type":"TASK_STAGED","task":{"task_id":"DIFF-TASK-1001-407","title":"Differential Test Task 407","priority":"P1","working_dir":"C:/Users/lol/2026-workspace/courier/scratch/expedition_test_a/sub1","required_capability":"WORKSPACE_WRITE","version":1,"state":"STAGED"},"passport":{"task_id":"DIFF-TASK-1001-407","task_version":1,"goal_id":"GOAL-CANONICAL","scope_paths":["c:/users/lol/2026-workspace/courier/scratch/expedition_test_a/sub1"],"max_capability":"WORKSPACE_WRITE","signature":"070f6eefd7b99086c698cdb8eeab00de7b8765e695001fadb7704a46028395c6","issued_at":"2026-09-10T04:19:37.922Z"}}
FRAME:583:c2f81b2c40911e32
{"type":"TASK_STAGED","task":{"task_id":"DIFF-TASK-1001-410","title":"Differential Test Task 410","priority":"P2","working_dir":"C:/Users/lol/2026-workspace/courier/scratch/expedition_test_c","required_capability":"WORKSPACE_WRITE","version":1,"state":"STAGED"},"passport":{"task_id":"DIFF-TASK-1001-410","task_version":1,"goal_id":"GOAL-CANONICAL","scope_paths":["c:/users/lol/2026-workspace/courier/scratch/expedition_test_c"],"max_capability":"WORKSPACE_WRITE","signature":"401a3d8fb85cd9a4e8ae3a8cc3106b3248bc63486d8ecc1be03bcbe4e5aac49b","issued_at":"2026-09-10T04:19:37.928Z"}}
FRAME:597:57af7ce915f36d77
{"type":"TASK_STAGED","task":{"task_id":"DIFF-TASK-1001-411","title":"Differential Test Task 411","priority":"P1","working_dir":"C:/Users/lol/2026-workspace/courier/scratch/expedition_test_c/data/cache","required_capability":"EXTERNAL_FS","version":1,"state":"STAGED"},"passport":{"task_id":"DIFF-TASK-1001-411","task_version":1,"goal_id":"GOAL-CANONICAL","scope_paths":["c:/users/lol/2026-workspace/courier/scratch/expedition_test_c/data/cache"],"max_capability":"EXTERNAL_FS","signature":"eed4b34e6ba59a541f108703cd533b2d238b1235965c28d88c723bb0d69ed08b","issued_at":"2026-09-10T04:19:37.929Z"}}
FRAME:593:c2b40c175db4ca80
{"type":"TASK_STAGED","task":{"task_id":"DIFF-TASK-1001-413","title":"Differential Test Task 413","priority":"P1","working_dir":"C:/Users/lol/2026-workspace/courier/scratch/expedition_test_a/sub1","required_capability":"WORKSPACE_WRITE","version":1,"state":"STAGED"},"passport":{"task_id":"DIFF-TASK-1001-413","task_version":1,"goal_id":"GOAL-CANONICAL","scope_paths":["c:/users/lol/2026-workspace/courier/scratch/expedition_test_a/sub1"],"max_capability":"WORKSPACE_WRITE","signature":"d3af6774d00accee1f585493bbb2d9fd904dff296927f40a91c2436abd2d28c1","issued_at":"2026-09-10T04:19:37.929Z"}}
FRAME:583:ff1b72778ee0412c
{"type":"TASK_STAGED","task":{"task_id":"DIFF-TASK-1001-414","title":"Differential Test Task 414","priority":"P1","working_dir":"C:/Users/lol/2026-workspace/courier/scratch/expedition_test_b","required_capability":"WORKSPACE_WRITE","version":1,"state":"STAGED"},"passport":{"task_id":"DIFF-TASK-1001-414","task_version":1,"goal_id":"GOAL-CANONICAL","scope_paths":["c:/users/lol/2026-workspace/courier/scratch/expedition_test_b"],"max_capability":"WORKSPACE_WRITE","signature":"49b9515b2e9403ab0c2118519643bd7086fec2a795ddd16bd7c8e8c553088d27","issued_at":"2026-09-10T04:19:37.929Z"}}
FRAME:575:46cda8c80cc1caee
{"type":"TASK_STAGED","task":{"task_id":"DIFF-TASK-1001-415","title":"Differential Test Task 415","priority":"P1","working_dir":"C:/Users/lol/2026-workspace/courier/scratch/expedition_test_c","required_capability":"EXTERNAL_FS","version":1,"state":"STAGED"},"passport":{"task_id":"DIFF-TASK-1001-415","task_version":1,"goal_id":"GOAL-CANONICAL","scope_paths":["c:/users/lol/2026-workspace/courier/scratch/expedition_test_c"],"max_capability":"EXTERNAL_FS","signature":"f63947822b5747b15ecde0fbd4afcff7a25b28e540fb51d2ed33daa5eb87e536","issued_at":"2026-09-10T04:19:37.930Z"}}
FRAME:605:bd6d96f1e1c33fc7
{"type":"TASK_STAGED","task":{"task_id":"DIFF-TASK-1001-416","title":"Differential Test Task 416","priority":"P1","working_dir":"C:/Users/lol/2026-workspace/courier/scratch/expedition_test_c/data/cache","required_capability":"WORKSPACE_WRITE","version":1,"state":"STAGED"},"passport":{"task_id":"DIFF-TASK-1001-416","task_version":1,"goal_id":"GOAL-CANONICAL","scope_paths":["c:/users/lol/2026-workspace/courier/scratch/expedition_test_c/data/cache"],"max_capability":"WORKSPACE_WRITE","signature":"3368ef3515c03ad5a2aa772626093818517aef2b3cae2cbb621057651584b5eb","issued_at":"2026-09-10T04:19:37.930Z"}}
FRAME:583:144dd4fb9fe11a81
{"type":"TASK_STAGED","task":{"task_id":"DIFF-TASK-1001-417","title":"Differential Test Task 417","priority":"P1","working_dir":"C:/Users/lol/2026-workspace/courier/scratch/expedition_test_a","required_capability":"WORKSPACE_WRITE","version":1,"state":"STAGED"},"passport":{"task_id":"DIFF-TASK-1001-417","task_version":1,"goal_id":"GOAL-CANONICAL","scope_paths":["c:/users/lol/2026-workspace/courier/scratch/expedition_test_a"],"max_capability":"WORKSPACE_WRITE","signature":"ad3b68587f871ff25c5c11be2786182b6a39a49ef8a8e13edde19907698aa82c","issued_at":"2026-09-10T04:19:37.930Z"}}
FRAME:583:fda2259c3127c974
{"type":"TASK_STAGED","task":{"task_id":"DIFF-TASK-1001-419","title":"Differential Test Task 419","priority":"P0","working_dir":"C:/Users/lol/2026-workspace/courier/scratch/expedition_test_a","required_capability":"WORKSPACE_WRITE","version":1,"state":"STAGED"},"passport":{"task_id":"DIFF-TASK-1001-419","task_version":1,"goal_id":"GOAL-CANONICAL","scope_paths":["c:/users/lol/2026-workspace/courier/scratch/expedition_test_a"],"max_capability":"WORKSPACE_WRITE","signature":"f5c347e978eee525e182abf6c6b6978b68a9cdcac8596f2a1b3df7049fe1efcf","issued_at":"2026-09-10T04:19:37.931Z"}}
FRAME:593:8e463d5f332de451
{"type":"TASK_STAGED","task":{"task_id":"DIFF-TASK-1001-424","title":"Differential Test Task 424","priority":"P1","working_dir":"C:/Users/lol/2026-workspace/courier/scratch/expedition_test_a/sub1","required_capability":"WORKSPACE_WRITE","version":1,"state":"STAGED"},"passport":{"task_id":"DIFF-TASK-1001-424","task_version":1,"goal_id":"GOAL-CANONICAL","scope_paths":["c:/users/lol/2026-workspace/courier/scratch/expedition_test_a/sub1"],"max_capability":"WORKSPACE_WRITE","signature":"fd270c6613c2741d0c9ac3296e5840c08b18aab7a734c0512891b95779ba1369","issued_at":"2026-09-10T04:19:37.936Z"}}
FRAME:583:cb40df3508ade269
{"type":"TASK_STAGED","task":{"task_id":"DIFF-TASK-1001-426","title":"Differential Test Task 426","priority":"P2","working_dir":"C:/Users/lol/2026-workspace/courier/scratch/expedition_test_b","required_capability":"WORKSPACE_WRITE","version":1,"state":"STAGED"},"passport":{"task_id":"DIFF-TASK-1001-426","task_version":1,"goal_id":"GOAL-CANONICAL","scope_paths":["c:/users/lol/2026-workspace/courier/scratch/expedition_test_b"],"max_capability":"WORKSPACE_WRITE","signature":"049f1dc4d1a8c7fed7b0f1f8a9dfd517dbb7c4a3588de6b3e3b7664662bf6fc0","issued_at":"2026-09-10T04:19:37.936Z"}}
FRAME:583:7853a06880e184c1
{"type":"TASK_STAGED","task":{"task_id":"DIFF-TASK-1001-427","title":"Differential Test Task 427","priority":"P1","working_dir":"C:/Users/lol/2026-workspace/courier/scratch/expedition_test_a","required_capability":"WORKSPACE_WRITE","version":1,"state":"STAGED"},"passport":{"task_id":"DIFF-TASK-1001-427","task_version":1,"goal_id":"GOAL-CANONICAL","scope_paths":["c:/users/lol/2026-workspace/courier/scratch/expedition_test_a"],"max_capability":"WORKSPACE_WRITE","signature":"a8084c7c04290a107ad5d931ffc3c92817466536e6c58e32fe3c7b109fcde3ef","issued_at":"2026-09-10T04:19:37.936Z"}}
FRAME:593:fa1164595f92838d
{"type":"TASK_STAGED","task":{"task_id":"DIFF-TASK-1001-429","title":"Differential Test Task 429","priority":"P0","working_dir":"C:/Users/lol/2026-workspace/courier/scratch/expedition_test_b/logs","required_capability":"WORKSPACE_WRITE","version":1,"state":"STAGED"},"passport":{"task_id":"DIFF-TASK-1001-429","task_version":1,"goal_id":"GOAL-CANONICAL","scope_paths":["c:/users/lol/2026-workspace/courier/scratch/expedition_test_b/logs"],"max_capability":"WORKSPACE_WRITE","signature":"c55eefc8c5409a640e5bc77d943a74abca737bb0eb1ff462005e0903da4e6b7f","issued_at":"2026-09-10T04:19:37.937Z"}}
FRAME:605:3b3854309ee22def
{"type":"TASK_STAGED","task":{"task_id":"DIFF-TASK-1001-431","title":"Differential Test Task 431","priority":"P1","working_dir":"C:/Users/lol/2026-workspace/courier/scratch/expedition_test_c/data/cache","required_capability":"WORKSPACE_WRITE","version":1,"state":"STAGED"},"passport":{"task_id":"DIFF-TASK-1001-431","task_version":1,"goal_id":"GOAL-CANONICAL","scope_paths":["c:/users/lol/2026-workspace/courier/scratch/expedition_test_c/data/cache"],"max_capability":"WORKSPACE_WRITE","signature":"81b59c5a90859d4514b97a9e67b753e7e8e4824104061ffecaf4b302a422bd72","issued_at":"2026-09-10T04:19:37.937Z"}}
FRAME:593:4671b1b5f0e71fd9
{"type":"TASK_STAGED","task":{"task_id":"DIFF-TASK-1001-435","title":"Differential Test Task 435","priority":"P0","working_dir":"C:/Users/lol/2026-workspace/courier/scratch/expedition_test_a/sub1","required_capability":"WORKSPACE_WRITE","version":1,"state":"STAGED"},"passport":{"task_id":"DIFF-TASK-1001-435","task_version":1,"goal_id":"GOAL-CANONICAL","scope_paths":["c:/users/lol/2026-workspace/courier/scratch/expedition_test_a/sub1"],"max_capability":"WORKSPACE_WRITE","signature":"41a572c7b2226d72403b450916730585b527218600a0913c3fb9975fddbaef93","issued_at":"2026-09-10T04:19:37.943Z"}}
FRAME:593:d3c315111a59d7aa
{"type":"TASK_STAGED","task":{"task_id":"DIFF-TASK-1001-436","title":"Differential Test Task 436","priority":"P1","working_dir":"C:/Users/lol/2026-workspace/courier/scratch/expedition_test_a/sub1","required_capability":"WORKSPACE_WRITE","version":1,"state":"STAGED"},"passport":{"task_id":"DIFF-TASK-1001-436","task_version":1,"goal_id":"GOAL-CANONICAL","scope_paths":["c:/users/lol/2026-workspace/courier/scratch/expedition_test_a/sub1"],"max_capability":"WORKSPACE_WRITE","signature":"aa0e2c4f6ffd8941f61e291f855cf6a221deb0909a7574588acfebda72176b6f","issued_at":"2026-09-10T04:19:37.944Z"}}
FRAME:593:733c01fe5d4eadcd
{"type":"TASK_STAGED","task":{"task_id":"DIFF-TASK-1001-437","title":"Differential Test Task 437","priority":"P1","working_dir":"C:/Users/lol/2026-workspace/courier/scratch/expedition_test_b/logs","required_capability":"WORKSPACE_WRITE","version":1,"state":"STAGED"},"passport":{"task_id":"DIFF-TASK-1001-437","task_version":1,"goal_id":"GOAL-CANONICAL","scope_paths":["c:/users/lol/2026-workspace/courier/scratch/expedition_test_b/logs"],"max_capability":"WORKSPACE_WRITE","signature":"250a3c8d1cd1cafb79241b8ea5f47544fa6964537b8e0638a9b85f9a41175da7","issued_at":"2026-09-10T04:19:37.944Z"}}
FRAME:605:1f3b1a7253d3229b
{"type":"TASK_STAGED","task":{"task_id":"DIFF-TASK-1001-438","title":"Differential Test Task 438","priority":"P2","working_dir":"C:/Users/lol/2026-workspace/courier/scratch/expedition_test_c/data/cache","required_capability":"WORKSPACE_WRITE","version":1,"state":"STAGED"},"passport":{"task_id":"DIFF-TASK-1001-438","task_version":1,"goal_id":"GOAL-CANONICAL","scope_paths":["c:/users/lol/2026-workspace/courier/scratch/expedition_test_c/data/cache"],"max_capability":"WORKSPACE_WRITE","signature":"d9a35a6ba58cd16b71c5ab8185607e97bdf882e970feb521ff473a60ea15a12f","issued_at":"2026-09-10T04:19:37.944Z"}}
FRAME:593:fb4d61b76ea1eec0
{"type":"TASK_STAGED","task":{"task_id":"DIFF-TASK-1001-440","title":"Differential Test Task 440","priority":"P1","working_dir":"C:/Users/lol/2026-workspace/courier/scratch/expedition_test_a/sub1","required_capability":"WORKSPACE_WRITE","version":1,"state":"STAGED"},"passport":{"task_id":"DIFF-TASK-1001-440","task_version":1,"goal_id":"GOAL-CANONICAL","scope_paths":["c:/users/lol/2026-workspace/courier/scratch/expedition_test_a/sub1"],"max_capability":"WORKSPACE_WRITE","signature":"9f49afd4f1c4da465fdc1dcaa5b8f01ff4c64c96aa7ac213e09006fe3c1a02a1","issued_at":"2026-09-10T04:19:37.945Z"}}
FRAME:593:305bfcbe54acac7b
{"type":"TASK_STAGED","task":{"task_id":"DIFF-TASK-1001-444","title":"Differential Test Task 444","priority":"P1","working_dir":"C:/Users/lol/2026-workspace/courier/scratch/expedition_test_a/sub1","required_capability":"WORKSPACE_WRITE","version":1,"state":"STAGED"},"passport":{"task_id":"DIFF-TASK-1001-444","task_version":1,"goal_id":"GOAL-CANONICAL","scope_paths":["c:/users/lol/2026-workspace/courier/scratch/expedition_test_a/sub1"],"max_capability":"WORKSPACE_WRITE","signature":"c51b1f26719c4b4fb1461eb0a6879d157cd9163cbe9776f57d3ea6c5dc257940","issued_at":"2026-09-10T04:19:37.951Z"}}
FRAME:583:a558241832828ea8
{"type":"TASK_STAGED","task":{"task_id":"DIFF-TASK-1001-447","title":"Differential Test Task 447","priority":"P1","working_dir":"C:/Users/lol/2026-workspace/courier/scratch/expedition_test_c","required_capability":"WORKSPACE_WRITE","version":1,"state":"STAGED"},"passport":{"task_id":"DIFF-TASK-1001-447","task_version":1,"goal_id":"GOAL-CANONICAL","scope_paths":["c:/users/lol/2026-workspace/courier/scratch/expedition_test_c"],"max_capability":"WORKSPACE_WRITE","signature":"fd7c556090d635a34f8aa100d0b92cddfeb3c6c8b8a2d0f57749d52e64332d13","issued_at":"2026-09-10T04:19:37.954Z"}}
FRAME:593:18de24358f7fb23b
{"type":"TASK_STAGED","task":{"task_id":"DIFF-TASK-1001-448","title":"Differential Test Task 448","priority":"P2","working_dir":"C:/Users/lol/2026-workspace/courier/scratch/expedition_test_a/sub1","required_capability":"WORKSPACE_WRITE","version":1,"state":"STAGED"},"passport":{"task_id":"DIFF-TASK-1001-448","task_version":1,"goal_id":"GOAL-CANONICAL","scope_paths":["c:/users/lol/2026-workspace/courier/scratch/expedition_test_a/sub1"],"max_capability":"WORKSPACE_WRITE","signature":"f18887352ae8d4819a26ea4fd231fe8c20068fd0fccfa8b5682241aa62801908","issued_at":"2026-09-10T04:19:37.954Z"}}
FRAME:605:6d992c7eeb5d0ba7
{"type":"TASK_STAGED","task":{"task_id":"DIFF-TASK-1001-452","title":"Differential Test Task 452","priority":"P1","working_dir":"C:/Users/lol/2026-workspace/courier/scratch/expedition_test_c/data/cache","required_capability":"WORKSPACE_WRITE","version":1,"state":"STAGED"},"passport":{"task_id":"DIFF-TASK-1001-452","task_version":1,"goal_id":"GOAL-CANONICAL","scope_paths":["c:/users/lol/2026-workspace/courier/scratch/expedition_test_c/data/cache"],"max_capability":"WORKSPACE_WRITE","signature":"d1527453bfee46040d63e44b386c9c14ce38fb1aa7016bd2b0d16d3a98aa4151","issued_at":"2026-09-10T04:19:37.962Z"}}
FRAME:593:ae58ef5a950b79b5
{"type":"TASK_STAGED","task":{"task_id":"DIFF-TASK-1001-454","title":"Differential Test Task 454","priority":"P1","working_dir":"C:/Users/lol/2026-workspace/courier/scratch/expedition_test_a/sub1","required_capability":"WORKSPACE_WRITE","version":1,"state":"STAGED"},"passport":{"task_id":"DIFF-TASK-1001-454","task_version":1,"goal_id":"GOAL-CANONICAL","scope_paths":["c:/users/lol/2026-workspace/courier/scratch/expedition_test_a/sub1"],"max_capability":"WORKSPACE_WRITE","signature":"2087f68e302c2f300ce09f9ea255f77d1445759c8af7d1ead7c53a9c6da29bd2","issued_at":"2026-09-10T04:19:37.965Z"}}
FRAME:583:5ecdfe1345ea7846
{"type":"TASK_STAGED","task":{"task_id":"DIFF-TASK-1001-455","title":"Differential Test Task 455","priority":"P1","working_dir":"C:/Users/lol/2026-workspace/courier/scratch/expedition_test_c","required_capability":"WORKSPACE_WRITE","version":1,"state":"STAGED"},"passport":{"task_id":"DIFF-TASK-1001-455","task_version":1,"goal_id":"GOAL-CANONICAL","scope_paths":["c:/users/lol/2026-workspace/courier/scratch/expedition_test_c"],"max_capability":"WORKSPACE_WRITE","signature":"879f8011a2ab501272a54876798e8123afbc7f56b132c759098e6a463aa9594f","issued_at":"2026-09-10T04:19:37.965Z"}}
FRAME:593:0d4a8a1e6a76a79d
{"type":"TASK_STAGED","task":{"task_id":"DIFF-TASK-1001-457","title":"Differential Test Task 457","priority":"P0","working_dir":"C:/Users/lol/2026-workspace/courier/scratch/expedition_test_a/sub1","required_capability":"WORKSPACE_WRITE","version":1,"state":"STAGED"},"passport":{"task_id":"DIFF-TASK-1001-457","task_version":1,"goal_id":"GOAL-CANONICAL","scope_paths":["c:/users/lol/2026-workspace/courier/scratch/expedition_test_a/sub1"],"max_capability":"WORKSPACE_WRITE","signature":"5c583a3baa1b062b4e8ae70e1b71662e092a223b5f4b9ff190e038c3f95e32e0","issued_at":"2026-09-10T04:19:37.968Z"}}
FRAME:583:5ca685e58db26f57
{"type":"TASK_STAGED","task":{"task_id":"DIFF-TASK-1001-459","title":"Differential Test Task 459","priority":"P0","working_dir":"C:/Users/lol/2026-workspace/courier/scratch/expedition_test_b","required_capability":"WORKSPACE_WRITE","version":1,"state":"STAGED"},"passport":{"task_id":"DIFF-TASK-1001-459","task_version":1,"goal_id":"GOAL-CANONICAL","scope_paths":["c:/users/lol/2026-workspace/courier/scratch/expedition_test_b"],"max_capability":"WORKSPACE_WRITE","signature":"7ae28ade353c5bc9e451ba9d05037c2c8cbe0bc906ff1af32376e3799c877519","issued_at":"2026-09-10T04:19:37.968Z"}}
FRAME:583:4f483dfc40a1d5ac
{"type":"TASK_STAGED","task":{"task_id":"DIFF-TASK-1001-461","title":"Differential Test Task 461","priority":"P0","working_dir":"C:/Users/lol/2026-workspace/courier/scratch/expedition_test_b","required_capability":"WORKSPACE_WRITE","version":1,"state":"STAGED"},"passport":{"task_id":"DIFF-TASK-1001-461","task_version":1,"goal_id":"GOAL-CANONICAL","scope_paths":["c:/users/lol/2026-workspace/courier/scratch/expedition_test_b"],"max_capability":"WORKSPACE_WRITE","signature":"037b6fc9974c5ab288c3d1c41e209413cf62df9d672404120bcd7427ca7172dc","issued_at":"2026-09-10T04:19:37.969Z"}}
FRAME:593:affad4af6fa0dd76
{"type":"TASK_STAGED","task":{"task_id":"DIFF-TASK-1001-467","title":"Differential Test Task 467","priority":"P1","working_dir":"C:/Users/lol/2026-workspace/courier/scratch/expedition_test_a/sub1","required_capability":"WORKSPACE_WRITE","version":1,"state":"STAGED"},"passport":{"task_id":"DIFF-TASK-1001-467","task_version":1,"goal_id":"GOAL-CANONICAL","scope_paths":["c:/users/lol/2026-workspace/courier/scratch/expedition_test_a/sub1"],"max_capability":"WORKSPACE_WRITE","signature":"54c804cd5a1318ced85d4e7ede61d641ab2e12eda6eeaeea47c80fe991e78900","issued_at":"2026-09-10T04:19:37.980Z"}}
FRAME:583:d45abdad1e9eb44c
{"type":"TASK_STAGED","task":{"task_id":"DIFF-TASK-1001-468","title":"Differential Test Task 468","priority":"P1","working_dir":"C:/Users/lol/2026-workspace/courier/scratch/expedition_test_a","required_capability":"WORKSPACE_WRITE","version":1,"state":"STAGED"},"passport":{"task_id":"DIFF-TASK-1001-468","task_version":1,"goal_id":"GOAL-CANONICAL","scope_paths":["c:/users/lol/2026-workspace/courier/scratch/expedition_test_a"],"max_capability":"WORKSPACE_WRITE","signature":"4a224e104b70265ee5ff1b8ab018cd6dc820c86963b73a96c2fcab674f5156f7","issued_at":"2026-09-10T04:19:37.980Z"}}
FRAME:583:abb1dafe5eccc8ca
{"type":"TASK_STAGED","task":{"task_id":"DIFF-TASK-1001-470","title":"Differential Test Task 470","priority":"P0","working_dir":"C:/Users/lol/2026-workspace/courier/scratch/expedition_test_a","required_capability":"WORKSPACE_WRITE","version":1,"state":"STAGED"},"passport":{"task_id":"DIFF-TASK-1001-470","task_version":1,"goal_id":"GOAL-CANONICAL","scope_paths":["c:/users/lol/2026-workspace/courier/scratch/expedition_test_a"],"max_capability":"WORKSPACE_WRITE","signature":"61daf49e0874b2bbc0098866aff814cbd9399ffeefb75acdc91cb8c2b43afe7d","issued_at":"2026-09-10T04:19:37.980Z"}}
FRAME:583:50bcb633bddfb1e3
{"type":"TASK_STAGED","task":{"task_id":"DIFF-TASK-1001-474","title":"Differential Test Task 474","priority":"P1","working_dir":"C:/Users/lol/2026-workspace/courier/scratch/expedition_test_b","required_capability":"WORKSPACE_WRITE","version":1,"state":"STAGED"},"passport":{"task_id":"DIFF-TASK-1001-474","task_version":1,"goal_id":"GOAL-CANONICAL","scope_paths":["c:/users/lol/2026-workspace/courier/scratch/expedition_test_b"],"max_capability":"WORKSPACE_WRITE","signature":"05daa9aa19e873fcbe930e3b9ff5037a2da4b583ca6751256a010dcea0f7ddf6","issued_at":"2026-09-10T04:19:37.985Z"}}
FRAME:583:996e7b5d7169b7ed
{"type":"TASK_STAGED","task":{"task_id":"DIFF-TASK-1001-476","title":"Differential Test Task 476","priority":"P2","working_dir":"C:/Users/lol/2026-workspace/courier/scratch/expedition_test_a","required_capability":"WORKSPACE_WRITE","version":1,"state":"STAGED"},"passport":{"task_id":"DIFF-TASK-1001-476","task_version":1,"goal_id":"GOAL-CANONICAL","scope_paths":["c:/users/lol/2026-workspace/courier/scratch/expedition_test_a"],"max_capability":"WORKSPACE_WRITE","signature":"22cd51d7c699748185a0c55b26ab8d0c4b2715d457b65de3a4dcf2fb95ef29bb","issued_at":"2026-09-10T04:19:37.985Z"}}
FRAME:593:b5484dabffcc1d88
{"type":"TASK_STAGED","task":{"task_id":"DIFF-TASK-1001-477","title":"Differential Test Task 477","priority":"P1","working_dir":"C:/Users/lol/2026-workspace/courier/scratch/expedition_test_a/sub1","required_capability":"WORKSPACE_WRITE","version":1,"state":"STAGED"},"passport":{"task_id":"DIFF-TASK-1001-477","task_version":1,"goal_id":"GOAL-CANONICAL","scope_paths":["c:/users/lol/2026-workspace/courier/scratch/expedition_test_a/sub1"],"max_capability":"WORKSPACE_WRITE","signature":"3f23a5570fb97ddf35193356cc0bb72d4fe2f4ac313b4e6bdb35b9db8d72d6d9","issued_at":"2026-09-10T04:19:37.986Z"}}
FRAME:593:2b5aadd4e2a27c7d
{"type":"TASK_STAGED","task":{"task_id":"DIFF-TASK-1001-479","title":"Differential Test Task 479","priority":"P1","working_dir":"C:/Users/lol/2026-workspace/courier/scratch/expedition_test_b/logs","required_capability":"WORKSPACE_WRITE","version":1,"state":"STAGED"},"passport":{"task_id":"DIFF-TASK-1001-479","task_version":1,"goal_id":"GOAL-CANONICAL","scope_paths":["c:/users/lol/2026-workspace/courier/scratch/expedition_test_b/logs"],"max_capability":"WORKSPACE_WRITE","signature":"c8ffdb6fe0aadc71c39832888744a4d888b58ff494089fc7b13f0d4a1d12d1a1","issued_at":"2026-09-10T04:19:37.986Z"}}
FRAME:583:a39c4aea2ad61a7e
{"type":"TASK_STAGED","task":{"task_id":"DIFF-TASK-1001-480","title":"Differential Test Task 480","priority":"P2","working_dir":"C:/Users/lol/2026-workspace/courier/scratch/expedition_test_a","required_capability":"WORKSPACE_WRITE","version":1,"state":"STAGED"},"passport":{"task_id":"DIFF-TASK-1001-480","task_version":1,"goal_id":"GOAL-CANONICAL","scope_paths":["c:/users/lol/2026-workspace/courier/scratch/expedition_test_a"],"max_capability":"WORKSPACE_WRITE","signature":"01959deb66094d55b8a26756da06d8bde100c7afb1e85639c36cf95ca65b7bda","issued_at":"2026-09-10T04:19:37.986Z"}}
FRAME:605:c2ef7d268fc96d85
{"type":"TASK_STAGED","task":{"task_id":"DIFF-TASK-1001-487","title":"Differential Test Task 487","priority":"P2","working_dir":"C:/Users/lol/2026-workspace/courier/scratch/expedition_test_c/data/cache","required_capability":"WORKSPACE_WRITE","version":1,"state":"STAGED"},"passport":{"task_id":"DIFF-TASK-1001-487","task_version":1,"goal_id":"GOAL-CANONICAL","scope_paths":["c:/users/lol/2026-workspace/courier/scratch/expedition_test_c/data/cache"],"max_capability":"WORKSPACE_WRITE","signature":"64640aab0b2dd652dfe18cb17a7b84650d4c7a4e0283bbef084f8034be060eef","issued_at":"2026-09-10T04:19:37.994Z"}}
FRAME:585:d763875758218cfc
{"type":"TASK_STAGED","task":{"task_id":"DIFF-TASK-1001-489","title":"Differential Test Task 489","priority":"P2","working_dir":"C:/Users/lol/2026-workspace/courier/scratch/expedition_test_b/logs","required_capability":"EXTERNAL_FS","version":1,"state":"STAGED"},"passport":{"task_id":"DIFF-TASK-1001-489","task_version":1,"goal_id":"GOAL-CANONICAL","scope_paths":["c:/users/lol/2026-workspace/courier/scratch/expedition_test_b/logs"],"max_capability":"EXTERNAL_FS","signature":"a4522b5f52dac321928e046bad512bf465023a80f872447e0142cce6cde5279c","issued_at":"2026-09-10T04:19:38.000Z"}}
FRAME:583:dea5b046e0051dd7
{"type":"TASK_STAGED","task":{"task_id":"DIFF-TASK-1001-491","title":"Differential Test Task 491","priority":"P1","working_dir":"C:/Users/lol/2026-workspace/courier/scratch/expedition_test_b","required_capability":"WORKSPACE_WRITE","version":1,"state":"STAGED"},"passport":{"task_id":"DIFF-TASK-1001-491","task_version":1,"goal_id":"GOAL-CANONICAL","scope_paths":["c:/users/lol/2026-workspace/courier/scratch/expedition_test_b"],"max_capability":"WORKSPACE_WRITE","signature":"1e715f06951bebae82a1293a17ad869addfb4dab834d1e1260e9e62050b281f0","issued_at":"2026-09-10T04:19:38.001Z"}}
FRAME:593:8b902079e5ea12f5
{"type":"TASK_STAGED","task":{"task_id":"DIFF-TASK-1001-493","title":"Differential Test Task 493","priority":"P1","working_dir":"C:/Users/lol/2026-workspace/courier/scratch/expedition_test_a/sub1","required_capability":"WORKSPACE_WRITE","version":1,"state":"STAGED"},"passport":{"task_id":"DIFF-TASK-1001-493","task_version":1,"goal_id":"GOAL-CANONICAL","scope_paths":["c:/users/lol/2026-workspace/courier/scratch/expedition_test_a/sub1"],"max_capability":"WORKSPACE_WRITE","signature":"da4dcbd0d69d6938fbc324b11b5828a5b5da72435209fadfc63baf01fa7e9934","issued_at":"2026-09-10T04:19:38.005Z"}}
FRAME:575:8bc6722c5c01cbb4
{"type":"TASK_STAGED","task":{"task_id":"DIFF-TASK-1001-494","title":"Differential Test Task 494","priority":"P2","working_dir":"C:/Users/lol/2026-workspace/courier/scratch/expedition_test_a","required_capability":"EXTERNAL_FS","version":1,"state":"STAGED"},"passport":{"task_id":"DIFF-TASK-1001-494","task_version":1,"goal_id":"GOAL-CANONICAL","scope_paths":["c:/users/lol/2026-workspace/courier/scratch/expedition_test_a"],"max_capability":"EXTERNAL_FS","signature":"9ebbec8166f8fd0ef5baf2ed76952bad9169bfd420bdea3fdcf6b8ff015298d7","issued_at":"2026-09-10T04:19:38.005Z"}}
FRAME:575:3786d95badab1243
{"type":"TASK_STAGED","task":{"task_id":"DIFF-TASK-1001-495","title":"Differential Test Task 495","priority":"P2","working_dir":"C:/Users/lol/2026-workspace/courier/scratch/expedition_test_b","required_capability":"EXTERNAL_FS","version":1,"state":"STAGED"},"passport":{"task_id":"DIFF-TASK-1001-495","task_version":1,"goal_id":"GOAL-CANONICAL","scope_paths":["c:/users/lol/2026-workspace/courier/scratch/expedition_test_b"],"max_capability":"EXTERNAL_FS","signature":"0f970c62d09d30b5bd9c7a56cc014fc4c32595ce769977d961b3c14ab41791e6","issued_at":"2026-09-10T04:19:38.005Z"}}
FRAME:583:1f7293d8d8bc63eb
{"type":"TASK_STAGED","task":{"task_id":"DIFF-TASK-1001-497","title":"Differential Test Task 497","priority":"P0","working_dir":"C:/Users/lol/2026-workspace/courier/scratch/expedition_test_b","required_capability":"WORKSPACE_WRITE","version":1,"state":"STAGED"},"passport":{"task_id":"DIFF-TASK-1001-497","task_version":1,"goal_id":"GOAL-CANONICAL","scope_paths":["c:/users/lol/2026-workspace/courier/scratch/expedition_test_b"],"max_capability":"WORKSPACE_WRITE","signature":"34c5bd6023e7b731416b0b032c2d1a124e6a88b3a974b924aff75eb2f09120c6","issued_at":"2026-09-10T04:19:38.005Z"}}
FRAME:605:263171cafe92aca7
{"type":"TASK_STAGED","task":{"task_id":"DIFF-TASK-1001-499","title":"Differential Test Task 499","priority":"P0","working_dir":"C:/Users/lol/2026-workspace/courier/scratch/expedition_test_c/data/cache","required_capability":"WORKSPACE_WRITE","version":1,"state":"STAGED"},"passport":{"task_id":"DIFF-TASK-1001-499","task_version":1,"goal_id":"GOAL-CANONICAL","scope_paths":["c:/users/lol/2026-workspace/courier/scratch/expedition_test_c/data/cache"],"max_capability":"WORKSPACE_WRITE","signature":"55652a7c6d2b7aa099a3b848a99aa79904acb3f6daa515a5a15eae1b804fa21b","issued_at":"2026-09-10T04:19:38.006Z"}}
FRAME:593:9adc7bd7f254fa97
{"type":"TASK_STAGED","task":{"task_id":"DIFF-TASK-1001-503","title":"Differential Test Task 503","priority":"P0","working_dir":"C:/Users/lol/2026-workspace/courier/scratch/expedition_test_b/logs","required_capability":"WORKSPACE_WRITE","version":1,"state":"STAGED"},"passport":{"task_id":"DIFF-TASK-1001-503","task_version":1,"goal_id":"GOAL-CANONICAL","scope_paths":["c:/users/lol/2026-workspace/courier/scratch/expedition_test_b/logs"],"max_capability":"WORKSPACE_WRITE","signature":"9353649da77bb53966466d1394a0ec0614df36499c502b4e8fc216ca42283c0d","issued_at":"2026-09-10T04:19:38.010Z"}}
FRAME:605:2df0682d75625792
{"type":"TASK_STAGED","task":{"task_id":"DIFF-TASK-1001-505","title":"Differential Test Task 505","priority":"P1","working_dir":"C:/Users/lol/2026-workspace/courier/scratch/expedition_test_c/data/cache","required_capability":"WORKSPACE_WRITE","version":1,"state":"STAGED"},"passport":{"task_id":"DIFF-TASK-1001-505","task_version":1,"goal_id":"GOAL-CANONICAL","scope_paths":["c:/users/lol/2026-workspace/courier/scratch/expedition_test_c/data/cache"],"max_capability":"WORKSPACE_WRITE","signature":"4cded74a6903fb9c4348473531e9a48210595149bc16d0686a6aa700bc5d6e98","issued_at":"2026-09-10T04:19:38.013Z"}}
FRAME:593:aef72f5625c4756a
{"type":"TASK_STAGED","task":{"task_id":"DIFF-TASK-1001-506","title":"Differential Test Task 506","priority":"P2","working_dir":"C:/Users/lol/2026-workspace/courier/scratch/expedition_test_b/logs","required_capability":"WORKSPACE_WRITE","version":1,"state":"STAGED"},"passport":{"task_id":"DIFF-TASK-1001-506","task_version":1,"goal_id":"GOAL-CANONICAL","scope_paths":["c:/users/lol/2026-workspace/courier/scratch/expedition_test_b/logs"],"max_capability":"WORKSPACE_WRITE","signature":"192803fbf0c920dd8ba09b08a9dc90566439a1c276e97f9fa5107419b52c1231","issued_at":"2026-09-10T04:19:38.014Z"}}
FRAME:585:2f516d1698b6e7cb
{"type":"TASK_STAGED","task":{"task_id":"DIFF-TASK-1001-509","title":"Differential Test Task 509","priority":"P0","working_dir":"C:/Users/lol/2026-workspace/courier/scratch/expedition_test_a/sub1","required_capability":"EXTERNAL_FS","version":1,"state":"STAGED"},"passport":{"task_id":"DIFF-TASK-1001-509","task_version":1,"goal_id":"GOAL-CANONICAL","scope_paths":["c:/users/lol/2026-workspace/courier/scratch/expedition_test_a/sub1"],"max_capability":"EXTERNAL_FS","signature":"bb4e10006a0f72575e4ec6ed1472fa65f037e1128a9c41db06361e4d60ef6c7e","issued_at":"2026-09-10T04:19:38.020Z"}}
FRAME:605:938f83fe4c416408
{"type":"TASK_STAGED","task":{"task_id":"DIFF-TASK-1001-513","title":"Differential Test Task 513","priority":"P0","working_dir":"C:/Users/lol/2026-workspace/courier/scratch/expedition_test_c/data/cache","required_capability":"WORKSPACE_WRITE","version":1,"state":"STAGED"},"passport":{"task_id":"DIFF-TASK-1001-513","task_version":1,"goal_id":"GOAL-CANONICAL","scope_paths":["c:/users/lol/2026-workspace/courier/scratch/expedition_test_c/data/cache"],"max_capability":"WORKSPACE_WRITE","signature":"d40df33f9011a6e84619e830ed28759acd15df7058ead33ea50363262a988a1f","issued_at":"2026-09-10T04:19:38.027Z"}}
FRAME:583:68fd34be8213681a
{"type":"TASK_STAGED","task":{"task_id":"DIFF-TASK-1001-514","title":"Differential Test Task 514","priority":"P1","working_dir":"C:/Users/lol/2026-workspace/courier/scratch/expedition_test_c","required_capability":"WORKSPACE_WRITE","version":1,"state":"STAGED"},"passport":{"task_id":"DIFF-TASK-1001-514","task_version":1,"goal_id":"GOAL-CANONICAL","scope_paths":["c:/users/lol/2026-workspace/courier/scratch/expedition_test_c"],"max_capability":"WORKSPACE_WRITE","signature":"96a852a4f4b02a0727a840a52c98bf1cecdc5a82e3126f12609d1f25219dc810","issued_at":"2026-09-10T04:19:38.028Z"}}
FRAME:583:710dd89c9c25d98f
{"type":"TASK_STAGED","task":{"task_id":"DIFF-TASK-1001-518","title":"Differential Test Task 518","priority":"P1","working_dir":"C:/Users/lol/2026-workspace/courier/scratch/expedition_test_c","required_capability":"WORKSPACE_WRITE","version":1,"state":"STAGED"},"passport":{"task_id":"DIFF-TASK-1001-518","task_version":1,"goal_id":"GOAL-CANONICAL","scope_paths":["c:/users/lol/2026-workspace/courier/scratch/expedition_test_c"],"max_capability":"WORKSPACE_WRITE","signature":"e47a496d36d9ca3b3c3860cd149cffaff9e70d26f92dc2b15a9060fb62a5f4b4","issued_at":"2026-09-10T04:19:38.037Z"}}
FRAME:583:8de385ebdc3c45d5
{"type":"TASK_STAGED","task":{"task_id":"DIFF-TASK-1001-519","title":"Differential Test Task 519","priority":"P1","working_dir":"C:/Users/lol/2026-workspace/courier/scratch/expedition_test_a","required_capability":"WORKSPACE_WRITE","version":1,"state":"STAGED"},"passport":{"task_id":"DIFF-TASK-1001-519","task_version":1,"goal_id":"GOAL-CANONICAL","scope_paths":["c:/users/lol/2026-workspace/courier/scratch/expedition_test_a"],"max_capability":"WORKSPACE_WRITE","signature":"ebaff8ecaa403b56f2e3e6e9327e86285c17a482c24da9e9608b08406a11fe15","issued_at":"2026-09-10T04:19:38.037Z"}}
FRAME:605:9414c69bf2914b72
{"type":"TASK_STAGED","task":{"task_id":"DIFF-TASK-1001-520","title":"Differential Test Task 520","priority":"P1","working_dir":"C:/Users/lol/2026-workspace/courier/scratch/expedition_test_c/data/cache","required_capability":"WORKSPACE_WRITE","version":1,"state":"STAGED"},"passport":{"task_id":"DIFF-TASK-1001-520","task_version":1,"goal_id":"GOAL-CANONICAL","scope_paths":["c:/users/lol/2026-workspace/courier/scratch/expedition_test_c/data/cache"],"max_capability":"WORKSPACE_WRITE","signature":"bda749f79e517073de33cb429111c264e01b043e4427df6fcad9fa1ea878f815","issued_at":"2026-09-10T04:19:38.037Z"}}
FRAME:583:1f7ccef5fd4e4dde
{"type":"TASK_STAGED","task":{"task_id":"DIFF-TASK-1001-521","title":"Differential Test Task 521","priority":"P1","working_dir":"C:/Users/lol/2026-workspace/courier/scratch/expedition_test_c","required_capability":"WORKSPACE_WRITE","version":1,"state":"STAGED"},"passport":{"task_id":"DIFF-TASK-1001-521","task_version":1,"goal_id":"GOAL-CANONICAL","scope_paths":["c:/users/lol/2026-workspace/courier/scratch/expedition_test_c"],"max_capability":"WORKSPACE_WRITE","signature":"423b9525a9642cf0527f9c0210d04660d84a7473a4567496ad7a3979f74ac8d5","issued_at":"2026-09-10T04:19:38.037Z"}}
FRAME:583:dcb595b882b81494
{"type":"TASK_STAGED","task":{"task_id":"DIFF-TASK-1001-522","title":"Differential Test Task 522","priority":"P1","working_dir":"C:/Users/lol/2026-workspace/courier/scratch/expedition_test_c","required_capability":"WORKSPACE_WRITE","version":1,"state":"STAGED"},"passport":{"task_id":"DIFF-TASK-1001-522","task_version":1,"goal_id":"GOAL-CANONICAL","scope_paths":["c:/users/lol/2026-workspace/courier/scratch/expedition_test_c"],"max_capability":"WORKSPACE_WRITE","signature":"ac65db7b016a3a337fe4713254b2725cb6926b3bcc59a89a7fccd56701777ccd","issued_at":"2026-09-10T04:19:38.038Z"}}
FRAME:583:7758ba3a3bc19bbc
{"type":"TASK_STAGED","task":{"task_id":"DIFF-TASK-1001-525","title":"Differential Test Task 525","priority":"P1","working_dir":"C:/Users/lol/2026-workspace/courier/scratch/expedition_test_c","required_capability":"WORKSPACE_WRITE","version":1,"state":"STAGED"},"passport":{"task_id":"DIFF-TASK-1001-525","task_version":1,"goal_id":"GOAL-CANONICAL","scope_paths":["c:/users/lol/2026-workspace/courier/scratch/expedition_test_c"],"max_capability":"WORKSPACE_WRITE","signature":"3d6e1cd3cabe2f0b020c740d9e44dced5ce572df65a6600b0b56e0d9dbe1daaa","issued_at":"2026-09-10T04:19:38.045Z"}}
FRAME:605:0c2b85c3e2069798
{"type":"TASK_STAGED","task":{"task_id":"DIFF-TASK-1001-526","title":"Differential Test Task 526","priority":"P1","working_dir":"C:/Users/lol/2026-workspace/courier/scratch/expedition_test_c/data/cache","required_capability":"WORKSPACE_WRITE","version":1,"state":"STAGED"},"passport":{"task_id":"DIFF-TASK-1001-526","task_version":1,"goal_id":"GOAL-CANONICAL","scope_paths":["c:/users/lol/2026-workspace/courier/scratch/expedition_test_c/data/cache"],"max_capability":"WORKSPACE_WRITE","signature":"5fe9285d12b163f8be522cbe6e77ebcedd46f9cad4159a82a5cf94e73e2f801b","issued_at":"2026-09-10T04:19:38.046Z"}}
FRAME:597:aabad3bba84dcab2
{"type":"TASK_STAGED","task":{"task_id":"DIFF-TASK-1001-527","title":"Differential Test Task 527","priority":"P1","working_dir":"C:/Users/lol/2026-workspace/courier/scratch/expedition_test_c/data/cache","required_capability":"EXTERNAL_FS","version":1,"state":"STAGED"},"passport":{"task_id":"DIFF-TASK-1001-527","task_version":1,"goal_id":"GOAL-CANONICAL","scope_paths":["c:/users/lol/2026-workspace/courier/scratch/expedition_test_c/data/cache"],"max_capability":"EXTERNAL_FS","signature":"fb0891afaf9aef96089fb0f4cfba9faeeb251eae63f40d0b5b9e5fed37651bcb","issued_at":"2026-09-10T04:19:38.046Z"}}
FRAME:575:78cb416e21aaea8c
{"type":"TASK_STAGED","task":{"task_id":"DIFF-TASK-1001-535","title":"Differential Test Task 535","priority":"P2","working_dir":"C:/Users/lol/2026-workspace/courier/scratch/expedition_test_b","required_capability":"EXTERNAL_FS","version":1,"state":"STAGED"},"passport":{"task_id":"DIFF-TASK-1001-535","task_version":1,"goal_id":"GOAL-CANONICAL","scope_paths":["c:/users/lol/2026-workspace/courier/scratch/expedition_test_b"],"max_capability":"EXTERNAL_FS","signature":"1e3000c3f81d63a6e57f0f044d5b32a1a0b91cccebcd7bfc7886e3ec665f2fbb","issued_at":"2026-09-10T04:19:38.055Z"}}
FRAME:583:e6198c45ec9c2498
{"type":"TASK_STAGED","task":{"task_id":"DIFF-TASK-1001-544","title":"Differential Test Task 544","priority":"P2","working_dir":"C:/Users/lol/2026-workspace/courier/scratch/expedition_test_b","required_capability":"WORKSPACE_WRITE","version":1,"state":"STAGED"},"passport":{"task_id":"DIFF-TASK-1001-544","task_version":1,"goal_id":"GOAL-CANONICAL","scope_paths":["c:/users/lol/2026-workspace/courier/scratch/expedition_test_b"],"max_capability":"WORKSPACE_WRITE","signature":"68f809dc1c1e70183e4c8980290f90e65ae477a3a8efc9cfb0dedca61c282207","issued_at":"2026-09-10T04:19:38.068Z"}}
FRAME:583:0dadd52f4036a59b
{"type":"TASK_STAGED","task":{"task_id":"DIFF-TASK-1001-545","title":"Differential Test Task 545","priority":"P0","working_dir":"C:/Users/lol/2026-workspace/courier/scratch/expedition_test_c","required_capability":"WORKSPACE_WRITE","version":1,"state":"STAGED"},"passport":{"task_id":"DIFF-TASK-1001-545","task_version":1,"goal_id":"GOAL-CANONICAL","scope_paths":["c:/users/lol/2026-workspace/courier/scratch/expedition_test_c"],"max_capability":"WORKSPACE_WRITE","signature":"b7d9e4ab1b6790e7ce0376febb4accdd1cbf71cbc5bda34241a7fa42aa2565b1","issued_at":"2026-09-10T04:19:38.068Z"}}
FRAME:583:799e3595f1cab9ed
{"type":"TASK_STAGED","task":{"task_id":"DIFF-TASK-1001-546","title":"Differential Test Task 546","priority":"P2","working_dir":"C:/Users/lol/2026-workspace/courier/scratch/expedition_test_a","required_capability":"WORKSPACE_WRITE","version":1,"state":"STAGED"},"passport":{"task_id":"DIFF-TASK-1001-546","task_version":1,"goal_id":"GOAL-CANONICAL","scope_paths":["c:/users/lol/2026-workspace/courier/scratch/expedition_test_a"],"max_capability":"WORKSPACE_WRITE","signature":"69df20e132d6db3dec43cbf132786f120e5ed4b92d75b8cad2d55645e4b97821","issued_at":"2026-09-10T04:19:38.069Z"}}
FRAME:605:c3f3f781106824e4
{"type":"TASK_STAGED","task":{"task_id":"DIFF-TASK-1001-550","title":"Differential Test Task 550","priority":"P1","working_dir":"C:/Users/lol/2026-workspace/courier/scratch/expedition_test_c/data/cache","required_capability":"WORKSPACE_WRITE","version":1,"state":"STAGED"},"passport":{"task_id":"DIFF-TASK-1001-550","task_version":1,"goal_id":"GOAL-CANONICAL","scope_paths":["c:/users/lol/2026-workspace/courier/scratch/expedition_test_c/data/cache"],"max_capability":"WORKSPACE_WRITE","signature":"58be78e2e3399a381c564c34922b57627a74a8190cca3a34c43b1344a4f96396","issued_at":"2026-09-10T04:19:38.077Z"}}
FRAME:593:9e3d6d39493b37a1
{"type":"TASK_STAGED","task":{"task_id":"DIFF-TASK-1001-551","title":"Differential Test Task 551","priority":"P2","working_dir":"C:/Users/lol/2026-workspace/courier/scratch/expedition_test_b/logs","required_capability":"WORKSPACE_WRITE","version":1,"state":"STAGED"},"passport":{"task_id":"DIFF-TASK-1001-551","task_version":1,"goal_id":"GOAL-CANONICAL","scope_paths":["c:/users/lol/2026-workspace/courier/scratch/expedition_test_b/logs"],"max_capability":"WORKSPACE_WRITE","signature":"c446f17f0a16a9df649687a2eda46f858e3d5bd76284d6daa210cca667e91bfd","issued_at":"2026-09-10T04:19:38.077Z"}}
FRAME:583:4a1c412c170dc07f
{"type":"TASK_STAGED","task":{"task_id":"DIFF-TASK-1001-552","title":"Differential Test Task 552","priority":"P2","working_dir":"C:/Users/lol/2026-workspace/courier/scratch/expedition_test_b","required_capability":"WORKSPACE_WRITE","version":1,"state":"STAGED"},"passport":{"task_id":"DIFF-TASK-1001-552","task_version":1,"goal_id":"GOAL-CANONICAL","scope_paths":["c:/users/lol/2026-workspace/courier/scratch/expedition_test_b"],"max_capability":"WORKSPACE_WRITE","signature":"4804a9e6e387492643a6f328eb1ed1ffef9e93af490dc829106d3ade95c8a05c","issued_at":"2026-09-10T04:19:38.078Z"}}
FRAME:593:9e9e57bdb27b17e5
{"type":"TASK_STAGED","task":{"task_id":"DIFF-TASK-1001-554","title":"Differential Test Task 554","priority":"P1","working_dir":"C:/Users/lol/2026-workspace/courier/scratch/expedition_test_b/logs","required_capability":"WORKSPACE_WRITE","version":1,"state":"STAGED"},"passport":{"task_id":"DIFF-TASK-1001-554","task_version":1,"goal_id":"GOAL-CANONICAL","scope_paths":["c:/users/lol/2026-workspace/courier/scratch/expedition_test_b/logs"],"max_capability":"WORKSPACE_WRITE","signature":"682eecb4a10566e11ea77d3a085c25f1b003a50b93c0db0e9bc3a0f3242cf25b","issued_at":"2026-09-10T04:19:38.082Z"}}
FRAME:583:3c62ab8b3ede0ee1
{"type":"TASK_STAGED","task":{"task_id":"DIFF-TASK-1001-557","title":"Differential Test Task 557","priority":"P2","working_dir":"C:/Users/lol/2026-workspace/courier/scratch/expedition_test_b","required_capability":"WORKSPACE_WRITE","version":1,"state":"STAGED"},"passport":{"task_id":"DIFF-TASK-1001-557","task_version":1,"goal_id":"GOAL-CANONICAL","scope_paths":["c:/users/lol/2026-workspace/courier/scratch/expedition_test_b"],"max_capability":"WORKSPACE_WRITE","signature":"1172f523773336430c6b56e8e8b9a1d2dc5870eadb4db8bd857ab059db9847c0","issued_at":"2026-09-10T04:19:38.082Z"}}
FRAME:575:c2ca5981c9fee4c2
{"type":"TASK_STAGED","task":{"task_id":"DIFF-TASK-1001-558","title":"Differential Test Task 558","priority":"P1","working_dir":"C:/Users/lol/2026-workspace/courier/scratch/expedition_test_a","required_capability":"EXTERNAL_FS","version":1,"state":"STAGED"},"passport":{"task_id":"DIFF-TASK-1001-558","task_version":1,"goal_id":"GOAL-CANONICAL","scope_paths":["c:/users/lol/2026-workspace/courier/scratch/expedition_test_a"],"max_capability":"EXTERNAL_FS","signature":"b5a4556ee322f7c6663d93b9f1331ec4a2917ac551782bfc668650d1673efeab","issued_at":"2026-09-10T04:19:38.083Z"}}
FRAME:583:40a7c00a6668d172
{"type":"TASK_STAGED","task":{"task_id":"DIFF-TASK-1001-559","title":"Differential Test Task 559","priority":"P1","working_dir":"C:/Users/lol/2026-workspace/courier/scratch/expedition_test_c","required_capability":"WORKSPACE_WRITE","version":1,"state":"STAGED"},"passport":{"task_id":"DIFF-TASK-1001-559","task_version":1,"goal_id":"GOAL-CANONICAL","scope_paths":["c:/users/lol/2026-workspace/courier/scratch/expedition_test_c"],"max_capability":"WORKSPACE_WRITE","signature":"f4ec83624512d0f27334749c638bb90051ea3655b0cf4d04a654702fbb404466","issued_at":"2026-09-10T04:19:38.083Z"}}
FRAME:593:15ebdaead1b6ccfc
{"type":"TASK_STAGED","task":{"task_id":"DIFF-TASK-1001-563","title":"Differential Test Task 563","priority":"P2","working_dir":"C:/Users/lol/2026-workspace/courier/scratch/expedition_test_b/logs","required_capability":"WORKSPACE_WRITE","version":1,"state":"STAGED"},"passport":{"task_id":"DIFF-TASK-1001-563","task_version":1,"goal_id":"GOAL-CANONICAL","scope_paths":["c:/users/lol/2026-workspace/courier/scratch/expedition_test_b/logs"],"max_capability":"WORKSPACE_WRITE","signature":"d6edb1de312e0e6953954c905ace7f84947a99b3b35dcca8100dac68b7f1acd4","issued_at":"2026-09-10T04:19:38.086Z"}}
FRAME:583:cb19a9eb7262406e
{"type":"TASK_STAGED","task":{"task_id":"DIFF-TASK-1001-564","title":"Differential Test Task 564","priority":"P1","working_dir":"C:/Users/lol/2026-workspace/courier/scratch/expedition_test_b","required_capability":"WORKSPACE_WRITE","version":1,"state":"STAGED"},"passport":{"task_id":"DIFF-TASK-1001-564","task_version":1,"goal_id":"GOAL-CANONICAL","scope_paths":["c:/users/lol/2026-workspace/courier/scratch/expedition_test_b"],"max_capability":"WORKSPACE_WRITE","signature":"463812c17a79dba2e73f828eb46285935df7b6fac55e1f1ad6468f8464e96043","issued_at":"2026-09-10T04:19:38.086Z"}}
FRAME:583:0c012958019355c6
{"type":"TASK_STAGED","task":{"task_id":"DIFF-TASK-1001-565","title":"Differential Test Task 565","priority":"P0","working_dir":"C:/Users/lol/2026-workspace/courier/scratch/expedition_test_a","required_capability":"WORKSPACE_WRITE","version":1,"state":"STAGED"},"passport":{"task_id":"DIFF-TASK-1001-565","task_version":1,"goal_id":"GOAL-CANONICAL","scope_paths":["c:/users/lol/2026-workspace/courier/scratch/expedition_test_a"],"max_capability":"WORKSPACE_WRITE","signature":"f99e8050550ffbb46b15543b0a797706e36146131cad203320a5080e47819225","issued_at":"2026-09-10T04:19:38.086Z"}}
FRAME:605:cd07f8067054baf8
{"type":"TASK_STAGED","task":{"task_id":"DIFF-TASK-1001-574","title":"Differential Test Task 574","priority":"P1","working_dir":"C:/Users/lol/2026-workspace/courier/scratch/expedition_test_c/data/cache","required_capability":"WORKSPACE_WRITE","version":1,"state":"STAGED"},"passport":{"task_id":"DIFF-TASK-1001-574","task_version":1,"goal_id":"GOAL-CANONICAL","scope_paths":["c:/users/lol/2026-workspace/courier/scratch/expedition_test_c/data/cache"],"max_capability":"WORKSPACE_WRITE","signature":"ba8f3ed0ff812fb1e175250373c736a12b5cf68e74dbc8c1320eba540a1c5387","issued_at":"2026-09-10T04:19:38.107Z"}}
FRAME:583:cedda0fcc848d416
{"type":"TASK_STAGED","task":{"task_id":"DIFF-TASK-1001-575","title":"Differential Test Task 575","priority":"P0","working_dir":"C:/Users/lol/2026-workspace/courier/scratch/expedition_test_b","required_capability":"WORKSPACE_WRITE","version":1,"state":"STAGED"},"passport":{"task_id":"DIFF-TASK-1001-575","task_version":1,"goal_id":"GOAL-CANONICAL","scope_paths":["c:/users/lol/2026-workspace/courier/scratch/expedition_test_b"],"max_capability":"WORKSPACE_WRITE","signature":"1c89229396c76d0bebd806b6e262ee36c5afce625b866d74c057f329a4bc47d1","issued_at":"2026-09-10T04:19:38.107Z"}}
FRAME:605:114cb2e060c678b0
{"type":"TASK_STAGED","task":{"task_id":"DIFF-TASK-1001-578","title":"Differential Test Task 578","priority":"P2","working_dir":"C:/Users/lol/2026-workspace/courier/scratch/expedition_test_c/data/cache","required_capability":"WORKSPACE_WRITE","version":1,"state":"STAGED"},"passport":{"task_id":"DIFF-TASK-1001-578","task_version":1,"goal_id":"GOAL-CANONICAL","scope_paths":["c:/users/lol/2026-workspace/courier/scratch/expedition_test_c/data/cache"],"max_capability":"WORKSPACE_WRITE","signature":"fa2c071f2c6640b703a6a2536abd4c3d3021172fd9ed2b6eba947b3207961da3","issued_at":"2026-09-10T04:19:38.113Z"}}
FRAME:593:b0d66bdd47d180ec
{"type":"TASK_STAGED","task":{"task_id":"DIFF-TASK-1001-579","title":"Differential Test Task 579","priority":"P1","working_dir":"C:/Users/lol/2026-workspace/courier/scratch/expedition_test_a/sub1","required_capability":"WORKSPACE_WRITE","version":1,"state":"STAGED"},"passport":{"task_id":"DIFF-TASK-1001-579","task_version":1,"goal_id":"GOAL-CANONICAL","scope_paths":["c:/users/lol/2026-workspace/courier/scratch/expedition_test_a/sub1"],"max_capability":"WORKSPACE_WRITE","signature":"8e8fc3da712b7dcb9eb27d571a43d001bb2dc2218fb080391327c8df4a7736c9","issued_at":"2026-09-10T04:19:38.114Z"}}
FRAME:583:d4c54dbc93c1c54f
{"type":"TASK_STAGED","task":{"task_id":"DIFF-TASK-1001-582","title":"Differential Test Task 582","priority":"P1","working_dir":"C:/Users/lol/2026-workspace/courier/scratch/expedition_test_b","required_capability":"WORKSPACE_WRITE","version":1,"state":"STAGED"},"passport":{"task_id":"DIFF-TASK-1001-582","task_version":1,"goal_id":"GOAL-CANONICAL","scope_paths":["c:/users/lol/2026-workspace/courier/scratch/expedition_test_b"],"max_capability":"WORKSPACE_WRITE","signature":"4833328881eb25a5e1e804aa1b98aa5d53fb37ae518eea79fc34b88a70674ab2","issued_at":"2026-09-10T04:19:38.114Z"}}
FRAME:583:c8316448b23a7547
{"type":"TASK_STAGED","task":{"task_id":"DIFF-TASK-1001-589","title":"Differential Test Task 589","priority":"P0","working_dir":"C:/Users/lol/2026-workspace/courier/scratch/expedition_test_c","required_capability":"WORKSPACE_WRITE","version":1,"state":"STAGED"},"passport":{"task_id":"DIFF-TASK-1001-589","task_version":1,"goal_id":"GOAL-CANONICAL","scope_paths":["c:/users/lol/2026-workspace/courier/scratch/expedition_test_c"],"max_capability":"WORKSPACE_WRITE","signature":"ad1faee39901de8560471486699743c452b0f542d5183150c4d80b1111920ce9","issued_at":"2026-09-10T04:19:38.128Z"}}
FRAME:593:8ff438f50b8ce857
{"type":"TASK_STAGED","task":{"task_id":"DIFF-TASK-1001-591","title":"Differential Test Task 591","priority":"P1","working_dir":"C:/Users/lol/2026-workspace/courier/scratch/expedition_test_a/sub1","required_capability":"WORKSPACE_WRITE","version":1,"state":"STAGED"},"passport":{"task_id":"DIFF-TASK-1001-591","task_version":1,"goal_id":"GOAL-CANONICAL","scope_paths":["c:/users/lol/2026-workspace/courier/scratch/expedition_test_a/sub1"],"max_capability":"WORKSPACE_WRITE","signature":"a7103f7e0b86fca1509aee7ce459e91bd9ea1410c260f1aa4f7b55f03ad541a5","issued_at":"2026-09-10T04:19:38.132Z"}}
FRAME:583:85d18ffac521b4f0
{"type":"TASK_STAGED","task":{"task_id":"DIFF-TASK-1001-593","title":"Differential Test Task 593","priority":"P2","working_dir":"C:/Users/lol/2026-workspace/courier/scratch/expedition_test_a","required_capability":"WORKSPACE_WRITE","version":1,"state":"STAGED"},"passport":{"task_id":"DIFF-TASK-1001-593","task_version":1,"goal_id":"GOAL-CANONICAL","scope_paths":["c:/users/lol/2026-workspace/courier/scratch/expedition_test_a"],"max_capability":"WORKSPACE_WRITE","signature":"3d328551fb1b45e45cf08292fe9eab3c739a0f5957f3afc879657e06af34c15a","issued_at":"2026-09-10T04:19:38.132Z"}}
FRAME:575:0c693fbc824a5110
{"type":"TASK_STAGED","task":{"task_id":"DIFF-TASK-1001-595","title":"Differential Test Task 595","priority":"P1","working_dir":"C:/Users/lol/2026-workspace/courier/scratch/expedition_test_c","required_capability":"EXTERNAL_FS","version":1,"state":"STAGED"},"passport":{"task_id":"DIFF-TASK-1001-595","task_version":1,"goal_id":"GOAL-CANONICAL","scope_paths":["c:/users/lol/2026-workspace/courier/scratch/expedition_test_c"],"max_capability":"EXTERNAL_FS","signature":"7d18fcad3039205b9aec187daed3fcd9705406f84411a2cd55ee128d902d5dec","issued_at":"2026-09-10T04:19:38.136Z"}}
FRAME:605:016f4c9fb01d1690
{"type":"TASK_STAGED","task":{"task_id":"DIFF-TASK-1001-596","title":"Differential Test Task 596","priority":"P2","working_dir":"C:/Users/lol/2026-workspace/courier/scratch/expedition_test_c/data/cache","required_capability":"WORKSPACE_WRITE","version":1,"state":"STAGED"},"passport":{"task_id":"DIFF-TASK-1001-596","task_version":1,"goal_id":"GOAL-CANONICAL","scope_paths":["c:/users/lol/2026-workspace/courier/scratch/expedition_test_c/data/cache"],"max_capability":"WORKSPACE_WRITE","signature":"8258179d4950474b426d4f940902c12eaf47fee572ade6f5e5376050c6e9939b","issued_at":"2026-09-10T04:19:38.136Z"}}
FRAME:583:a6b031d4e617981c
{"type":"TASK_STAGED","task":{"task_id":"DIFF-TASK-1001-598","title":"Differential Test Task 598","priority":"P0","working_dir":"C:/Users/lol/2026-workspace/courier/scratch/expedition_test_a","required_capability":"WORKSPACE_WRITE","version":1,"state":"STAGED"},"passport":{"task_id":"DIFF-TASK-1001-598","task_version":1,"goal_id":"GOAL-CANONICAL","scope_paths":["c:/users/lol/2026-workspace/courier/scratch/expedition_test_a"],"max_capability":"WORKSPACE_WRITE","signature":"6dd9e30d1e2589c3fb3a58b9d8c926b1c7e27871c46b90fe9356e8e5b3f1d9d4","issued_at":"2026-09-10T04:19:38.140Z"}}
FRAME:583:252b38358bde6191
{"type":"TASK_STAGED","task":{"task_id":"DIFF-TASK-1001-600","title":"Differential Test Task 600","priority":"P2","working_dir":"C:/Users/lol/2026-workspace/courier/scratch/expedition_test_b","required_capability":"WORKSPACE_WRITE","version":1,"state":"STAGED"},"passport":{"task_id":"DIFF-TASK-1001-600","task_version":1,"goal_id":"GOAL-CANONICAL","scope_paths":["c:/users/lol/2026-workspace/courier/scratch/expedition_test_b"],"max_capability":"WORKSPACE_WRITE","signature":"ecc7ae4f2165bcc3a0197197427843fb2341bb2e5e9552cea307a4c2d28d5ec7","issued_at":"2026-09-10T04:19:38.140Z"}}
FRAME:583:3d18d99d2ddef5d4
{"type":"TASK_STAGED","task":{"task_id":"DIFF-TASK-1001-602","title":"Differential Test Task 602","priority":"P2","working_dir":"C:/Users/lol/2026-workspace/courier/scratch/expedition_test_c","required_capability":"WORKSPACE_WRITE","version":1,"state":"STAGED"},"passport":{"task_id":"DIFF-TASK-1001-602","task_version":1,"goal_id":"GOAL-CANONICAL","scope_paths":["c:/users/lol/2026-workspace/courier/scratch/expedition_test_c"],"max_capability":"WORKSPACE_WRITE","signature":"e8dfad3fbea320dc5bd55f55e0d5bf3c833521e619a12420340f0e8c39f87f36","issued_at":"2026-09-10T04:19:38.145Z"}}
FRAME:583:13c2316af3026379
{"type":"TASK_STAGED","task":{"task_id":"DIFF-TASK-1001-604","title":"Differential Test Task 604","priority":"P2","working_dir":"C:/Users/lol/2026-workspace/courier/scratch/expedition_test_a","required_capability":"WORKSPACE_WRITE","version":1,"state":"STAGED"},"passport":{"task_id":"DIFF-TASK-1001-604","task_version":1,"goal_id":"GOAL-CANONICAL","scope_paths":["c:/users/lol/2026-workspace/courier/scratch/expedition_test_a"],"max_capability":"WORKSPACE_WRITE","signature":"f95b14f69774744cd1c428616f6290d48daa63edf760de0e17ed3348fe59158a","issued_at":"2026-09-10T04:19:38.149Z"}}
FRAME:605:69087c46461a7a97
{"type":"TASK_STAGED","task":{"task_id":"DIFF-TASK-1001-606","title":"Differential Test Task 606","priority":"P1","working_dir":"C:/Users/lol/2026-workspace/courier/scratch/expedition_test_c/data/cache","required_capability":"WORKSPACE_WRITE","version":1,"state":"STAGED"},"passport":{"task_id":"DIFF-TASK-1001-606","task_version":1,"goal_id":"GOAL-CANONICAL","scope_paths":["c:/users/lol/2026-workspace/courier/scratch/expedition_test_c/data/cache"],"max_capability":"WORKSPACE_WRITE","signature":"205fc66b4f29d1de92b74d4b234545d950e3a1c312fe7ffbc669bce4f80edaa0","issued_at":"2026-09-10T04:19:38.152Z"}}
FRAME:593:5907d30c427b3c7b
{"type":"TASK_STAGED","task":{"task_id":"DIFF-TASK-1001-608","title":"Differential Test Task 608","priority":"P2","working_dir":"C:/Users/lol/2026-workspace/courier/scratch/expedition_test_b/logs","required_capability":"WORKSPACE_WRITE","version":1,"state":"STAGED"},"passport":{"task_id":"DIFF-TASK-1001-608","task_version":1,"goal_id":"GOAL-CANONICAL","scope_paths":["c:/users/lol/2026-workspace/courier/scratch/expedition_test_b/logs"],"max_capability":"WORKSPACE_WRITE","signature":"a7ec978b55837f14a49207a4953982ce65c5a0b215a7f24b287297b6bc44e4b3","issued_at":"2026-09-10T04:19:38.153Z"}}
FRAME:593:41bc4f0acc158f3f
{"type":"TASK_STAGED","task":{"task_id":"DIFF-TASK-1001-610","title":"Differential Test Task 610","priority":"P2","working_dir":"C:/Users/lol/2026-workspace/courier/scratch/expedition_test_b/logs","required_capability":"WORKSPACE_WRITE","version":1,"state":"STAGED"},"passport":{"task_id":"DIFF-TASK-1001-610","task_version":1,"goal_id":"GOAL-CANONICAL","scope_paths":["c:/users/lol/2026-workspace/courier/scratch/expedition_test_b/logs"],"max_capability":"WORKSPACE_WRITE","signature":"895d95478e84893aca1cefa3d7418aa206c12a1dfcf4370ed100c581f1d8ca69","issued_at":"2026-09-10T04:19:38.153Z"}}
FRAME:593:f9890a33722c31b0
{"type":"TASK_STAGED","task":{"task_id":"DIFF-TASK-1001-613","title":"Differential Test Task 613","priority":"P2","working_dir":"C:/Users/lol/2026-workspace/courier/scratch/expedition_test_b/logs","required_capability":"WORKSPACE_WRITE","version":1,"state":"STAGED"},"passport":{"task_id":"DIFF-TASK-1001-613","task_version":1,"goal_id":"GOAL-CANONICAL","scope_paths":["c:/users/lol/2026-workspace/courier/scratch/expedition_test_b/logs"],"max_capability":"WORKSPACE_WRITE","signature":"366eb37bd2fc24e82e9f199655a46e50e41501c7463d30cc0289b5fa065bad08","issued_at":"2026-09-10T04:19:38.156Z"}}
FRAME:593:36d7dc323d859bb5
{"type":"TASK_STAGED","task":{"task_id":"DIFF-TASK-1001-616","title":"Differential Test Task 616","priority":"P0","working_dir":"C:/Users/lol/2026-workspace/courier/scratch/expedition_test_a/sub1","required_capability":"WORKSPACE_WRITE","version":1,"state":"STAGED"},"passport":{"task_id":"DIFF-TASK-1001-616","task_version":1,"goal_id":"GOAL-CANONICAL","scope_paths":["c:/users/lol/2026-workspace/courier/scratch/expedition_test_a/sub1"],"max_capability":"WORKSPACE_WRITE","signature":"aa8586ca960eacb5c903fcfbd86ae7564bd055cbafe6a5ffe01908db7fda536a","issued_at":"2026-09-10T04:19:38.162Z"}}
FRAME:605:38c7c56cb752a720
{"type":"TASK_STAGED","task":{"task_id":"DIFF-TASK-1001-618","title":"Differential Test Task 618","priority":"P1","working_dir":"C:/Users/lol/2026-workspace/courier/scratch/expedition_test_c/data/cache","required_capability":"WORKSPACE_WRITE","version":1,"state":"STAGED"},"passport":{"task_id":"DIFF-TASK-1001-618","task_version":1,"goal_id":"GOAL-CANONICAL","scope_paths":["c:/users/lol/2026-workspace/courier/scratch/expedition_test_c/data/cache"],"max_capability":"WORKSPACE_WRITE","signature":"29bb9d088a3cd2be742611f8fab6c7b7a63b8585e5fa82cfeb1dbbf3eb4178fa","issued_at":"2026-09-10T04:19:38.166Z"}}
FRAME:583:0e7a549a7eb36f88
{"type":"TASK_STAGED","task":{"task_id":"DIFF-TASK-1001-619","title":"Differential Test Task 619","priority":"P0","working_dir":"C:/Users/lol/2026-workspace/courier/scratch/expedition_test_a","required_capability":"WORKSPACE_WRITE","version":1,"state":"STAGED"},"passport":{"task_id":"DIFF-TASK-1001-619","task_version":1,"goal_id":"GOAL-CANONICAL","scope_paths":["c:/users/lol/2026-workspace/courier/scratch/expedition_test_a"],"max_capability":"WORKSPACE_WRITE","signature":"f3a37df7d21cafded33e4417e4e75cb148e78529bbd16752da6b1bf9f940197e","issued_at":"2026-09-10T04:19:38.166Z"}}
FRAME:583:43d4ff9e59247b9a
{"type":"TASK_STAGED","task":{"task_id":"DIFF-TASK-1001-622","title":"Differential Test Task 622","priority":"P2","working_dir":"C:/Users/lol/2026-workspace/courier/scratch/expedition_test_b","required_capability":"WORKSPACE_WRITE","version":1,"state":"STAGED"},"passport":{"task_id":"DIFF-TASK-1001-622","task_version":1,"goal_id":"GOAL-CANONICAL","scope_paths":["c:/users/lol/2026-workspace/courier/scratch/expedition_test_b"],"max_capability":"WORKSPACE_WRITE","signature":"c04cdb9f5d96e0f1502cd46f8b3818741d6bd39bab18f975cf001fe26a0c9a88","issued_at":"2026-09-10T04:19:38.172Z"}}
FRAME:605:39929c9e8e36552d
{"type":"TASK_STAGED","task":{"task_id":"DIFF-TASK-1001-624","title":"Differential Test Task 624","priority":"P1","working_dir":"C:/Users/lol/2026-workspace/courier/scratch/expedition_test_c/data/cache","required_capability":"WORKSPACE_WRITE","version":1,"state":"STAGED"},"passport":{"task_id":"DIFF-TASK-1001-624","task_version":1,"goal_id":"GOAL-CANONICAL","scope_paths":["c:/users/lol/2026-workspace/courier/scratch/expedition_test_c/data/cache"],"max_capability":"WORKSPACE_WRITE","signature":"303e095045eebbb7d46861be12be5dff0eedca1541b85a8a350b9e93df5c6f9a","issued_at":"2026-09-10T04:19:38.177Z"}}
FRAME:583:3be77fd8b089a554
{"type":"TASK_STAGED","task":{"task_id":"DIFF-TASK-1001-627","title":"Differential Test Task 627","priority":"P1","working_dir":"C:/Users/lol/2026-workspace/courier/scratch/expedition_test_a","required_capability":"WORKSPACE_WRITE","version":1,"state":"STAGED"},"passport":{"task_id":"DIFF-TASK-1001-627","task_version":1,"goal_id":"GOAL-CANONICAL","scope_paths":["c:/users/lol/2026-workspace/courier/scratch/expedition_test_a"],"max_capability":"WORKSPACE_WRITE","signature":"392846a79dbfa91fc9ed040889a1f3d9fea242abd14877ae3248745ad1ba8af2","issued_at":"2026-09-10T04:19:38.181Z"}}
FRAME:593:2e90431bfe5942bf
{"type":"TASK_STAGED","task":{"task_id":"DIFF-TASK-1001-628","title":"Differential Test Task 628","priority":"P0","working_dir":"C:/Users/lol/2026-workspace/courier/scratch/expedition_test_b/logs","required_capability":"WORKSPACE_WRITE","version":1,"state":"STAGED"},"passport":{"task_id":"DIFF-TASK-1001-628","task_version":1,"goal_id":"GOAL-CANONICAL","scope_paths":["c:/users/lol/2026-workspace/courier/scratch/expedition_test_b/logs"],"max_capability":"WORKSPACE_WRITE","signature":"d67f77ca2f9ad458ece7dc54a596b4f3ae0f0635ab61a6029f1906b79194fcea","issued_at":"2026-09-10T04:19:38.182Z"}}
FRAME:593:776042cdabeb6bdc
{"type":"TASK_STAGED","task":{"task_id":"DIFF-TASK-1001-629","title":"Differential Test Task 629","priority":"P1","working_dir":"C:/Users/lol/2026-workspace/courier/scratch/expedition_test_b/logs","required_capability":"WORKSPACE_WRITE","version":1,"state":"STAGED"},"passport":{"task_id":"DIFF-TASK-1001-629","task_version":1,"goal_id":"GOAL-CANONICAL","scope_paths":["c:/users/lol/2026-workspace/courier/scratch/expedition_test_b/logs"],"max_capability":"WORKSPACE_WRITE","signature":"7163bdd4a7e21f55a79a04fd1130b8873ba67dad6acca5d401d03b10ab385f29","issued_at":"2026-09-10T04:19:38.182Z"}}
FRAME:583:35e1fc83acecd10e
{"type":"TASK_STAGED","task":{"task_id":"DIFF-TASK-1001-630","title":"Differential Test Task 630","priority":"P2","working_dir":"C:/Users/lol/2026-workspace/courier/scratch/expedition_test_b","required_capability":"WORKSPACE_WRITE","version":1,"state":"STAGED"},"passport":{"task_id":"DIFF-TASK-1001-630","task_version":1,"goal_id":"GOAL-CANONICAL","scope_paths":["c:/users/lol/2026-workspace/courier/scratch/expedition_test_b"],"max_capability":"WORKSPACE_WRITE","signature":"3bfd8e6eef4ff3389762a5ad82838d8fe29634ca4486a42e84d888594cb34640","issued_at":"2026-09-10T04:19:38.182Z"}}
FRAME:605:a2d1116ca50be57f
{"type":"TASK_STAGED","task":{"task_id":"DIFF-TASK-1001-631","title":"Differential Test Task 631","priority":"P1","working_dir":"C:/Users/lol/2026-workspace/courier/scratch/expedition_test_c/data/cache","required_capability":"WORKSPACE_WRITE","version":1,"state":"STAGED"},"passport":{"task_id":"DIFF-TASK-1001-631","task_version":1,"goal_id":"GOAL-CANONICAL","scope_paths":["c:/users/lol/2026-workspace/courier/scratch/expedition_test_c/data/cache"],"max_capability":"WORKSPACE_WRITE","signature":"032582f49f75c7fbdb1b463d13da99b2424c196468b6f239b741d22bcb1ff126","issued_at":"2026-09-10T04:19:38.182Z"}}
FRAME:585:eb90edcda6209e1e
{"type":"TASK_STAGED","task":{"task_id":"DIFF-TASK-1001-632","title":"Differential Test Task 632","priority":"P1","working_dir":"C:/Users/lol/2026-workspace/courier/scratch/expedition_test_b/logs","required_capability":"EXTERNAL_FS","version":1,"state":"STAGED"},"passport":{"task_id":"DIFF-TASK-1001-632","task_version":1,"goal_id":"GOAL-CANONICAL","scope_paths":["c:/users/lol/2026-workspace/courier/scratch/expedition_test_b/logs"],"max_capability":"EXTERNAL_FS","signature":"04d7691cfb3203688a65f8772f9d46c91aed53407e1cb5e7a559938f418fe9d5","issued_at":"2026-09-10T04:19:38.183Z"}}
FRAME:593:18e7bb3cd347c5d5
{"type":"TASK_STAGED","task":{"task_id":"DIFF-TASK-1001-634","title":"Differential Test Task 634","priority":"P1","working_dir":"C:/Users/lol/2026-workspace/courier/scratch/expedition_test_a/sub1","required_capability":"WORKSPACE_WRITE","version":1,"state":"STAGED"},"passport":{"task_id":"DIFF-TASK-1001-634","task_version":1,"goal_id":"GOAL-CANONICAL","scope_paths":["c:/users/lol/2026-workspace/courier/scratch/expedition_test_a/sub1"],"max_capability":"WORKSPACE_WRITE","signature":"07be028ce287e8bcebdb494617d8446ac83ab2a5432264e58b6b86f87764f7ca","issued_at":"2026-09-10T04:19:38.183Z"}}
FRAME:583:2de11b2ea5f7822d
{"type":"TASK_STAGED","task":{"task_id":"DIFF-TASK-1001-635","title":"Differential Test Task 635","priority":"P1","working_dir":"C:/Users/lol/2026-workspace/courier/scratch/expedition_test_b","required_capability":"WORKSPACE_WRITE","version":1,"state":"STAGED"},"passport":{"task_id":"DIFF-TASK-1001-635","task_version":1,"goal_id":"GOAL-CANONICAL","scope_paths":["c:/users/lol/2026-workspace/courier/scratch/expedition_test_b"],"max_capability":"WORKSPACE_WRITE","signature":"6b16450222ea1e5488d85b19a8143124ccfb11a840572ed9c29a16843ad520c6","issued_at":"2026-09-10T04:19:38.183Z"}}
FRAME:583:a5ecf94552e18ef5
{"type":"TASK_STAGED","task":{"task_id":"DIFF-TASK-1001-637","title":"Differential Test Task 637","priority":"P1","working_dir":"C:/Users/lol/2026-workspace/courier/scratch/expedition_test_a","required_capability":"WORKSPACE_WRITE","version":1,"state":"STAGED"},"passport":{"task_id":"DIFF-TASK-1001-637","task_version":1,"goal_id":"GOAL-CANONICAL","scope_paths":["c:/users/lol/2026-workspace/courier/scratch/expedition_test_a"],"max_capability":"WORKSPACE_WRITE","signature":"819634c251863507559f65fa66fb48842b6a0cd6af26daf598ca3f9bc478b27e","issued_at":"2026-09-10T04:19:38.186Z"}}
FRAME:605:99d7e0a8b23d4840
{"type":"TASK_STAGED","task":{"task_id":"DIFF-TASK-1001-642","title":"Differential Test Task 642","priority":"P1","working_dir":"C:/Users/lol/2026-workspace/courier/scratch/expedition_test_c/data/cache","required_capability":"WORKSPACE_WRITE","version":1,"state":"STAGED"},"passport":{"task_id":"DIFF-TASK-1001-642","task_version":1,"goal_id":"GOAL-CANONICAL","scope_paths":["c:/users/lol/2026-workspace/courier/scratch/expedition_test_c/data/cache"],"max_capability":"WORKSPACE_WRITE","signature":"540a28775a9f5a841186f3fb23d87f1ac74593e04f5ded0f20b2ff4ea85466cf","issued_at":"2026-09-10T04:19:38.199Z"}}
FRAME:605:e50eb3fd13b2fd1d
{"type":"TASK_STAGED","task":{"task_id":"DIFF-TASK-1001-643","title":"Differential Test Task 643","priority":"P1","working_dir":"C:/Users/lol/2026-workspace/courier/scratch/expedition_test_c/data/cache","required_capability":"WORKSPACE_WRITE","version":1,"state":"STAGED"},"passport":{"task_id":"DIFF-TASK-1001-643","task_version":1,"goal_id":"GOAL-CANONICAL","scope_paths":["c:/users/lol/2026-workspace/courier/scratch/expedition_test_c/data/cache"],"max_capability":"WORKSPACE_WRITE","signature":"ece84149f5b2ce081305559daed241a9a8c675149ebd35ca90449e99e7f02fe2","issued_at":"2026-09-10T04:19:38.199Z"}}
FRAME:593:9d8e6f3ed4c53b52
{"type":"TASK_STAGED","task":{"task_id":"DIFF-TASK-1001-646","title":"Differential Test Task 646","priority":"P0","working_dir":"C:/Users/lol/2026-workspace/courier/scratch/expedition_test_a/sub1","required_capability":"WORKSPACE_WRITE","version":1,"state":"STAGED"},"passport":{"task_id":"DIFF-TASK-1001-646","task_version":1,"goal_id":"GOAL-CANONICAL","scope_paths":["c:/users/lol/2026-workspace/courier/scratch/expedition_test_a/sub1"],"max_capability":"WORKSPACE_WRITE","signature":"f5ea5d2b7768e81d777233635de036fb74f060a47f67d321c13ae17588c59312","issued_at":"2026-09-10T04:19:38.203Z"}}
FRAME:583:07ed87125b6ae797
{"type":"TASK_STAGED","task":{"task_id":"DIFF-TASK-1001-647","title":"Differential Test Task 647","priority":"P1","working_dir":"C:/Users/lol/2026-workspace/courier/scratch/expedition_test_c","required_capability":"WORKSPACE_WRITE","version":1,"state":"STAGED"},"passport":{"task_id":"DIFF-TASK-1001-647","task_version":1,"goal_id":"GOAL-CANONICAL","scope_paths":["c:/users/lol/2026-workspace/courier/scratch/expedition_test_c"],"max_capability":"WORKSPACE_WRITE","signature":"e2bf4d5d023b1ad04b4795026e226b3952c97cc29d09b55d5a882b169a0b3c3d","issued_at":"2026-09-10T04:19:38.203Z"}}
FRAME:585:1df35c7b9d189a4c
{"type":"TASK_STAGED","task":{"task_id":"DIFF-TASK-1001-649","title":"Differential Test Task 649","priority":"P1","working_dir":"C:/Users/lol/2026-workspace/courier/scratch/expedition_test_b/logs","required_capability":"EXTERNAL_FS","version":1,"state":"STAGED"},"passport":{"task_id":"DIFF-TASK-1001-649","task_version":1,"goal_id":"GOAL-CANONICAL","scope_paths":["c:/users/lol/2026-workspace/courier/scratch/expedition_test_b/logs"],"max_capability":"EXTERNAL_FS","signature":"0eaa127e4cf5da0d3224df41ec06644426661ee6b3bd3e8a1fe2f41757dd1b70","issued_at":"2026-09-10T04:19:38.206Z"}}
FRAME:583:81aee685f0df9074
{"type":"TASK_STAGED","task":{"task_id":"DIFF-TASK-1001-651","title":"Differential Test Task 651","priority":"P1","working_dir":"C:/Users/lol/2026-workspace/courier/scratch/expedition_test_a","required_capability":"WORKSPACE_WRITE","version":1,"state":"STAGED"},"passport":{"task_id":"DIFF-TASK-1001-651","task_version":1,"goal_id":"GOAL-CANONICAL","scope_paths":["c:/users/lol/2026-workspace/courier/scratch/expedition_test_a"],"max_capability":"WORKSPACE_WRITE","signature":"1f23757beafa913ec69ececbea76e2fb2d4097fd3ab002e8591badbf42974d9a","issued_at":"2026-09-10T04:19:38.207Z"}}
FRAME:593:15567f204aae17ee
{"type":"TASK_STAGED","task":{"task_id":"DIFF-TASK-1001-652","title":"Differential Test Task 652","priority":"P2","working_dir":"C:/Users/lol/2026-workspace/courier/scratch/expedition_test_a/sub1","required_capability":"WORKSPACE_WRITE","version":1,"state":"STAGED"},"passport":{"task_id":"DIFF-TASK-1001-652","task_version":1,"goal_id":"GOAL-CANONICAL","scope_paths":["c:/users/lol/2026-workspace/courier/scratch/expedition_test_a/sub1"],"max_capability":"WORKSPACE_WRITE","signature":"291466f8cb6a22fe410660ba88e840c8321406c053aea5721563557077c415fe","issued_at":"2026-09-10T04:19:38.207Z"}}
FRAME:583:5c708c886f95e241
{"type":"TASK_STAGED","task":{"task_id":"DIFF-TASK-1001-654","title":"Differential Test Task 654","priority":"P1","working_dir":"C:/Users/lol/2026-workspace/courier/scratch/expedition_test_b","required_capability":"WORKSPACE_WRITE","version":1,"state":"STAGED"},"passport":{"task_id":"DIFF-TASK-1001-654","task_version":1,"goal_id":"GOAL-CANONICAL","scope_paths":["c:/users/lol/2026-workspace/courier/scratch/expedition_test_b"],"max_capability":"WORKSPACE_WRITE","signature":"b6cb007de9cb3282730c694ff8f27a66cc3eafdf70b299add1377ee9ad64a616","issued_at":"2026-09-10T04:19:38.207Z"}}
FRAME:583:270e1c75b6121522
{"type":"TASK_STAGED","task":{"task_id":"DIFF-TASK-1001-657","title":"Differential Test Task 657","priority":"P1","working_dir":"C:/Users/lol/2026-workspace/courier/scratch/expedition_test_c","required_capability":"WORKSPACE_WRITE","version":1,"state":"STAGED"},"passport":{"task_id":"DIFF-TASK-1001-657","task_version":1,"goal_id":"GOAL-CANONICAL","scope_paths":["c:/users/lol/2026-workspace/courier/scratch/expedition_test_c"],"max_capability":"WORKSPACE_WRITE","signature":"8e69ef94c648d1e8874853b8f43099ff86a1e2614e7a22b0b921ce491411354c","issued_at":"2026-09-10T04:19:38.217Z"}}
FRAME:597:b91ed60afa9fa0bc
{"type":"TASK_STAGED","task":{"task_id":"DIFF-TASK-1001-660","title":"Differential Test Task 660","priority":"P1","working_dir":"C:/Users/lol/2026-workspace/courier/scratch/expedition_test_c/data/cache","required_capability":"EXTERNAL_FS","version":1,"state":"STAGED"},"passport":{"task_id":"DIFF-TASK-1001-660","task_version":1,"goal_id":"GOAL-CANONICAL","scope_paths":["c:/users/lol/2026-workspace/courier/scratch/expedition_test_c/data/cache"],"max_capability":"EXTERNAL_FS","signature":"093a7f02a69953dcf609740b17bbe9df0d95b57e0f1e3a5160654efdce16995d","issued_at":"2026-09-10T04:19:38.225Z"}}
FRAME:597:4f1c51325b3573cc
{"type":"TASK_STAGED","task":{"task_id":"DIFF-TASK-1001-661","title":"Differential Test Task 661","priority":"P0","working_dir":"C:/Users/lol/2026-workspace/courier/scratch/expedition_test_c/data/cache","required_capability":"EXTERNAL_FS","version":1,"state":"STAGED"},"passport":{"task_id":"DIFF-TASK-1001-661","task_version":1,"goal_id":"GOAL-CANONICAL","scope_paths":["c:/users/lol/2026-workspace/courier/scratch/expedition_test_c/data/cache"],"max_capability":"EXTERNAL_FS","signature":"3cf97715eb2ff73dc50118bdc684e388b726e258f2ff037f3caa354b54c57087","issued_at":"2026-09-10T04:19:38.226Z"}}
FRAME:575:2dc890eeb283357e
{"type":"TASK_STAGED","task":{"task_id":"DIFF-TASK-1001-668","title":"Differential Test Task 668","priority":"P1","working_dir":"C:/Users/lol/2026-workspace/courier/scratch/expedition_test_b","required_capability":"EXTERNAL_FS","version":1,"state":"STAGED"},"passport":{"task_id":"DIFF-TASK-1001-668","task_version":1,"goal_id":"GOAL-CANONICAL","scope_paths":["c:/users/lol/2026-workspace/courier/scratch/expedition_test_b"],"max_capability":"EXTERNAL_FS","signature":"0b84f4232a0d0d705f7475707febd0d8ff39de266294f45ec6bdd301629931c7","issued_at":"2026-09-10T04:19:38.238Z"}}
FRAME:605:f841343de5a10963
{"type":"TASK_STAGED","task":{"task_id":"DIFF-TASK-1001-670","title":"Differential Test Task 670","priority":"P0","working_dir":"C:/Users/lol/2026-workspace/courier/scratch/expedition_test_c/data/cache","required_capability":"WORKSPACE_WRITE","version":1,"state":"STAGED"},"passport":{"task_id":"DIFF-TASK-1001-670","task_version":1,"goal_id":"GOAL-CANONICAL","scope_paths":["c:/users/lol/2026-workspace/courier/scratch/expedition_test_c/data/cache"],"max_capability":"WORKSPACE_WRITE","signature":"162ddff76638959700d5f00b803849730d1e79ea75bc184238da4bb5d302f707","issued_at":"2026-09-10T04:19:38.243Z"}}
FRAME:597:b6d2898515cbec5e
{"type":"TASK_STAGED","task":{"task_id":"DIFF-TASK-1001-671","title":"Differential Test Task 671","priority":"P0","working_dir":"C:/Users/lol/2026-workspace/courier/scratch/expedition_test_c/data/cache","required_capability":"EXTERNAL_FS","version":1,"state":"STAGED"},"passport":{"task_id":"DIFF-TASK-1001-671","task_version":1,"goal_id":"GOAL-CANONICAL","scope_paths":["c:/users/lol/2026-workspace/courier/scratch/expedition_test_c/data/cache"],"max_capability":"EXTERNAL_FS","signature":"6512bf56e726dfd1ad966da077aac30f031661ae68b1629bf48e4dc5125268cc","issued_at":"2026-09-10T04:19:38.244Z"}}
FRAME:583:2e3e855b3ab46757
{"type":"TASK_STAGED","task":{"task_id":"DIFF-TASK-1001-674","title":"Differential Test Task 674","priority":"P0","working_dir":"C:/Users/lol/2026-workspace/courier/scratch/expedition_test_c","required_capability":"WORKSPACE_WRITE","version":1,"state":"STAGED"},"passport":{"task_id":"DIFF-TASK-1001-674","task_version":1,"goal_id":"GOAL-CANONICAL","scope_paths":["c:/users/lol/2026-workspace/courier/scratch/expedition_test_c"],"max_capability":"WORKSPACE_WRITE","signature":"79334cd8331c5ee81497f299eca835c63330acf76ca275e2748faaee1da104e4","issued_at":"2026-09-10T04:19:38.248Z"}}
FRAME:593:1f5cb8dd7cca970b
{"type":"TASK_STAGED","task":{"task_id":"DIFF-TASK-1001-681","title":"Differential Test Task 681","priority":"P0","working_dir":"C:/Users/lol/2026-workspace/courier/scratch/expedition_test_a/sub1","required_capability":"WORKSPACE_WRITE","version":1,"state":"STAGED"},"passport":{"task_id":"DIFF-TASK-1001-681","task_version":1,"goal_id":"GOAL-CANONICAL","scope_paths":["c:/users/lol/2026-workspace/courier/scratch/expedition_test_a/sub1"],"max_capability":"WORKSPACE_WRITE","signature":"044173e6f444677752449d0078f9e5ee122852db92231be53e49b0bde8ff2a61","issued_at":"2026-09-10T04:19:38.261Z"}}
FRAME:593:80656ba8d7403f1d
{"type":"TASK_STAGED","task":{"task_id":"DIFF-TASK-1001-685","title":"Differential Test Task 685","priority":"P1","working_dir":"C:/Users/lol/2026-workspace/courier/scratch/expedition_test_b/logs","required_capability":"WORKSPACE_WRITE","version":1,"state":"STAGED"},"passport":{"task_id":"DIFF-TASK-1001-685","task_version":1,"goal_id":"GOAL-CANONICAL","scope_paths":["c:/users/lol/2026-workspace/courier/scratch/expedition_test_b/logs"],"max_capability":"WORKSPACE_WRITE","signature":"820aaeb71440c47e5a0857fe6dbcf02e1435af4c92460b0b8fecce544169b705","issued_at":"2026-09-10T04:19:38.265Z"}}
FRAME:583:a4b09dfb45024830
{"type":"TASK_STAGED","task":{"task_id":"DIFF-TASK-1001-689","title":"Differential Test Task 689","priority":"P2","working_dir":"C:/Users/lol/2026-workspace/courier/scratch/expedition_test_b","required_capability":"WORKSPACE_WRITE","version":1,"state":"STAGED"},"passport":{"task_id":"DIFF-TASK-1001-689","task_version":1,"goal_id":"GOAL-CANONICAL","scope_paths":["c:/users/lol/2026-workspace/courier/scratch/expedition_test_b"],"max_capability":"WORKSPACE_WRITE","signature":"c6c4f0e925d87a0db8f811fb48b1211fd14559909591daa4a19ecbff5150e347","issued_at":"2026-09-10T04:19:38.273Z"}}
FRAME:593:326081a8e9054b67
{"type":"TASK_STAGED","task":{"task_id":"DIFF-TASK-1001-692","title":"Differential Test Task 692","priority":"P2","working_dir":"C:/Users/lol/2026-workspace/courier/scratch/expedition_test_b/logs","required_capability":"WORKSPACE_WRITE","version":1,"state":"STAGED"},"passport":{"task_id":"DIFF-TASK-1001-692","task_version":1,"goal_id":"GOAL-CANONICAL","scope_paths":["c:/users/lol/2026-workspace/courier/scratch/expedition_test_b/logs"],"max_capability":"WORKSPACE_WRITE","signature":"dc054df777b2d1e37526f92b50d324f2c4c916730d7ffb75d3b25e89be38c0d9","issued_at":"2026-09-10T04:19:38.273Z"}}
FRAME:605:fb7cdbdb43d8e52f
{"type":"TASK_STAGED","task":{"task_id":"DIFF-TASK-1001-695","title":"Differential Test Task 695","priority":"P1","working_dir":"C:/Users/lol/2026-workspace/courier/scratch/expedition_test_c/data/cache","required_capability":"WORKSPACE_WRITE","version":1,"state":"STAGED"},"passport":{"task_id":"DIFF-TASK-1001-695","task_version":1,"goal_id":"GOAL-CANONICAL","scope_paths":["c:/users/lol/2026-workspace/courier/scratch/expedition_test_c/data/cache"],"max_capability":"WORKSPACE_WRITE","signature":"e1354e40e0ff17ff2f639b89f9f173279b60208a5774e17dbd42bca6fbd76929","issued_at":"2026-09-10T04:19:38.279Z"}}
FRAME:583:b1c4a67b9bd67ec3
{"type":"TASK_STAGED","task":{"task_id":"DIFF-TASK-1001-696","title":"Differential Test Task 696","priority":"P2","working_dir":"C:/Users/lol/2026-workspace/courier/scratch/expedition_test_c","required_capability":"WORKSPACE_WRITE","version":1,"state":"STAGED"},"passport":{"task_id":"DIFF-TASK-1001-696","task_version":1,"goal_id":"GOAL-CANONICAL","scope_paths":["c:/users/lol/2026-workspace/courier/scratch/expedition_test_c"],"max_capability":"WORKSPACE_WRITE","signature":"6d99f5f165f39364653f1a0d73aef04c7cd738ca702f900e1e86ed094f294e96","issued_at":"2026-09-10T04:19:38.279Z"}}
FRAME:583:8fb82355c754ade0
{"type":"TASK_STAGED","task":{"task_id":"DIFF-TASK-1001-700","title":"Differential Test Task 700","priority":"P1","working_dir":"C:/Users/lol/2026-workspace/courier/scratch/expedition_test_b","required_capability":"WORKSPACE_WRITE","version":1,"state":"STAGED"},"passport":{"task_id":"DIFF-TASK-1001-700","task_version":1,"goal_id":"GOAL-CANONICAL","scope_paths":["c:/users/lol/2026-workspace/courier/scratch/expedition_test_b"],"max_capability":"WORKSPACE_WRITE","signature":"cc78438884333b02cbbba96afd867988978ad4d426407bf31c2eb28d9fa436cc","issued_at":"2026-09-10T04:19:38.283Z"}}
FRAME:597:dcc917146b08e184
{"type":"TASK_STAGED","task":{"task_id":"DIFF-TASK-1001-701","title":"Differential Test Task 701","priority":"P1","working_dir":"C:/Users/lol/2026-workspace/courier/scratch/expedition_test_c/data/cache","required_capability":"EXTERNAL_FS","version":1,"state":"STAGED"},"passport":{"task_id":"DIFF-TASK-1001-701","task_version":1,"goal_id":"GOAL-CANONICAL","scope_paths":["c:/users/lol/2026-workspace/courier/scratch/expedition_test_c/data/cache"],"max_capability":"EXTERNAL_FS","signature":"8f03654a285a30eab7553b748702ff1c17a107874c875cdfb7e3b29f21eb4e19","issued_at":"2026-09-10T04:19:38.284Z"}}
FRAME:583:10d641607f958889
{"type":"TASK_STAGED","task":{"task_id":"DIFF-TASK-1001-702","title":"Differential Test Task 702","priority":"P1","working_dir":"C:/Users/lol/2026-workspace/courier/scratch/expedition_test_b","required_capability":"WORKSPACE_WRITE","version":1,"state":"STAGED"},"passport":{"task_id":"DIFF-TASK-1001-702","task_version":1,"goal_id":"GOAL-CANONICAL","scope_paths":["c:/users/lol/2026-workspace/courier/scratch/expedition_test_b"],"max_capability":"WORKSPACE_WRITE","signature":"54dc6290d4549e55a2a189a70e5870f45adaea325bc16877d38ea6ecc501f40e","issued_at":"2026-09-10T04:19:38.284Z"}}
FRAME:583:94e47ca762a0defd
{"type":"TASK_STAGED","task":{"task_id":"DIFF-TASK-1001-704","title":"Differential Test Task 704","priority":"P1","working_dir":"C:/Users/lol/2026-workspace/courier/scratch/expedition_test_c","required_capability":"WORKSPACE_WRITE","version":1,"state":"STAGED"},"passport":{"task_id":"DIFF-TASK-1001-704","task_version":1,"goal_id":"GOAL-CANONICAL","scope_paths":["c:/users/lol/2026-workspace/courier/scratch/expedition_test_c"],"max_capability":"WORKSPACE_WRITE","signature":"b9ec9c94d40dc0ff7456f2edbf5ac96535aef647160ac51fdd40e1c1e81c3e7e","issued_at":"2026-09-10T04:19:38.288Z"}}
FRAME:593:2f5008acb12bfc16
{"type":"TASK_STAGED","task":{"task_id":"DIFF-TASK-1001-705","title":"Differential Test Task 705","priority":"P1","working_dir":"C:/Users/lol/2026-workspace/courier/scratch/expedition_test_b/logs","required_capability":"WORKSPACE_WRITE","version":1,"state":"STAGED"},"passport":{"task_id":"DIFF-TASK-1001-705","task_version":1,"goal_id":"GOAL-CANONICAL","scope_paths":["c:/users/lol/2026-workspace/courier/scratch/expedition_test_b/logs"],"max_capability":"WORKSPACE_WRITE","signature":"c2798e93a17de6a397edf8bde309537bc8721da7cd2a00e2e43ec90b5bb65575","issued_at":"2026-09-10T04:19:38.288Z"}}
FRAME:593:a7f3260fb052a3b1
{"type":"TASK_STAGED","task":{"task_id":"DIFF-TASK-1001-706","title":"Differential Test Task 706","priority":"P2","working_dir":"C:/Users/lol/2026-workspace/courier/scratch/expedition_test_b/logs","required_capability":"WORKSPACE_WRITE","version":1,"state":"STAGED"},"passport":{"task_id":"DIFF-TASK-1001-706","task_version":1,"goal_id":"GOAL-CANONICAL","scope_paths":["c:/users/lol/2026-workspace/courier/scratch/expedition_test_b/logs"],"max_capability":"WORKSPACE_WRITE","signature":"fd096822d2d1ec108ec5ef40c2ae1e6ab6b2bf4b4155818ea15defdd3f65d3d1","issued_at":"2026-09-10T04:19:38.289Z"}}
FRAME:583:9376fc0becab093e
{"type":"TASK_STAGED","task":{"task_id":"DIFF-TASK-1001-707","title":"Differential Test Task 707","priority":"P1","working_dir":"C:/Users/lol/2026-workspace/courier/scratch/expedition_test_a","required_capability":"WORKSPACE_WRITE","version":1,"state":"STAGED"},"passport":{"task_id":"DIFF-TASK-1001-707","task_version":1,"goal_id":"GOAL-CANONICAL","scope_paths":["c:/users/lol/2026-workspace/courier/scratch/expedition_test_a"],"max_capability":"WORKSPACE_WRITE","signature":"473adc2d71a4e323a063106332bdf2e27b20792783e33f5aaa9215b402ea2ecc","issued_at":"2026-09-10T04:19:38.289Z"}}
FRAME:583:a83d038322c59fe3
{"type":"TASK_STAGED","task":{"task_id":"DIFF-TASK-1001-712","title":"Differential Test Task 712","priority":"P2","working_dir":"C:/Users/lol/2026-workspace/courier/scratch/expedition_test_a","required_capability":"WORKSPACE_WRITE","version":1,"state":"STAGED"},"passport":{"task_id":"DIFF-TASK-1001-712","task_version":1,"goal_id":"GOAL-CANONICAL","scope_paths":["c:/users/lol/2026-workspace/courier/scratch/expedition_test_a"],"max_capability":"WORKSPACE_WRITE","signature":"8ad0b24f08b158c0a5a8651e3751c498b46cbe05a387e68abdafab2348146a3d","issued_at":"2026-09-10T04:19:38.296Z"}}
FRAME:605:74c464c1afc603ac
{"type":"TASK_STAGED","task":{"task_id":"DIFF-TASK-1001-715","title":"Differential Test Task 715","priority":"P1","working_dir":"C:/Users/lol/2026-workspace/courier/scratch/expedition_test_c/data/cache","required_capability":"WORKSPACE_WRITE","version":1,"state":"STAGED"},"passport":{"task_id":"DIFF-TASK-1001-715","task_version":1,"goal_id":"GOAL-CANONICAL","scope_paths":["c:/users/lol/2026-workspace/courier/scratch/expedition_test_c/data/cache"],"max_capability":"WORKSPACE_WRITE","signature":"bfcce46d669ef5a15252fe3f7c6e8574782155810794e6fa0492f909620733b2","issued_at":"2026-09-10T04:19:38.296Z"}}
FRAME:593:3812d23346a16050
{"type":"TASK_STAGED","task":{"task_id":"DIFF-TASK-1001-717","title":"Differential Test Task 717","priority":"P1","working_dir":"C:/Users/lol/2026-workspace/courier/scratch/expedition_test_b/logs","required_capability":"WORKSPACE_WRITE","version":1,"state":"STAGED"},"passport":{"task_id":"DIFF-TASK-1001-717","task_version":1,"goal_id":"GOAL-CANONICAL","scope_paths":["c:/users/lol/2026-workspace/courier/scratch/expedition_test_b/logs"],"max_capability":"WORKSPACE_WRITE","signature":"7545e16c5c0e5d26ab3d3b5ef059d8c77388f62077fb675446e82bce61950539","issued_at":"2026-09-10T04:19:38.301Z"}}
FRAME:583:aa277f2a37b3761a
{"type":"TASK_STAGED","task":{"task_id":"DIFF-TASK-1001-718","title":"Differential Test Task 718","priority":"P0","working_dir":"C:/Users/lol/2026-workspace/courier/scratch/expedition_test_b","required_capability":"WORKSPACE_WRITE","version":1,"state":"STAGED"},"passport":{"task_id":"DIFF-TASK-1001-718","task_version":1,"goal_id":"GOAL-CANONICAL","scope_paths":["c:/users/lol/2026-workspace/courier/scratch/expedition_test_b"],"max_capability":"WORKSPACE_WRITE","signature":"3e5dd93e68e472be7d43953cec0f74614f59842ebce3e074f855ded6f7539764","issued_at":"2026-09-10T04:19:38.302Z"}}
FRAME:593:9690196bb78adb61
{"type":"TASK_STAGED","task":{"task_id":"DIFF-TASK-1001-724","title":"Differential Test Task 724","priority":"P0","working_dir":"C:/Users/lol/2026-workspace/courier/scratch/expedition_test_b/logs","required_capability":"WORKSPACE_WRITE","version":1,"state":"STAGED"},"passport":{"task_id":"DIFF-TASK-1001-724","task_version":1,"goal_id":"GOAL-CANONICAL","scope_paths":["c:/users/lol/2026-workspace/courier/scratch/expedition_test_b/logs"],"max_capability":"WORKSPACE_WRITE","signature":"d9f5fec946d7471a0084d95899e014e7bc2f1650175f56c6e029289fc5dc2da9","issued_at":"2026-09-10T04:19:38.306Z"}}
FRAME:593:c6aba3ba499d2d0c
{"type":"TASK_STAGED","task":{"task_id":"DIFF-TASK-1001-725","title":"Differential Test Task 725","priority":"P1","working_dir":"C:/Users/lol/2026-workspace/courier/scratch/expedition_test_b/logs","required_capability":"WORKSPACE_WRITE","version":1,"state":"STAGED"},"passport":{"task_id":"DIFF-TASK-1001-725","task_version":1,"goal_id":"GOAL-CANONICAL","scope_paths":["c:/users/lol/2026-workspace/courier/scratch/expedition_test_b/logs"],"max_capability":"WORKSPACE_WRITE","signature":"36f0138325bb9245a35bd6e73d775cb0cbb9571dee0f04c53cd2b7beba274e93","issued_at":"2026-09-10T04:19:38.306Z"}}
FRAME:593:d39dcc3a37b5d603
{"type":"TASK_STAGED","task":{"task_id":"DIFF-TASK-1001-727","title":"Differential Test Task 727","priority":"P2","working_dir":"C:/Users/lol/2026-workspace/courier/scratch/expedition_test_a/sub1","required_capability":"WORKSPACE_WRITE","version":1,"state":"STAGED"},"passport":{"task_id":"DIFF-TASK-1001-727","task_version":1,"goal_id":"GOAL-CANONICAL","scope_paths":["c:/users/lol/2026-workspace/courier/scratch/expedition_test_a/sub1"],"max_capability":"WORKSPACE_WRITE","signature":"28c135bc04f1d0a9c292cb456137bb59ea753143aab3395b57923077c68cd76a","issued_at":"2026-09-10T04:19:38.312Z"}}
FRAME:593:aa2174f87a156b7e
{"type":"TASK_STAGED","task":{"task_id":"DIFF-TASK-1001-728","title":"Differential Test Task 728","priority":"P0","working_dir":"C:/Users/lol/2026-workspace/courier/scratch/expedition_test_a/sub1","required_capability":"WORKSPACE_WRITE","version":1,"state":"STAGED"},"passport":{"task_id":"DIFF-TASK-1001-728","task_version":1,"goal_id":"GOAL-CANONICAL","scope_paths":["c:/users/lol/2026-workspace/courier/scratch/expedition_test_a/sub1"],"max_capability":"WORKSPACE_WRITE","signature":"c1e681acc7b91190e7409563d28c9b2cec4fe447116c3588828e7535a098d8ef","issued_at":"2026-09-10T04:19:38.312Z"}}
FRAME:583:7b3c4fd09e359549
{"type":"TASK_STAGED","task":{"task_id":"DIFF-TASK-1001-730","title":"Differential Test Task 730","priority":"P2","working_dir":"C:/Users/lol/2026-workspace/courier/scratch/expedition_test_a","required_capability":"WORKSPACE_WRITE","version":1,"state":"STAGED"},"passport":{"task_id":"DIFF-TASK-1001-730","task_version":1,"goal_id":"GOAL-CANONICAL","scope_paths":["c:/users/lol/2026-workspace/courier/scratch/expedition_test_a"],"max_capability":"WORKSPACE_WRITE","signature":"06af724f537bd2ca614efb63c5e17cedf77defbb7720def27d842f48a843ea94","issued_at":"2026-09-10T04:19:38.316Z"}}
FRAME:583:e5949c490d6c381a
{"type":"TASK_STAGED","task":{"task_id":"DIFF-TASK-1001-735","title":"Differential Test Task 735","priority":"P1","working_dir":"C:/Users/lol/2026-workspace/courier/scratch/expedition_test_a","required_capability":"WORKSPACE_WRITE","version":1,"state":"STAGED"},"passport":{"task_id":"DIFF-TASK-1001-735","task_version":1,"goal_id":"GOAL-CANONICAL","scope_paths":["c:/users/lol/2026-workspace/courier/scratch/expedition_test_a"],"max_capability":"WORKSPACE_WRITE","signature":"7a45eb9c85863e1e2500843a9497eb5f6cdecacb098bfde035f4250d20611e38","issued_at":"2026-09-10T04:19:38.325Z"}}
FRAME:585:b90c617c58fbf9a5
{"type":"TASK_STAGED","task":{"task_id":"DIFF-TASK-1001-737","title":"Differential Test Task 737","priority":"P2","working_dir":"C:/Users/lol/2026-workspace/courier/scratch/expedition_test_a/sub1","required_capability":"EXTERNAL_FS","version":1,"state":"STAGED"},"passport":{"task_id":"DIFF-TASK-1001-737","task_version":1,"goal_id":"GOAL-CANONICAL","scope_paths":["c:/users/lol/2026-workspace/courier/scratch/expedition_test_a/sub1"],"max_capability":"EXTERNAL_FS","signature":"f078046c9a318c0569e1009da9ff3840013c822ca9df6527bb86478118a521a6","issued_at":"2026-09-10T04:19:38.331Z"}}
FRAME:605:e030490435f2d808
{"type":"TASK_STAGED","task":{"task_id":"DIFF-TASK-1001-738","title":"Differential Test Task 738","priority":"P1","working_dir":"C:/Users/lol/2026-workspace/courier/scratch/expedition_test_c/data/cache","required_capability":"WORKSPACE_WRITE","version":1,"state":"STAGED"},"passport":{"task_id":"DIFF-TASK-1001-738","task_version":1,"goal_id":"GOAL-CANONICAL","scope_paths":["c:/users/lol/2026-workspace/courier/scratch/expedition_test_c/data/cache"],"max_capability":"WORKSPACE_WRITE","signature":"6316faad1a12bacec7bb9f73e6a85e42b46f1ca98874d257dfa04fe1ed735453","issued_at":"2026-09-10T04:19:38.331Z"}}
FRAME:605:986bfaa583320295
{"type":"TASK_STAGED","task":{"task_id":"DIFF-TASK-1001-739","title":"Differential Test Task 739","priority":"P0","working_dir":"C:/Users/lol/2026-workspace/courier/scratch/expedition_test_c/data/cache","required_capability":"WORKSPACE_WRITE","version":1,"state":"STAGED"},"passport":{"task_id":"DIFF-TASK-1001-739","task_version":1,"goal_id":"GOAL-CANONICAL","scope_paths":["c:/users/lol/2026-workspace/courier/scratch/expedition_test_c/data/cache"],"max_capability":"WORKSPACE_WRITE","signature":"fe0114906d2f270889de72848b6417693f9a3e98fae9b82285e4ffd8eb7f35d4","issued_at":"2026-09-10T04:19:38.332Z"}}
FRAME:583:8c23c506f6b2cd0a
{"type":"TASK_STAGED","task":{"task_id":"DIFF-TASK-1001-741","title":"Differential Test Task 741","priority":"P0","working_dir":"C:/Users/lol/2026-workspace/courier/scratch/expedition_test_c","required_capability":"WORKSPACE_WRITE","version":1,"state":"STAGED"},"passport":{"task_id":"DIFF-TASK-1001-741","task_version":1,"goal_id":"GOAL-CANONICAL","scope_paths":["c:/users/lol/2026-workspace/courier/scratch/expedition_test_c"],"max_capability":"WORKSPACE_WRITE","signature":"1f1b7f55f67836c903ca18544b0b916001790374a082f83c9988281575044422","issued_at":"2026-09-10T04:19:38.332Z"}}
FRAME:605:f4a1b59be14f57f3
{"type":"TASK_STAGED","task":{"task_id":"DIFF-TASK-1001-742","title":"Differential Test Task 742","priority":"P1","working_dir":"C:/Users/lol/2026-workspace/courier/scratch/expedition_test_c/data/cache","required_capability":"WORKSPACE_WRITE","version":1,"state":"STAGED"},"passport":{"task_id":"DIFF-TASK-1001-742","task_version":1,"goal_id":"GOAL-CANONICAL","scope_paths":["c:/users/lol/2026-workspace/courier/scratch/expedition_test_c/data/cache"],"max_capability":"WORKSPACE_WRITE","signature":"7f1799e7cdd6fec787b1db53b7d36ff15a1d24de09ce567a19d19955a07b165f","issued_at":"2026-09-10T04:19:38.332Z"}}
FRAME:583:cb6a2e442fa01b06
{"type":"TASK_STAGED","task":{"task_id":"DIFF-TASK-1001-746","title":"Differential Test Task 746","priority":"P0","working_dir":"C:/Users/lol/2026-workspace/courier/scratch/expedition_test_b","required_capability":"WORKSPACE_WRITE","version":1,"state":"STAGED"},"passport":{"task_id":"DIFF-TASK-1001-746","task_version":1,"goal_id":"GOAL-CANONICAL","scope_paths":["c:/users/lol/2026-workspace/courier/scratch/expedition_test_b"],"max_capability":"WORKSPACE_WRITE","signature":"0cc24fa64df01aed670aa8fb51c5b5ce702e4d90a6a46a99c7afd3e78285a5f7","issued_at":"2026-09-10T04:19:38.337Z"}}
FRAME:605:6d5ab098d1987234
{"type":"TASK_STAGED","task":{"task_id":"DIFF-TASK-1001-750","title":"Differential Test Task 750","priority":"P0","working_dir":"C:/Users/lol/2026-workspace/courier/scratch/expedition_test_c/data/cache","required_capability":"WORKSPACE_WRITE","version":1,"state":"STAGED"},"passport":{"task_id":"DIFF-TASK-1001-750","task_version":1,"goal_id":"GOAL-CANONICAL","scope_paths":["c:/users/lol/2026-workspace/courier/scratch/expedition_test_c/data/cache"],"max_capability":"WORKSPACE_WRITE","signature":"7178c8097f56520ff601dc4ca3d1a2781270a1073f42862a5cd97cd15a48b434","issued_at":"2026-09-10T04:19:38.342Z"}}
FRAME:605:4249bffcc28f3a18
{"type":"TASK_STAGED","task":{"task_id":"DIFF-TASK-1001-752","title":"Differential Test Task 752","priority":"P0","working_dir":"C:/Users/lol/2026-workspace/courier/scratch/expedition_test_c/data/cache","required_capability":"WORKSPACE_WRITE","version":1,"state":"STAGED"},"passport":{"task_id":"DIFF-TASK-1001-752","task_version":1,"goal_id":"GOAL-CANONICAL","scope_paths":["c:/users/lol/2026-workspace/courier/scratch/expedition_test_c/data/cache"],"max_capability":"WORKSPACE_WRITE","signature":"466536051edd4c71ab6c6437c53a64653008940c62ac209c7b3842a41a13d00b","issued_at":"2026-09-10T04:19:38.347Z"}}
FRAME:593:149b996c6914b023
{"type":"TASK_STAGED","task":{"task_id":"DIFF-TASK-1001-753","title":"Differential Test Task 753","priority":"P0","working_dir":"C:/Users/lol/2026-workspace/courier/scratch/expedition_test_a/sub1","required_capability":"WORKSPACE_WRITE","version":1,"state":"STAGED"},"passport":{"task_id":"DIFF-TASK-1001-753","task_version":1,"goal_id":"GOAL-CANONICAL","scope_paths":["c:/users/lol/2026-workspace/courier/scratch/expedition_test_a/sub1"],"max_capability":"WORKSPACE_WRITE","signature":"039da26e2854d1694c63683298096c931b038807ccb2ecc6135c803f50e7de2c","issued_at":"2026-09-10T04:19:38.348Z"}}
FRAME:583:d2cd416790aab480
{"type":"TASK_STAGED","task":{"task_id":"DIFF-TASK-1001-755","title":"Differential Test Task 755","priority":"P1","working_dir":"C:/Users/lol/2026-workspace/courier/scratch/expedition_test_a","required_capability":"WORKSPACE_WRITE","version":1,"state":"STAGED"},"passport":{"task_id":"DIFF-TASK-1001-755","task_version":1,"goal_id":"GOAL-CANONICAL","scope_paths":["c:/users/lol/2026-workspace/courier/scratch/expedition_test_a"],"max_capability":"WORKSPACE_WRITE","signature":"6fd9a7954fbbb6ac672e1d6b9cc18a3ddee2a40a01bd011f00fedcb9058dc377","issued_at":"2026-09-10T04:19:38.352Z"}}
FRAME:593:7718c581588b6ffa
{"type":"TASK_STAGED","task":{"task_id":"DIFF-TASK-1001-759","title":"Differential Test Task 759","priority":"P1","working_dir":"C:/Users/lol/2026-workspace/courier/scratch/expedition_test_b/logs","required_capability":"WORKSPACE_WRITE","version":1,"state":"STAGED"},"passport":{"task_id":"DIFF-TASK-1001-759","task_version":1,"goal_id":"GOAL-CANONICAL","scope_paths":["c:/users/lol/2026-workspace/courier/scratch/expedition_test_b/logs"],"max_capability":"WORKSPACE_WRITE","signature":"34c2895e99eda69acb62e9e95753db25fdd4366ae1e403279836bec7ef075fa6","issued_at":"2026-09-10T04:19:38.362Z"}}
FRAME:583:9d70561667950b93
{"type":"TASK_STAGED","task":{"task_id":"DIFF-TASK-1001-760","title":"Differential Test Task 760","priority":"P1","working_dir":"C:/Users/lol/2026-workspace/courier/scratch/expedition_test_c","required_capability":"WORKSPACE_WRITE","version":1,"state":"STAGED"},"passport":{"task_id":"DIFF-TASK-1001-760","task_version":1,"goal_id":"GOAL-CANONICAL","scope_paths":["c:/users/lol/2026-workspace/courier/scratch/expedition_test_c"],"max_capability":"WORKSPACE_WRITE","signature":"b976af1c1e930e0ba4a338a74cb17fe8f389f81b3a9d47325c88e9db20555337","issued_at":"2026-09-10T04:19:38.362Z"}}
FRAME:583:1d87bcf659951607
{"type":"TASK_STAGED","task":{"task_id":"DIFF-TASK-1001-761","title":"Differential Test Task 761","priority":"P1","working_dir":"C:/Users/lol/2026-workspace/courier/scratch/expedition_test_b","required_capability":"WORKSPACE_WRITE","version":1,"state":"STAGED"},"passport":{"task_id":"DIFF-TASK-1001-761","task_version":1,"goal_id":"GOAL-CANONICAL","scope_paths":["c:/users/lol/2026-workspace/courier/scratch/expedition_test_b"],"max_capability":"WORKSPACE_WRITE","signature":"3299958ab4462f197aafc5b6ce2ce2ea41ddb1d0b8a8ef502ef0dbe0795a1c4d","issued_at":"2026-09-10T04:19:38.363Z"}}
FRAME:593:63076d831a5da2d0
{"type":"TASK_STAGED","task":{"task_id":"DIFF-TASK-1001-762","title":"Differential Test Task 762","priority":"P2","working_dir":"C:/Users/lol/2026-workspace/courier/scratch/expedition_test_a/sub1","required_capability":"WORKSPACE_WRITE","version":1,"state":"STAGED"},"passport":{"task_id":"DIFF-TASK-1001-762","task_version":1,"goal_id":"GOAL-CANONICAL","scope_paths":["c:/users/lol/2026-workspace/courier/scratch/expedition_test_a/sub1"],"max_capability":"WORKSPACE_WRITE","signature":"f4e7f723daf3bd396deca4aab6ffce8f50cc44d5dfc5fa1e256d6c785d030c43","issued_at":"2026-09-10T04:19:38.363Z"}}
FRAME:593:fe013f6f35c0ce64
{"type":"TASK_STAGED","task":{"task_id":"DIFF-TASK-1001-763","title":"Differential Test Task 763","priority":"P2","working_dir":"C:/Users/lol/2026-workspace/courier/scratch/expedition_test_a/sub1","required_capability":"WORKSPACE_WRITE","version":1,"state":"STAGED"},"passport":{"task_id":"DIFF-TASK-1001-763","task_version":1,"goal_id":"GOAL-CANONICAL","scope_paths":["c:/users/lol/2026-workspace/courier/scratch/expedition_test_a/sub1"],"max_capability":"WORKSPACE_WRITE","signature":"6cceae7d84062773c10abb09623cdf25955cf83afe40dbd5925ab5b6d248443a","issued_at":"2026-09-10T04:19:38.363Z"}}
FRAME:583:b8474968f21768cd
{"type":"TASK_STAGED","task":{"task_id":"DIFF-TASK-1001-766","title":"Differential Test Task 766","priority":"P1","working_dir":"C:/Users/lol/2026-workspace/courier/scratch/expedition_test_c","required_capability":"WORKSPACE_WRITE","version":1,"state":"STAGED"},"passport":{"task_id":"DIFF-TASK-1001-766","task_version":1,"goal_id":"GOAL-CANONICAL","scope_paths":["c:/users/lol/2026-workspace/courier/scratch/expedition_test_c"],"max_capability":"WORKSPACE_WRITE","signature":"4844444a3d2d552483ed415970adb3099ce9766783b91c5a96b6b991ff64b42e","issued_at":"2026-09-10T04:19:38.368Z"}}
FRAME:605:eaf20374d68c2c06
{"type":"TASK_STAGED","task":{"task_id":"DIFF-TASK-1001-768","title":"Differential Test Task 768","priority":"P2","working_dir":"C:/Users/lol/2026-workspace/courier/scratch/expedition_test_c/data/cache","required_capability":"WORKSPACE_WRITE","version":1,"state":"STAGED"},"passport":{"task_id":"DIFF-TASK-1001-768","task_version":1,"goal_id":"GOAL-CANONICAL","scope_paths":["c:/users/lol/2026-workspace/courier/scratch/expedition_test_c/data/cache"],"max_capability":"WORKSPACE_WRITE","signature":"b3f9d12ed1e365f4c26bba5c745075e04910c6b3f709d8bae6ddbe240578f5ad","issued_at":"2026-09-10T04:19:38.373Z"}}
FRAME:593:decf38849dc816cf
{"type":"TASK_STAGED","task":{"task_id":"DIFF-TASK-1001-769","title":"Differential Test Task 769","priority":"P1","working_dir":"C:/Users/lol/2026-workspace/courier/scratch/expedition_test_a/sub1","required_capability":"WORKSPACE_WRITE","version":1,"state":"STAGED"},"passport":{"task_id":"DIFF-TASK-1001-769","task_version":1,"goal_id":"GOAL-CANONICAL","scope_paths":["c:/users/lol/2026-workspace/courier/scratch/expedition_test_a/sub1"],"max_capability":"WORKSPACE_WRITE","signature":"9b7aaa2bc1d8e51c4e9b58f6f3c59db9cac8edf5e0ed8fa74bd268f75cf0d8ae","issued_at":"2026-09-10T04:19:38.373Z"}}
FRAME:605:fd043734f2faef6d
{"type":"TASK_STAGED","task":{"task_id":"DIFF-TASK-1001-771","title":"Differential Test Task 771","priority":"P2","working_dir":"C:/Users/lol/2026-workspace/courier/scratch/expedition_test_c/data/cache","required_capability":"WORKSPACE_WRITE","version":1,"state":"STAGED"},"passport":{"task_id":"DIFF-TASK-1001-771","task_version":1,"goal_id":"GOAL-CANONICAL","scope_paths":["c:/users/lol/2026-workspace/courier/scratch/expedition_test_c/data/cache"],"max_capability":"WORKSPACE_WRITE","signature":"492732dbaca50cb5a71603b381adb2984c06c6aed190c0e6ecd70d356a131238","issued_at":"2026-09-10T04:19:38.379Z"}}
FRAME:605:5e0ad2d75153e7e8
{"type":"TASK_STAGED","task":{"task_id":"DIFF-TASK-1001-772","title":"Differential Test Task 772","priority":"P2","working_dir":"C:/Users/lol/2026-workspace/courier/scratch/expedition_test_c/data/cache","required_capability":"WORKSPACE_WRITE","version":1,"state":"STAGED"},"passport":{"task_id":"DIFF-TASK-1001-772","task_version":1,"goal_id":"GOAL-CANONICAL","scope_paths":["c:/users/lol/2026-workspace/courier/scratch/expedition_test_c/data/cache"],"max_capability":"WORKSPACE_WRITE","signature":"397cecb1224a5f0f2b9ec635cf5449cb7ea0b230dc67bc9cb94ff959ddf1c621","issued_at":"2026-09-10T04:19:38.379Z"}}
FRAME:583:4b074e2460da806b
{"type":"TASK_STAGED","task":{"task_id":"DIFF-TASK-1001-777","title":"Differential Test Task 777","priority":"P0","working_dir":"C:/Users/lol/2026-workspace/courier/scratch/expedition_test_a","required_capability":"WORKSPACE_WRITE","version":1,"state":"STAGED"},"passport":{"task_id":"DIFF-TASK-1001-777","task_version":1,"goal_id":"GOAL-CANONICAL","scope_paths":["c:/users/lol/2026-workspace/courier/scratch/expedition_test_a"],"max_capability":"WORKSPACE_WRITE","signature":"18714bb6ac56b5046261396a5c4a4b95853c3539341a66f8544539b57f9628d5","issued_at":"2026-09-10T04:19:38.395Z"}}
FRAME:583:aedf50b41dbc07df
{"type":"TASK_STAGED","task":{"task_id":"DIFF-TASK-1001-778","title":"Differential Test Task 778","priority":"P0","working_dir":"C:/Users/lol/2026-workspace/courier/scratch/expedition_test_c","required_capability":"WORKSPACE_WRITE","version":1,"state":"STAGED"},"passport":{"task_id":"DIFF-TASK-1001-778","task_version":1,"goal_id":"GOAL-CANONICAL","scope_paths":["c:/users/lol/2026-workspace/courier/scratch/expedition_test_c"],"max_capability":"WORKSPACE_WRITE","signature":"02bf4cc27ba6481a5b2c8e2aa4d42892292f996ab2d1dca2856a9803ad45d91d","issued_at":"2026-09-10T04:19:38.395Z"}}
FRAME:583:fc9d6a97b9e1d776
{"type":"TASK_STAGED","task":{"task_id":"DIFF-TASK-1001-782","title":"Differential Test Task 782","priority":"P0","working_dir":"C:/Users/lol/2026-workspace/courier/scratch/expedition_test_c","required_capability":"WORKSPACE_WRITE","version":1,"state":"STAGED"},"passport":{"task_id":"DIFF-TASK-1001-782","task_version":1,"goal_id":"GOAL-CANONICAL","scope_paths":["c:/users/lol/2026-workspace/courier/scratch/expedition_test_c"],"max_capability":"WORKSPACE_WRITE","signature":"ddb04399f2e50d2ebeb772d67288f3491db7e24c0af14f6d6b8b7f7112d3c199","issued_at":"2026-09-10T04:19:38.400Z"}}
FRAME:593:d6a56555d549b963
{"type":"TASK_STAGED","task":{"task_id":"DIFF-TASK-1001-783","title":"Differential Test Task 783","priority":"P1","working_dir":"C:/Users/lol/2026-workspace/courier/scratch/expedition_test_b/logs","required_capability":"WORKSPACE_WRITE","version":1,"state":"STAGED"},"passport":{"task_id":"DIFF-TASK-1001-783","task_version":1,"goal_id":"GOAL-CANONICAL","scope_paths":["c:/users/lol/2026-workspace/courier/scratch/expedition_test_b/logs"],"max_capability":"WORKSPACE_WRITE","signature":"58862ae8e18bf19263271f57d1accd0dcbb4bb32a5b79096452a2d41db22cfaf","issued_at":"2026-09-10T04:19:38.401Z"}}
FRAME:593:a218878dc6d60ae9
{"type":"TASK_STAGED","task":{"task_id":"DIFF-TASK-1001-787","title":"Differential Test Task 787","priority":"P1","working_dir":"C:/Users/lol/2026-workspace/courier/scratch/expedition_test_a/sub1","required_capability":"WORKSPACE_WRITE","version":1,"state":"STAGED"},"passport":{"task_id":"DIFF-TASK-1001-787","task_version":1,"goal_id":"GOAL-CANONICAL","scope_paths":["c:/users/lol/2026-workspace/courier/scratch/expedition_test_a/sub1"],"max_capability":"WORKSPACE_WRITE","signature":"c2fb750cd98272aa6514221ec70f7ef3b03a8cfc18ba85f07b4a74e49d5546a7","issued_at":"2026-09-10T04:19:38.411Z"}}
FRAME:583:960bf0966cc08612
{"type":"TASK_STAGED","task":{"task_id":"DIFF-TASK-1001-789","title":"Differential Test Task 789","priority":"P0","working_dir":"C:/Users/lol/2026-workspace/courier/scratch/expedition_test_a","required_capability":"WORKSPACE_WRITE","version":1,"state":"STAGED"},"passport":{"task_id":"DIFF-TASK-1001-789","task_version":1,"goal_id":"GOAL-CANONICAL","scope_paths":["c:/users/lol/2026-workspace/courier/scratch/expedition_test_a"],"max_capability":"WORKSPACE_WRITE","signature":"4d5a452cd08ad2f84ca07b77f51c481c3e214e5067c57d37977ca0bbc53d7e0c","issued_at":"2026-09-10T04:19:38.411Z"}}
FRAME:593:28c34c18e7a98931
{"type":"TASK_STAGED","task":{"task_id":"DIFF-TASK-1001-791","title":"Differential Test Task 791","priority":"P0","working_dir":"C:/Users/lol/2026-workspace/courier/scratch/expedition_test_b/logs","required_capability":"WORKSPACE_WRITE","version":1,"state":"STAGED"},"passport":{"task_id":"DIFF-TASK-1001-791","task_version":1,"goal_id":"GOAL-CANONICAL","scope_paths":["c:/users/lol/2026-workspace/courier/scratch/expedition_test_b/logs"],"max_capability":"WORKSPACE_WRITE","signature":"334ca639a2e5e885feff1ca9389035a05147114b92a6fc070d85b59d6a6b9890","issued_at":"2026-09-10T04:19:38.416Z"}}
FRAME:593:f51ad30e8325704f
{"type":"TASK_STAGED","task":{"task_id":"DIFF-TASK-1001-794","title":"Differential Test Task 794","priority":"P1","working_dir":"C:/Users/lol/2026-workspace/courier/scratch/expedition_test_a/sub1","required_capability":"WORKSPACE_WRITE","version":1,"state":"STAGED"},"passport":{"task_id":"DIFF-TASK-1001-794","task_version":1,"goal_id":"GOAL-CANONICAL","scope_paths":["c:/users/lol/2026-workspace/courier/scratch/expedition_test_a/sub1"],"max_capability":"WORKSPACE_WRITE","signature":"1e53465d04a5e36eb4ab5e7982db09ce70962fdcf8a9ca05ce6abc203c298a67","issued_at":"2026-09-10T04:19:38.421Z"}}
FRAME:583:0d8f17f107c09137
{"type":"TASK_STAGED","task":{"task_id":"DIFF-TASK-1001-800","title":"Differential Test Task 800","priority":"P1","working_dir":"C:/Users/lol/2026-workspace/courier/scratch/expedition_test_c","required_capability":"WORKSPACE_WRITE","version":1,"state":"STAGED"},"passport":{"task_id":"DIFF-TASK-1001-800","task_version":1,"goal_id":"GOAL-CANONICAL","scope_paths":["c:/users/lol/2026-workspace/courier/scratch/expedition_test_c"],"max_capability":"WORKSPACE_WRITE","signature":"c3219ac18b38d7d24f993f2c00bf5306c16eaa3d2d02e1f7fc9658bd789cefc2","issued_at":"2026-09-10T04:19:38.433Z"}}
FRAME:593:2a36bdfab4e67195
{"type":"TASK_STAGED","task":{"task_id":"DIFF-TASK-1001-801","title":"Differential Test Task 801","priority":"P2","working_dir":"C:/Users/lol/2026-workspace/courier/scratch/expedition_test_b/logs","required_capability":"WORKSPACE_WRITE","version":1,"state":"STAGED"},"passport":{"task_id":"DIFF-TASK-1001-801","task_version":1,"goal_id":"GOAL-CANONICAL","scope_paths":["c:/users/lol/2026-workspace/courier/scratch/expedition_test_b/logs"],"max_capability":"WORKSPACE_WRITE","signature":"9558f0a71b42ba72574f94b53b444bac562d87a4b4ae0d1c9363c5848961a5bc","issued_at":"2026-09-10T04:19:38.433Z"}}
FRAME:583:8abd1f9c6413adb9
{"type":"TASK_STAGED","task":{"task_id":"DIFF-TASK-1001-802","title":"Differential Test Task 802","priority":"P2","working_dir":"C:/Users/lol/2026-workspace/courier/scratch/expedition_test_b","required_capability":"WORKSPACE_WRITE","version":1,"state":"STAGED"},"passport":{"task_id":"DIFF-TASK-1001-802","task_version":1,"goal_id":"GOAL-CANONICAL","scope_paths":["c:/users/lol/2026-workspace/courier/scratch/expedition_test_b"],"max_capability":"WORKSPACE_WRITE","signature":"9f60380aca9230e4deac2c1d8f8a5b341af789cd7af63c4c161bbdc420955b47","issued_at":"2026-09-10T04:19:38.434Z"}}
FRAME:597:bc01f8c33dc7501c
{"type":"TASK_STAGED","task":{"task_id":"DIFF-TASK-1001-803","title":"Differential Test Task 803","priority":"P2","working_dir":"C:/Users/lol/2026-workspace/courier/scratch/expedition_test_c/data/cache","required_capability":"EXTERNAL_FS","version":1,"state":"STAGED"},"passport":{"task_id":"DIFF-TASK-1001-803","task_version":1,"goal_id":"GOAL-CANONICAL","scope_paths":["c:/users/lol/2026-workspace/courier/scratch/expedition_test_c/data/cache"],"max_capability":"EXTERNAL_FS","signature":"f545d8da0ee4dc78d5864a354914834be0d269ec22c428be22614efb3dbe9093","issued_at":"2026-09-10T04:19:38.434Z"}}
FRAME:583:65b905c59e14d394
{"type":"TASK_STAGED","task":{"task_id":"DIFF-TASK-1001-804","title":"Differential Test Task 804","priority":"P1","working_dir":"C:/Users/lol/2026-workspace/courier/scratch/expedition_test_c","required_capability":"WORKSPACE_WRITE","version":1,"state":"STAGED"},"passport":{"task_id":"DIFF-TASK-1001-804","task_version":1,"goal_id":"GOAL-CANONICAL","scope_paths":["c:/users/lol/2026-workspace/courier/scratch/expedition_test_c"],"max_capability":"WORKSPACE_WRITE","signature":"85cff730c6d656533dd03803681e9a0f0fb9be855c273bb563d9101681d073d6","issued_at":"2026-09-10T04:19:38.434Z"}}
FRAME:583:5997b063489fcdef
{"type":"TASK_STAGED","task":{"task_id":"DIFF-TASK-1001-808","title":"Differential Test Task 808","priority":"P0","working_dir":"C:/Users/lol/2026-workspace/courier/scratch/expedition_test_b","required_capability":"WORKSPACE_WRITE","version":1,"state":"STAGED"},"passport":{"task_id":"DIFF-TASK-1001-808","task_version":1,"goal_id":"GOAL-CANONICAL","scope_paths":["c:/users/lol/2026-workspace/courier/scratch/expedition_test_b"],"max_capability":"WORKSPACE_WRITE","signature":"a9a3c45014c54377a17902f4d7fdb97f39a1da9e34ce06e69cdc772d148f42a8","issued_at":"2026-09-10T04:19:38.445Z"}}
FRAME:605:00f92485c6839d7d
{"type":"TASK_STAGED","task":{"task_id":"DIFF-TASK-1001-809","title":"Differential Test Task 809","priority":"P1","working_dir":"C:/Users/lol/2026-workspace/courier/scratch/expedition_test_c/data/cache","required_capability":"WORKSPACE_WRITE","version":1,"state":"STAGED"},"passport":{"task_id":"DIFF-TASK-1001-809","task_version":1,"goal_id":"GOAL-CANONICAL","scope_paths":["c:/users/lol/2026-workspace/courier/scratch/expedition_test_c/data/cache"],"max_capability":"WORKSPACE_WRITE","signature":"d9ebce9f259726c5ddba10e83b02d9507a7ddaf3c2d842d189974445e859c864","issued_at":"2026-09-10T04:19:38.445Z"}}
FRAME:583:1248161aa77e28fe
{"type":"TASK_STAGED","task":{"task_id":"DIFF-TASK-1001-810","title":"Differential Test Task 810","priority":"P1","working_dir":"C:/Users/lol/2026-workspace/courier/scratch/expedition_test_b","required_capability":"WORKSPACE_WRITE","version":1,"state":"STAGED"},"passport":{"task_id":"DIFF-TASK-1001-810","task_version":1,"goal_id":"GOAL-CANONICAL","scope_paths":["c:/users/lol/2026-workspace/courier/scratch/expedition_test_b"],"max_capability":"WORKSPACE_WRITE","signature":"82ce9a4762b315ba97e6d4fde3b40993bf1312a2691b66f9806bf33e66932635","issued_at":"2026-09-10T04:19:38.445Z"}}
FRAME:583:eade36449068abd9
{"type":"TASK_STAGED","task":{"task_id":"DIFF-TASK-1001-813","title":"Differential Test Task 813","priority":"P0","working_dir":"C:/Users/lol/2026-workspace/courier/scratch/expedition_test_c","required_capability":"WORKSPACE_WRITE","version":1,"state":"STAGED"},"passport":{"task_id":"DIFF-TASK-1001-813","task_version":1,"goal_id":"GOAL-CANONICAL","scope_paths":["c:/users/lol/2026-workspace/courier/scratch/expedition_test_c"],"max_capability":"WORKSPACE_WRITE","signature":"4600b4ef6f349ccc2b729f86532d1c63f09b9e5be0cc77c55aac825823966861","issued_at":"2026-09-10T04:19:38.446Z"}}
FRAME:593:34bf782ca5e27be5
{"type":"TASK_STAGED","task":{"task_id":"DIFF-TASK-1001-820","title":"Differential Test Task 820","priority":"P1","working_dir":"C:/Users/lol/2026-workspace/courier/scratch/expedition_test_b/logs","required_capability":"WORKSPACE_WRITE","version":1,"state":"STAGED"},"passport":{"task_id":"DIFF-TASK-1001-820","task_version":1,"goal_id":"GOAL-CANONICAL","scope_paths":["c:/users/lol/2026-workspace/courier/scratch/expedition_test_b/logs"],"max_capability":"WORKSPACE_WRITE","signature":"cf96d14d2708a9763916f858bf8472926460012b565339636b9e88af57febd7e","issued_at":"2026-09-10T04:19:38.467Z"}}
FRAME:583:b2441dfdb15b016c
{"type":"TASK_STAGED","task":{"task_id":"DIFF-TASK-1001-823","title":"Differential Test Task 823","priority":"P2","working_dir":"C:/Users/lol/2026-workspace/courier/scratch/expedition_test_b","required_capability":"WORKSPACE_WRITE","version":1,"state":"STAGED"},"passport":{"task_id":"DIFF-TASK-1001-823","task_version":1,"goal_id":"GOAL-CANONICAL","scope_paths":["c:/users/lol/2026-workspace/courier/scratch/expedition_test_b"],"max_capability":"WORKSPACE_WRITE","signature":"8a658497f7de246618a8f7f7f6f3681ab1b64e85e38867b99169eca33b6163d9","issued_at":"2026-09-10T04:19:38.479Z"}}
FRAME:583:098a11eba76ad9c2
{"type":"TASK_STAGED","task":{"task_id":"DIFF-TASK-1001-825","title":"Differential Test Task 825","priority":"P1","working_dir":"C:/Users/lol/2026-workspace/courier/scratch/expedition_test_b","required_capability":"WORKSPACE_WRITE","version":1,"state":"STAGED"},"passport":{"task_id":"DIFF-TASK-1001-825","task_version":1,"goal_id":"GOAL-CANONICAL","scope_paths":["c:/users/lol/2026-workspace/courier/scratch/expedition_test_b"],"max_capability":"WORKSPACE_WRITE","signature":"d4816ada37fd0e43db6ec93da7fead4f15e3286a61ee4bf837e30e42e2ca9ffc","issued_at":"2026-09-10T04:19:38.479Z"}}
FRAME:593:e539b7edf613e3b2
{"type":"TASK_STAGED","task":{"task_id":"DIFF-TASK-1001-826","title":"Differential Test Task 826","priority":"P2","working_dir":"C:/Users/lol/2026-workspace/courier/scratch/expedition_test_a/sub1","required_capability":"WORKSPACE_WRITE","version":1,"state":"STAGED"},"passport":{"task_id":"DIFF-TASK-1001-826","task_version":1,"goal_id":"GOAL-CANONICAL","scope_paths":["c:/users/lol/2026-workspace/courier/scratch/expedition_test_a/sub1"],"max_capability":"WORKSPACE_WRITE","signature":"045b83e6584d3b774f720264bc420a2c72f08288beeca8c75d9916f80356f11a","issued_at":"2026-09-10T04:19:38.480Z"}}
FRAME:593:9509e6e9b25d218c
{"type":"TASK_STAGED","task":{"task_id":"DIFF-TASK-1001-828","title":"Differential Test Task 828","priority":"P2","working_dir":"C:/Users/lol/2026-workspace/courier/scratch/expedition_test_a/sub1","required_capability":"WORKSPACE_WRITE","version":1,"state":"STAGED"},"passport":{"task_id":"DIFF-TASK-1001-828","task_version":1,"goal_id":"GOAL-CANONICAL","scope_paths":["c:/users/lol/2026-workspace/courier/scratch/expedition_test_a/sub1"],"max_capability":"WORKSPACE_WRITE","signature":"bc919c10d35e60c4cd7dafccc6bf7d3cda4d2bf8f43d013ab8edb6a7e63a1551","issued_at":"2026-09-10T04:19:38.485Z"}}
FRAME:605:82c7eec34ac50aa4
{"type":"TASK_STAGED","task":{"task_id":"DIFF-TASK-1001-829","title":"Differential Test Task 829","priority":"P1","working_dir":"C:/Users/lol/2026-workspace/courier/scratch/expedition_test_c/data/cache","required_capability":"WORKSPACE_WRITE","version":1,"state":"STAGED"},"passport":{"task_id":"DIFF-TASK-1001-829","task_version":1,"goal_id":"GOAL-CANONICAL","scope_paths":["c:/users/lol/2026-workspace/courier/scratch/expedition_test_c/data/cache"],"max_capability":"WORKSPACE_WRITE","signature":"59eae388d50b2c196087a8241b15aecc1881e8a3f3986a8fceb603e24f566eea","issued_at":"2026-09-10T04:19:38.485Z"}}
FRAME:593:12143eaa138331d5
{"type":"TASK_STAGED","task":{"task_id":"DIFF-TASK-1001-830","title":"Differential Test Task 830","priority":"P2","working_dir":"C:/Users/lol/2026-workspace/courier/scratch/expedition_test_a/sub1","required_capability":"WORKSPACE_WRITE","version":1,"state":"STAGED"},"passport":{"task_id":"DIFF-TASK-1001-830","task_version":1,"goal_id":"GOAL-CANONICAL","scope_paths":["c:/users/lol/2026-workspace/courier/scratch/expedition_test_a/sub1"],"max_capability":"WORKSPACE_WRITE","signature":"1cfffad4e261ddbadbd01a7a4b02dc33370e655129193d14f7e05f2fc38ee735","issued_at":"2026-09-10T04:19:38.486Z"}}
FRAME:593:fad16359cad51598
{"type":"TASK_STAGED","task":{"task_id":"DIFF-TASK-1001-840","title":"Differential Test Task 840","priority":"P1","working_dir":"C:/Users/lol/2026-workspace/courier/scratch/expedition_test_b/logs","required_capability":"WORKSPACE_WRITE","version":1,"state":"STAGED"},"passport":{"task_id":"DIFF-TASK-1001-840","task_version":1,"goal_id":"GOAL-CANONICAL","scope_paths":["c:/users/lol/2026-workspace/courier/scratch/expedition_test_b/logs"],"max_capability":"WORKSPACE_WRITE","signature":"95066f48014a712930e6ac1c378da80455ad0e4ba3ba3e616180bcd1dd12cce3","issued_at":"2026-09-10T04:19:38.510Z"}}
FRAME:593:abfe8252c8b8b69c
{"type":"TASK_STAGED","task":{"task_id":"DIFF-TASK-1001-841","title":"Differential Test Task 841","priority":"P1","working_dir":"C:/Users/lol/2026-workspace/courier/scratch/expedition_test_a/sub1","required_capability":"WORKSPACE_WRITE","version":1,"state":"STAGED"},"passport":{"task_id":"DIFF-TASK-1001-841","task_version":1,"goal_id":"GOAL-CANONICAL","scope_paths":["c:/users/lol/2026-workspace/courier/scratch/expedition_test_a/sub1"],"max_capability":"WORKSPACE_WRITE","signature":"e5eef3f7d937c9f82d1ac4f8542c76b7e29ad930e803c8580aa6e4cf6f735f3b","issued_at":"2026-09-10T04:19:38.510Z"}}
FRAME:583:2bb3f2eebd1f8446
{"type":"TASK_STAGED","task":{"task_id":"DIFF-TASK-1001-845","title":"Differential Test Task 845","priority":"P1","working_dir":"C:/Users/lol/2026-workspace/courier/scratch/expedition_test_c","required_capability":"WORKSPACE_WRITE","version":1,"state":"STAGED"},"passport":{"task_id":"DIFF-TASK-1001-845","task_version":1,"goal_id":"GOAL-CANONICAL","scope_paths":["c:/users/lol/2026-workspace/courier/scratch/expedition_test_c"],"max_capability":"WORKSPACE_WRITE","signature":"dda42a2bfa2ef692b189be390ad907f4a231fd2550d9e882f50e9fe5fb33b061","issued_at":"2026-09-10T04:19:38.511Z"}}
FRAME:593:6520225a77d113fe
{"type":"TASK_STAGED","task":{"task_id":"DIFF-TASK-1001-850","title":"Differential Test Task 850","priority":"P0","working_dir":"C:/Users/lol/2026-workspace/courier/scratch/expedition_test_a/sub1","required_capability":"WORKSPACE_WRITE","version":1,"state":"STAGED"},"passport":{"task_id":"DIFF-TASK-1001-850","task_version":1,"goal_id":"GOAL-CANONICAL","scope_paths":["c:/users/lol/2026-workspace/courier/scratch/expedition_test_a/sub1"],"max_capability":"WORKSPACE_WRITE","signature":"6c8414a3bff4fa0407728b8859849c46647f5cb94a23dacaa2bfae94f58f5e43","issued_at":"2026-09-10T04:19:38.529Z"}}
FRAME:593:df1eb9bbc92f1a53
{"type":"TASK_STAGED","task":{"task_id":"DIFF-TASK-1001-852","title":"Differential Test Task 852","priority":"P2","working_dir":"C:/Users/lol/2026-workspace/courier/scratch/expedition_test_b/logs","required_capability":"WORKSPACE_WRITE","version":1,"state":"STAGED"},"passport":{"task_id":"DIFF-TASK-1001-852","task_version":1,"goal_id":"GOAL-CANONICAL","scope_paths":["c:/users/lol/2026-workspace/courier/scratch/expedition_test_b/logs"],"max_capability":"WORKSPACE_WRITE","signature":"61582ec49bb2234aff4e19f153ded4db65459134390c24c2057fa6fc5db6b61e","issued_at":"2026-09-10T04:19:38.530Z"}}
FRAME:583:f2d678633391dc57
{"type":"TASK_STAGED","task":{"task_id":"DIFF-TASK-1001-853","title":"Differential Test Task 853","priority":"P0","working_dir":"C:/Users/lol/2026-workspace/courier/scratch/expedition_test_a","required_capability":"WORKSPACE_WRITE","version":1,"state":"STAGED"},"passport":{"task_id":"DIFF-TASK-1001-853","task_version":1,"goal_id":"GOAL-CANONICAL","scope_paths":["c:/users/lol/2026-workspace/courier/scratch/expedition_test_a"],"max_capability":"WORKSPACE_WRITE","signature":"d1b5ee9e455be4e2f9299fec40d66c39d2c15c34609c20ef3b53bb986d1009a5","issued_at":"2026-09-10T04:19:38.530Z"}}
FRAME:593:e9eee9db48d78a00
{"type":"TASK_STAGED","task":{"task_id":"DIFF-TASK-1001-854","title":"Differential Test Task 854","priority":"P1","working_dir":"C:/Users/lol/2026-workspace/courier/scratch/expedition_test_a/sub1","required_capability":"WORKSPACE_WRITE","version":1,"state":"STAGED"},"passport":{"task_id":"DIFF-TASK-1001-854","task_version":1,"goal_id":"GOAL-CANONICAL","scope_paths":["c:/users/lol/2026-workspace/courier/scratch/expedition_test_a/sub1"],"max_capability":"WORKSPACE_WRITE","signature":"abebb075013e91ee9f605cca38b55c2360f59412e2143815c14286591d7be57d","issued_at":"2026-09-10T04:19:38.530Z"}}
FRAME:605:2dfdd8b2ddd68965
{"type":"TASK_STAGED","task":{"task_id":"DIFF-TASK-1001-855","title":"Differential Test Task 855","priority":"P2","working_dir":"C:/Users/lol/2026-workspace/courier/scratch/expedition_test_c/data/cache","required_capability":"WORKSPACE_WRITE","version":1,"state":"STAGED"},"passport":{"task_id":"DIFF-TASK-1001-855","task_version":1,"goal_id":"GOAL-CANONICAL","scope_paths":["c:/users/lol/2026-workspace/courier/scratch/expedition_test_c/data/cache"],"max_capability":"WORKSPACE_WRITE","signature":"49a85da79b1d25a59fb197296a82364ccaf449e6dffddcaaebe6bcb904865f64","issued_at":"2026-09-10T04:19:38.531Z"}}
FRAME:583:3f3bd1d2b95f5217
{"type":"TASK_STAGED","task":{"task_id":"DIFF-TASK-1001-859","title":"Differential Test Task 859","priority":"P1","working_dir":"C:/Users/lol/2026-workspace/courier/scratch/expedition_test_c","required_capability":"WORKSPACE_WRITE","version":1,"state":"STAGED"},"passport":{"task_id":"DIFF-TASK-1001-859","task_version":1,"goal_id":"GOAL-CANONICAL","scope_paths":["c:/users/lol/2026-workspace/courier/scratch/expedition_test_c"],"max_capability":"WORKSPACE_WRITE","signature":"42fcebb29143b47f470a993d8525dbbf5e0109fc3fd39ca7619bcb86ed0f90c8","issued_at":"2026-09-10T04:19:38.541Z"}}
FRAME:593:2c198e58b4a69586
{"type":"TASK_STAGED","task":{"task_id":"DIFF-TASK-1001-861","title":"Differential Test Task 861","priority":"P2","working_dir":"C:/Users/lol/2026-workspace/courier/scratch/expedition_test_a/sub1","required_capability":"WORKSPACE_WRITE","version":1,"state":"STAGED"},"passport":{"task_id":"DIFF-TASK-1001-861","task_version":1,"goal_id":"GOAL-CANONICAL","scope_paths":["c:/users/lol/2026-workspace/courier/scratch/expedition_test_a/sub1"],"max_capability":"WORKSPACE_WRITE","signature":"8b22624d546714a03d55d31b9c0160e327e9f1a8712d37b0888012e08946a0d9","issued_at":"2026-09-10T04:19:38.541Z"}}
FRAME:605:cda87ade0d36005b
{"type":"TASK_STAGED","task":{"task_id":"DIFF-TASK-1001-862","title":"Differential Test Task 862","priority":"P1","working_dir":"C:/Users/lol/2026-workspace/courier/scratch/expedition_test_c/data/cache","required_capability":"WORKSPACE_WRITE","version":1,"state":"STAGED"},"passport":{"task_id":"DIFF-TASK-1001-862","task_version":1,"goal_id":"GOAL-CANONICAL","scope_paths":["c:/users/lol/2026-workspace/courier/scratch/expedition_test_c/data/cache"],"max_capability":"WORKSPACE_WRITE","signature":"11fc0e06a2d36d5c3efff5ed1034ffe9c4a8731988e2b553e88c31179f684f82","issued_at":"2026-09-10T04:19:38.542Z"}}
FRAME:583:0cad89ae5247e636
{"type":"TASK_STAGED","task":{"task_id":"DIFF-TASK-1001-863","title":"Differential Test Task 863","priority":"P1","working_dir":"C:/Users/lol/2026-workspace/courier/scratch/expedition_test_b","required_capability":"WORKSPACE_WRITE","version":1,"state":"STAGED"},"passport":{"task_id":"DIFF-TASK-1001-863","task_version":1,"goal_id":"GOAL-CANONICAL","scope_paths":["c:/users/lol/2026-workspace/courier/scratch/expedition_test_b"],"max_capability":"WORKSPACE_WRITE","signature":"a776250c49dd0829313e146621be885f58dd15e0ba3b879a337a32ceaf88dd50","issued_at":"2026-09-10T04:19:38.542Z"}}
FRAME:593:fc7b6af6b965c971
{"type":"TASK_STAGED","task":{"task_id":"DIFF-TASK-1001-867","title":"Differential Test Task 867","priority":"P1","working_dir":"C:/Users/lol/2026-workspace/courier/scratch/expedition_test_b/logs","required_capability":"WORKSPACE_WRITE","version":1,"state":"STAGED"},"passport":{"task_id":"DIFF-TASK-1001-867","task_version":1,"goal_id":"GOAL-CANONICAL","scope_paths":["c:/users/lol/2026-workspace/courier/scratch/expedition_test_b/logs"],"max_capability":"WORKSPACE_WRITE","signature":"1d0f8bb908b4675f1407193f8d944ff3bf7967fc4e841cd08bc4d1191f26c237","issued_at":"2026-09-10T04:19:38.543Z"}}
FRAME:583:b66caa1bbebde221
{"type":"TASK_STAGED","task":{"task_id":"DIFF-TASK-1001-870","title":"Differential Test Task 870","priority":"P1","working_dir":"C:/Users/lol/2026-workspace/courier/scratch/expedition_test_c","required_capability":"WORKSPACE_WRITE","version":1,"state":"STAGED"},"passport":{"task_id":"DIFF-TASK-1001-870","task_version":1,"goal_id":"GOAL-CANONICAL","scope_paths":["c:/users/lol/2026-workspace/courier/scratch/expedition_test_c"],"max_capability":"WORKSPACE_WRITE","signature":"cc253116f7bcecccbd3190e08f500ef1d3f6504599d2bf28294b00eb6da5a7a7","issued_at":"2026-09-10T04:19:38.543Z"}}
FRAME:593:9c93c918fcdb021f
{"type":"TASK_STAGED","task":{"task_id":"DIFF-TASK-1001-871","title":"Differential Test Task 871","priority":"P2","working_dir":"C:/Users/lol/2026-workspace/courier/scratch/expedition_test_a/sub1","required_capability":"WORKSPACE_WRITE","version":1,"state":"STAGED"},"passport":{"task_id":"DIFF-TASK-1001-871","task_version":1,"goal_id":"GOAL-CANONICAL","scope_paths":["c:/users/lol/2026-workspace/courier/scratch/expedition_test_a/sub1"],"max_capability":"WORKSPACE_WRITE","signature":"16655abb6a60fa9ea86e054cd399f65310008baa5d385adfe4276dc0c6fb54f4","issued_at":"2026-09-10T04:19:38.544Z"}}
FRAME:593:a6d10587698230ce
{"type":"TASK_STAGED","task":{"task_id":"DIFF-TASK-1001-873","title":"Differential Test Task 873","priority":"P2","working_dir":"C:/Users/lol/2026-workspace/courier/scratch/expedition_test_b/logs","required_capability":"WORKSPACE_WRITE","version":1,"state":"STAGED"},"passport":{"task_id":"DIFF-TASK-1001-873","task_version":1,"goal_id":"GOAL-CANONICAL","scope_paths":["c:/users/lol/2026-workspace/courier/scratch/expedition_test_b/logs"],"max_capability":"WORKSPACE_WRITE","signature":"daa9a9fa85c030944b396595d115ac3d46e6f9086a57e05f36504aceff336247","issued_at":"2026-09-10T04:19:38.550Z"}}
FRAME:585:39a20f73e228eb43
{"type":"TASK_STAGED","task":{"task_id":"DIFF-TASK-1001-875","title":"Differential Test Task 875","priority":"P0","working_dir":"C:/Users/lol/2026-workspace/courier/scratch/expedition_test_a/sub1","required_capability":"EXTERNAL_FS","version":1,"state":"STAGED"},"passport":{"task_id":"DIFF-TASK-1001-875","task_version":1,"goal_id":"GOAL-CANONICAL","scope_paths":["c:/users/lol/2026-workspace/courier/scratch/expedition_test_a/sub1"],"max_capability":"EXTERNAL_FS","signature":"a06608cb4cc00fb59ee811cc8f50bf97d7575d846487e4ba66d505f935ed79ff","issued_at":"2026-09-10T04:19:38.555Z"}}
FRAME:583:fcc945eb56a6665a
{"type":"TASK_STAGED","task":{"task_id":"DIFF-TASK-1001-876","title":"Differential Test Task 876","priority":"P0","working_dir":"C:/Users/lol/2026-workspace/courier/scratch/expedition_test_c","required_capability":"WORKSPACE_WRITE","version":1,"state":"STAGED"},"passport":{"task_id":"DIFF-TASK-1001-876","task_version":1,"goal_id":"GOAL-CANONICAL","scope_paths":["c:/users/lol/2026-workspace/courier/scratch/expedition_test_c"],"max_capability":"WORKSPACE_WRITE","signature":"e8021f31fe3283782b54cc774e6d4f6a14916136d83fd45f709960e53883de4d","issued_at":"2026-09-10T04:19:38.555Z"}}
FRAME:593:891dc1ed547a90ea
{"type":"TASK_STAGED","task":{"task_id":"DIFF-TASK-1001-877","title":"Differential Test Task 877","priority":"P2","working_dir":"C:/Users/lol/2026-workspace/courier/scratch/expedition_test_b/logs","required_capability":"WORKSPACE_WRITE","version":1,"state":"STAGED"},"passport":{"task_id":"DIFF-TASK-1001-877","task_version":1,"goal_id":"GOAL-CANONICAL","scope_paths":["c:/users/lol/2026-workspace/courier/scratch/expedition_test_b/logs"],"max_capability":"WORKSPACE_WRITE","signature":"027da6da8f1a23d9d3a71e028c0d8637d08413280b7456955d3bc9a3bec45757","issued_at":"2026-09-10T04:19:38.555Z"}}
FRAME:605:2f04d0dc3a6034d2
{"type":"TASK_STAGED","task":{"task_id":"DIFF-TASK-1001-880","title":"Differential Test Task 880","priority":"P0","working_dir":"C:/Users/lol/2026-workspace/courier/scratch/expedition_test_c/data/cache","required_capability":"WORKSPACE_WRITE","version":1,"state":"STAGED"},"passport":{"task_id":"DIFF-TASK-1001-880","task_version":1,"goal_id":"GOAL-CANONICAL","scope_paths":["c:/users/lol/2026-workspace/courier/scratch/expedition_test_c/data/cache"],"max_capability":"WORKSPACE_WRITE","signature":"058d05ac5b72145e89a3965f4b28d86b35909bb33ae6fba53965adf1f2e77cf4","issued_at":"2026-09-10T04:19:38.568Z"}}
FRAME:583:12de581892da6647
{"type":"TASK_STAGED","task":{"task_id":"DIFF-TASK-1001-884","title":"Differential Test Task 884","priority":"P2","working_dir":"C:/Users/lol/2026-workspace/courier/scratch/expedition_test_b","required_capability":"WORKSPACE_WRITE","version":1,"state":"STAGED"},"passport":{"task_id":"DIFF-TASK-1001-884","task_version":1,"goal_id":"GOAL-CANONICAL","scope_paths":["c:/users/lol/2026-workspace/courier/scratch/expedition_test_b"],"max_capability":"WORKSPACE_WRITE","signature":"4dcce9128556c2cfe37cc55bbf1cfd5c1ec620f3cbb129d00df3bbae3ebb6046","issued_at":"2026-09-10T04:19:38.573Z"}}
FRAME:583:711731dedc331ac7
{"type":"TASK_STAGED","task":{"task_id":"DIFF-TASK-1001-888","title":"Differential Test Task 888","priority":"P1","working_dir":"C:/Users/lol/2026-workspace/courier/scratch/expedition_test_b","required_capability":"WORKSPACE_WRITE","version":1,"state":"STAGED"},"passport":{"task_id":"DIFF-TASK-1001-888","task_version":1,"goal_id":"GOAL-CANONICAL","scope_paths":["c:/users/lol/2026-workspace/courier/scratch/expedition_test_b"],"max_capability":"WORKSPACE_WRITE","signature":"5ccd2a62185d50a61fd013102cef84cba277a85cf497f980c9dadc6c95a9e808","issued_at":"2026-09-10T04:19:38.585Z"}}
FRAME:605:d6aab5a00553a7ca
{"type":"TASK_STAGED","task":{"task_id":"DIFF-TASK-1001-890","title":"Differential Test Task 890","priority":"P1","working_dir":"C:/Users/lol/2026-workspace/courier/scratch/expedition_test_c/data/cache","required_capability":"WORKSPACE_WRITE","version":1,"state":"STAGED"},"passport":{"task_id":"DIFF-TASK-1001-890","task_version":1,"goal_id":"GOAL-CANONICAL","scope_paths":["c:/users/lol/2026-workspace/courier/scratch/expedition_test_c/data/cache"],"max_capability":"WORKSPACE_WRITE","signature":"78e62037ae43d28b9ecfc2d11c75113ffe5c4e753dca14603a39549c1088e47c","issued_at":"2026-09-10T04:19:38.589Z"}}
FRAME:583:949813a96ffdeb0a
{"type":"TASK_STAGED","task":{"task_id":"DIFF-TASK-1001-894","title":"Differential Test Task 894","priority":"P2","working_dir":"C:/Users/lol/2026-workspace/courier/scratch/expedition_test_c","required_capability":"WORKSPACE_WRITE","version":1,"state":"STAGED"},"passport":{"task_id":"DIFF-TASK-1001-894","task_version":1,"goal_id":"GOAL-CANONICAL","scope_paths":["c:/users/lol/2026-workspace/courier/scratch/expedition_test_c"],"max_capability":"WORKSPACE_WRITE","signature":"8375d4e8a9ccd6a23f32ba99f6fd5a0ac1f2fa82eb01743781c53c7b2492e80f","issued_at":"2026-09-10T04:19:38.602Z"}}
FRAME:583:05b0b0dbf729f3d8
{"type":"TASK_STAGED","task":{"task_id":"DIFF-TASK-1001-898","title":"Differential Test Task 898","priority":"P0","working_dir":"C:/Users/lol/2026-workspace/courier/scratch/expedition_test_b","required_capability":"WORKSPACE_WRITE","version":1,"state":"STAGED"},"passport":{"task_id":"DIFF-TASK-1001-898","task_version":1,"goal_id":"GOAL-CANONICAL","scope_paths":["c:/users/lol/2026-workspace/courier/scratch/expedition_test_b"],"max_capability":"WORKSPACE_WRITE","signature":"ea209718e813c6934f4cc0e3ca661cbf75892a31039859eeb425db2808174b89","issued_at":"2026-09-10T04:19:38.607Z"}}
FRAME:593:3d0c0b48947f013e
{"type":"TASK_STAGED","task":{"task_id":"DIFF-TASK-1001-900","title":"Differential Test Task 900","priority":"P2","working_dir":"C:/Users/lol/2026-workspace/courier/scratch/expedition_test_b/logs","required_capability":"WORKSPACE_WRITE","version":1,"state":"STAGED"},"passport":{"task_id":"DIFF-TASK-1001-900","task_version":1,"goal_id":"GOAL-CANONICAL","scope_paths":["c:/users/lol/2026-workspace/courier/scratch/expedition_test_b/logs"],"max_capability":"WORKSPACE_WRITE","signature":"a04389fc34c39a47ba8a19f4a3abcdd1a638a7d7820427ee972a541bb2418b3c","issued_at":"2026-09-10T04:19:38.608Z"}}
FRAME:583:5c57d3dcfc1eb01e
{"type":"TASK_STAGED","task":{"task_id":"DIFF-TASK-1001-904","title":"Differential Test Task 904","priority":"P1","working_dir":"C:/Users/lol/2026-workspace/courier/scratch/expedition_test_c","required_capability":"WORKSPACE_WRITE","version":1,"state":"STAGED"},"passport":{"task_id":"DIFF-TASK-1001-904","task_version":1,"goal_id":"GOAL-CANONICAL","scope_paths":["c:/users/lol/2026-workspace/courier/scratch/expedition_test_c"],"max_capability":"WORKSPACE_WRITE","signature":"9cfe73338ea583bae07e34a49f157ee1fb505901c62e8b8001a60c49bbd2ae19","issued_at":"2026-09-10T04:19:38.615Z"}}
FRAME:605:503eee863bf51e05
{"type":"TASK_STAGED","task":{"task_id":"DIFF-TASK-1001-906","title":"Differential Test Task 906","priority":"P2","working_dir":"C:/Users/lol/2026-workspace/courier/scratch/expedition_test_c/data/cache","required_capability":"WORKSPACE_WRITE","version":1,"state":"STAGED"},"passport":{"task_id":"DIFF-TASK-1001-906","task_version":1,"goal_id":"GOAL-CANONICAL","scope_paths":["c:/users/lol/2026-workspace/courier/scratch/expedition_test_c/data/cache"],"max_capability":"WORKSPACE_WRITE","signature":"d6e67a0c99ba4edd50e517ceae4027b779d4f4fa418089048cbd79830c0f7c9c","issued_at":"2026-09-10T04:19:38.620Z"}}
FRAME:605:6efcd1e312119456
{"type":"TASK_STAGED","task":{"task_id":"DIFF-TASK-1001-908","title":"Differential Test Task 908","priority":"P2","working_dir":"C:/Users/lol/2026-workspace/courier/scratch/expedition_test_c/data/cache","required_capability":"WORKSPACE_WRITE","version":1,"state":"STAGED"},"passport":{"task_id":"DIFF-TASK-1001-908","task_version":1,"goal_id":"GOAL-CANONICAL","scope_paths":["c:/users/lol/2026-workspace/courier/scratch/expedition_test_c/data/cache"],"max_capability":"WORKSPACE_WRITE","signature":"056c388b9ca6405b93bd609eb23a87608b0bb3392583acadb9166e369cba5a65","issued_at":"2026-09-10T04:19:38.621Z"}}
FRAME:583:937ce49b9bbd48bd
{"type":"TASK_STAGED","task":{"task_id":"DIFF-TASK-1001-915","title":"Differential Test Task 915","priority":"P2","working_dir":"C:/Users/lol/2026-workspace/courier/scratch/expedition_test_a","required_capability":"WORKSPACE_WRITE","version":1,"state":"STAGED"},"passport":{"task_id":"DIFF-TASK-1001-915","task_version":1,"goal_id":"GOAL-CANONICAL","scope_paths":["c:/users/lol/2026-workspace/courier/scratch/expedition_test_a"],"max_capability":"WORKSPACE_WRITE","signature":"2011bbc06df8213b057340459770a5f9cdfc04051e5363e0c945077c2e5a7238","issued_at":"2026-09-10T04:19:38.632Z"}}
FRAME:605:25a9cd4b75f308d0
{"type":"TASK_STAGED","task":{"task_id":"DIFF-TASK-1001-918","title":"Differential Test Task 918","priority":"P2","working_dir":"C:/Users/lol/2026-workspace/courier/scratch/expedition_test_c/data/cache","required_capability":"WORKSPACE_WRITE","version":1,"state":"STAGED"},"passport":{"task_id":"DIFF-TASK-1001-918","task_version":1,"goal_id":"GOAL-CANONICAL","scope_paths":["c:/users/lol/2026-workspace/courier/scratch/expedition_test_c/data/cache"],"max_capability":"WORKSPACE_WRITE","signature":"61e413ead1730193454d863fe42e51b59ae57cdc939d000921046ad2dc9b6a3d","issued_at":"2026-09-10T04:19:38.637Z"}}
FRAME:605:2cb79afa3e7ce627
{"type":"TASK_STAGED","task":{"task_id":"DIFF-TASK-1001-919","title":"Differential Test Task 919","priority":"P1","working_dir":"C:/Users/lol/2026-workspace/courier/scratch/expedition_test_c/data/cache","required_capability":"WORKSPACE_WRITE","version":1,"state":"STAGED"},"passport":{"task_id":"DIFF-TASK-1001-919","task_version":1,"goal_id":"GOAL-CANONICAL","scope_paths":["c:/users/lol/2026-workspace/courier/scratch/expedition_test_c/data/cache"],"max_capability":"WORKSPACE_WRITE","signature":"20ecbe88b461e96b1d04eb26fc858e3e5c1fb0c697bab03cb141bcf6608bf611","issued_at":"2026-09-10T04:19:38.638Z"}}
FRAME:583:9c5eecb3c28617cb
{"type":"TASK_STAGED","task":{"task_id":"DIFF-TASK-1001-923","title":"Differential Test Task 923","priority":"P2","working_dir":"C:/Users/lol/2026-workspace/courier/scratch/expedition_test_a","required_capability":"WORKSPACE_WRITE","version":1,"state":"STAGED"},"passport":{"task_id":"DIFF-TASK-1001-923","task_version":1,"goal_id":"GOAL-CANONICAL","scope_paths":["c:/users/lol/2026-workspace/courier/scratch/expedition_test_a"],"max_capability":"WORKSPACE_WRITE","signature":"b402807c18e1e7c4eea50ea2a47214c36739cb4afc42be314072285992b66feb","issued_at":"2026-09-10T04:19:38.645Z"}}
FRAME:593:9406d0692d52341e
{"type":"TASK_STAGED","task":{"task_id":"DIFF-TASK-1001-924","title":"Differential Test Task 924","priority":"P1","working_dir":"C:/Users/lol/2026-workspace/courier/scratch/expedition_test_b/logs","required_capability":"WORKSPACE_WRITE","version":1,"state":"STAGED"},"passport":{"task_id":"DIFF-TASK-1001-924","task_version":1,"goal_id":"GOAL-CANONICAL","scope_paths":["c:/users/lol/2026-workspace/courier/scratch/expedition_test_b/logs"],"max_capability":"WORKSPACE_WRITE","signature":"f8b7b7caef2fc2cf1b71255350f07c4a8d4f554922fa6c89d2c2cd42759626bf","issued_at":"2026-09-10T04:19:38.645Z"}}
FRAME:593:70b1320f83d6f9f5
{"type":"TASK_STAGED","task":{"task_id":"DIFF-TASK-1001-927","title":"Differential Test Task 927","priority":"P1","working_dir":"C:/Users/lol/2026-workspace/courier/scratch/expedition_test_a/sub1","required_capability":"WORKSPACE_WRITE","version":1,"state":"STAGED"},"passport":{"task_id":"DIFF-TASK-1001-927","task_version":1,"goal_id":"GOAL-CANONICAL","scope_paths":["c:/users/lol/2026-workspace/courier/scratch/expedition_test_a/sub1"],"max_capability":"WORKSPACE_WRITE","signature":"47bc00eacee9ba19ac775ee6c4dc1ef4fca5cee8077db4a9a8221379beb6d282","issued_at":"2026-09-10T04:19:38.651Z"}}
FRAME:583:f2e2d6e4274f5c25
{"type":"TASK_STAGED","task":{"task_id":"DIFF-TASK-1001-928","title":"Differential Test Task 928","priority":"P1","working_dir":"C:/Users/lol/2026-workspace/courier/scratch/expedition_test_c","required_capability":"WORKSPACE_WRITE","version":1,"state":"STAGED"},"passport":{"task_id":"DIFF-TASK-1001-928","task_version":1,"goal_id":"GOAL-CANONICAL","scope_paths":["c:/users/lol/2026-workspace/courier/scratch/expedition_test_c"],"max_capability":"WORKSPACE_WRITE","signature":"cb23aa27be65cbf6a4196b2340791f45488f284fb3c60ca07cdb209087ae6df8","issued_at":"2026-09-10T04:19:38.651Z"}}
FRAME:583:6048e7d1fdb40799
{"type":"TASK_STAGED","task":{"task_id":"DIFF-TASK-1001-930","title":"Differential Test Task 930","priority":"P0","working_dir":"C:/Users/lol/2026-workspace/courier/scratch/expedition_test_c","required_capability":"WORKSPACE_WRITE","version":1,"state":"STAGED"},"passport":{"task_id":"DIFF-TASK-1001-930","task_version":1,"goal_id":"GOAL-CANONICAL","scope_paths":["c:/users/lol/2026-workspace/courier/scratch/expedition_test_c"],"max_capability":"WORKSPACE_WRITE","signature":"4f8cad7c5cb74941b850e63e74a72c992aa107469d093dbd05c6d6f1b0ef7b4e","issued_at":"2026-09-10T04:19:38.656Z"}}
FRAME:583:fc3d5f2b50c14312
{"type":"TASK_STAGED","task":{"task_id":"DIFF-TASK-1001-931","title":"Differential Test Task 931","priority":"P2","working_dir":"C:/Users/lol/2026-workspace/courier/scratch/expedition_test_a","required_capability":"WORKSPACE_WRITE","version":1,"state":"STAGED"},"passport":{"task_id":"DIFF-TASK-1001-931","task_version":1,"goal_id":"GOAL-CANONICAL","scope_paths":["c:/users/lol/2026-workspace/courier/scratch/expedition_test_a"],"max_capability":"WORKSPACE_WRITE","signature":"05149821c6974c7b2f3eafc5435168e27e9f5c4a867dd83a0aa3bf200d7687d5","issued_at":"2026-09-10T04:19:38.656Z"}}
FRAME:583:e9e751f154b7cd00
{"type":"TASK_STAGED","task":{"task_id":"DIFF-TASK-1001-941","title":"Differential Test Task 941","priority":"P0","working_dir":"C:/Users/lol/2026-workspace/courier/scratch/expedition_test_c","required_capability":"WORKSPACE_WRITE","version":1,"state":"STAGED"},"passport":{"task_id":"DIFF-TASK-1001-941","task_version":1,"goal_id":"GOAL-CANONICAL","scope_paths":["c:/users/lol/2026-workspace/courier/scratch/expedition_test_c"],"max_capability":"WORKSPACE_WRITE","signature":"450d3d1f41d9765b13e36c772a60a73998b01462742a857f9e99fb54f0e7aa96","issued_at":"2026-09-10T04:19:38.690Z"}}
FRAME:583:e889e2c0ac89e0f3
{"type":"TASK_STAGED","task":{"task_id":"DIFF-TASK-1001-943","title":"Differential Test Task 943","priority":"P1","working_dir":"C:/Users/lol/2026-workspace/courier/scratch/expedition_test_c","required_capability":"WORKSPACE_WRITE","version":1,"state":"STAGED"},"passport":{"task_id":"DIFF-TASK-1001-943","task_version":1,"goal_id":"GOAL-CANONICAL","scope_paths":["c:/users/lol/2026-workspace/courier/scratch/expedition_test_c"],"max_capability":"WORKSPACE_WRITE","signature":"e8af4ffadb3eeb30bc30063babc7f52a76419a037a3e6856f621d2cee1d6a8b5","issued_at":"2026-09-10T04:19:38.699Z"}}
FRAME:605:b4d008ca65c27ccd
{"type":"TASK_STAGED","task":{"task_id":"DIFF-TASK-1001-948","title":"Differential Test Task 948","priority":"P1","working_dir":"C:/Users/lol/2026-workspace/courier/scratch/expedition_test_c/data/cache","required_capability":"WORKSPACE_WRITE","version":1,"state":"STAGED"},"passport":{"task_id":"DIFF-TASK-1001-948","task_version":1,"goal_id":"GOAL-CANONICAL","scope_paths":["c:/users/lol/2026-workspace/courier/scratch/expedition_test_c/data/cache"],"max_capability":"WORKSPACE_WRITE","signature":"d6f39893b2c0015364f06addf279ef1a90b84e66e4f185890f6b01caeeab4efb","issued_at":"2026-09-10T04:19:38.713Z"}}
FRAME:583:c8b06d11fef7ce88
{"type":"TASK_STAGED","task":{"task_id":"DIFF-TASK-1001-949","title":"Differential Test Task 949","priority":"P2","working_dir":"C:/Users/lol/2026-workspace/courier/scratch/expedition_test_c","required_capability":"WORKSPACE_WRITE","version":1,"state":"STAGED"},"passport":{"task_id":"DIFF-TASK-1001-949","task_version":1,"goal_id":"GOAL-CANONICAL","scope_paths":["c:/users/lol/2026-workspace/courier/scratch/expedition_test_c"],"max_capability":"WORKSPACE_WRITE","signature":"0805532b38a677038e25badc2715c329327f499a6705944e7c4bfc788318e068","issued_at":"2026-09-10T04:19:38.714Z"}}
FRAME:605:f87494ea8bd04e4a
{"type":"TASK_STAGED","task":{"task_id":"DIFF-TASK-1001-951","title":"Differential Test Task 951","priority":"P1","working_dir":"C:/Users/lol/2026-workspace/courier/scratch/expedition_test_c/data/cache","required_capability":"WORKSPACE_WRITE","version":1,"state":"STAGED"},"passport":{"task_id":"DIFF-TASK-1001-951","task_version":1,"goal_id":"GOAL-CANONICAL","scope_paths":["c:/users/lol/2026-workspace/courier/scratch/expedition_test_c/data/cache"],"max_capability":"WORKSPACE_WRITE","signature":"dd6e519ff044a50dc646f0efe9745f1e5e65fe658b86ad41d554c02780c539f8","issued_at":"2026-09-10T04:19:38.714Z"}}
FRAME:593:83b48650b27229cb
{"type":"TASK_STAGED","task":{"task_id":"DIFF-TASK-1001-952","title":"Differential Test Task 952","priority":"P1","working_dir":"C:/Users/lol/2026-workspace/courier/scratch/expedition_test_b/logs","required_capability":"WORKSPACE_WRITE","version":1,"state":"STAGED"},"passport":{"task_id":"DIFF-TASK-1001-952","task_version":1,"goal_id":"GOAL-CANONICAL","scope_paths":["c:/users/lol/2026-workspace/courier/scratch/expedition_test_b/logs"],"max_capability":"WORKSPACE_WRITE","signature":"fc720113dd4bc5b273bfa810884f9fb2d83ad07ca8ac47b41d39611f8f9b3abc","issued_at":"2026-09-10T04:19:38.714Z"}}
FRAME:583:2f7bdf0dac2e43b6
{"type":"TASK_STAGED","task":{"task_id":"DIFF-TASK-1001-953","title":"Differential Test Task 953","priority":"P1","working_dir":"C:/Users/lol/2026-workspace/courier/scratch/expedition_test_b","required_capability":"WORKSPACE_WRITE","version":1,"state":"STAGED"},"passport":{"task_id":"DIFF-TASK-1001-953","task_version":1,"goal_id":"GOAL-CANONICAL","scope_paths":["c:/users/lol/2026-workspace/courier/scratch/expedition_test_b"],"max_capability":"WORKSPACE_WRITE","signature":"130900521ef671327760317e46e738506dfc358ecde40a2dd93f3ba0e3abfcc9","issued_at":"2026-09-10T04:19:38.714Z"}}
FRAME:593:2df2e07b3ebf42aa
{"type":"TASK_STAGED","task":{"task_id":"DIFF-TASK-1001-954","title":"Differential Test Task 954","priority":"P2","working_dir":"C:/Users/lol/2026-workspace/courier/scratch/expedition_test_b/logs","required_capability":"WORKSPACE_WRITE","version":1,"state":"STAGED"},"passport":{"task_id":"DIFF-TASK-1001-954","task_version":1,"goal_id":"GOAL-CANONICAL","scope_paths":["c:/users/lol/2026-workspace/courier/scratch/expedition_test_b/logs"],"max_capability":"WORKSPACE_WRITE","signature":"c5fb3cb39c427c60aefee666751713889c08a8a49a14e1db466eb199af882e1e","issued_at":"2026-09-10T04:19:38.715Z"}}
FRAME:583:370e8a426fbdcba4
{"type":"TASK_STAGED","task":{"task_id":"DIFF-TASK-1001-957","title":"Differential Test Task 957","priority":"P0","working_dir":"C:/Users/lol/2026-workspace/courier/scratch/expedition_test_a","required_capability":"WORKSPACE_WRITE","version":1,"state":"STAGED"},"passport":{"task_id":"DIFF-TASK-1001-957","task_version":1,"goal_id":"GOAL-CANONICAL","scope_paths":["c:/users/lol/2026-workspace/courier/scratch/expedition_test_a"],"max_capability":"WORKSPACE_WRITE","signature":"74c6fcbad2d6b0f33a80ae4a7885014cc012a652ca27b5c59d0d3db324101163","issued_at":"2026-09-10T04:19:38.727Z"}}
FRAME:593:393ba0b28e9853b0
{"type":"TASK_STAGED","task":{"task_id":"DIFF-TASK-1001-960","title":"Differential Test Task 960","priority":"P2","working_dir":"C:/Users/lol/2026-workspace/courier/scratch/expedition_test_b/logs","required_capability":"WORKSPACE_WRITE","version":1,"state":"STAGED"},"passport":{"task_id":"DIFF-TASK-1001-960","task_version":1,"goal_id":"GOAL-CANONICAL","scope_paths":["c:/users/lol/2026-workspace/courier/scratch/expedition_test_b/logs"],"max_capability":"WORKSPACE_WRITE","signature":"b70146725512aab08b435ce091449d295c5fe7076f278abef9db9938a8f36e02","issued_at":"2026-09-10T04:19:38.738Z"}}
FRAME:583:b3db5e1d7a0f950b
{"type":"TASK_STAGED","task":{"task_id":"DIFF-TASK-1001-961","title":"Differential Test Task 961","priority":"P0","working_dir":"C:/Users/lol/2026-workspace/courier/scratch/expedition_test_c","required_capability":"WORKSPACE_WRITE","version":1,"state":"STAGED"},"passport":{"task_id":"DIFF-TASK-1001-961","task_version":1,"goal_id":"GOAL-CANONICAL","scope_paths":["c:/users/lol/2026-workspace/courier/scratch/expedition_test_c"],"max_capability":"WORKSPACE_WRITE","signature":"9fe1aa7aba8e76027f08f20e84eb4f3a29c2961cb7d15b705e7603f4e4137322","issued_at":"2026-09-10T04:19:38.738Z"}}
FRAME:583:ba23d49324d47e5b
{"type":"TASK_STAGED","task":{"task_id":"DIFF-TASK-1001-964","title":"Differential Test Task 964","priority":"P0","working_dir":"C:/Users/lol/2026-workspace/courier/scratch/expedition_test_b","required_capability":"WORKSPACE_WRITE","version":1,"state":"STAGED"},"passport":{"task_id":"DIFF-TASK-1001-964","task_version":1,"goal_id":"GOAL-CANONICAL","scope_paths":["c:/users/lol/2026-workspace/courier/scratch/expedition_test_b"],"max_capability":"WORKSPACE_WRITE","signature":"0d63923ce5656ed66c8329610d9a1fb9d9c88062679d985bb9caba8caf1d6c77","issued_at":"2026-09-10T04:19:38.738Z"}}
FRAME:583:8ef6ffadfa44f1a4
{"type":"TASK_STAGED","task":{"task_id":"DIFF-TASK-1001-966","title":"Differential Test Task 966","priority":"P1","working_dir":"C:/Users/lol/2026-workspace/courier/scratch/expedition_test_c","required_capability":"WORKSPACE_WRITE","version":1,"state":"STAGED"},"passport":{"task_id":"DIFF-TASK-1001-966","task_version":1,"goal_id":"GOAL-CANONICAL","scope_paths":["c:/users/lol/2026-workspace/courier/scratch/expedition_test_c"],"max_capability":"WORKSPACE_WRITE","signature":"3e2fde6c365ff12de2047c1842e83e7813b260c0e4d541496e4c8ed65b828d84","issued_at":"2026-09-10T04:19:38.739Z"}}
FRAME:605:9c8c1096900e8c7c
{"type":"TASK_STAGED","task":{"task_id":"DIFF-TASK-1001-967","title":"Differential Test Task 967","priority":"P1","working_dir":"C:/Users/lol/2026-workspace/courier/scratch/expedition_test_c/data/cache","required_capability":"WORKSPACE_WRITE","version":1,"state":"STAGED"},"passport":{"task_id":"DIFF-TASK-1001-967","task_version":1,"goal_id":"GOAL-CANONICAL","scope_paths":["c:/users/lol/2026-workspace/courier/scratch/expedition_test_c/data/cache"],"max_capability":"WORKSPACE_WRITE","signature":"efc3d32973c338dc5326ff9f21a4028b3b6768e38086e458f380e71e377bf345","issued_at":"2026-09-10T04:19:38.739Z"}}
FRAME:585:deab5224426c4d00
{"type":"TASK_STAGED","task":{"task_id":"DIFF-TASK-1001-969","title":"Differential Test Task 969","priority":"P1","working_dir":"C:/Users/lol/2026-workspace/courier/scratch/expedition_test_b/logs","required_capability":"EXTERNAL_FS","version":1,"state":"STAGED"},"passport":{"task_id":"DIFF-TASK-1001-969","task_version":1,"goal_id":"GOAL-CANONICAL","scope_paths":["c:/users/lol/2026-workspace/courier/scratch/expedition_test_b/logs"],"max_capability":"EXTERNAL_FS","signature":"6e4d827685a0073a3ad901adecda7c13e86b98c52fb77e421fd4e07c7c087e30","issued_at":"2026-09-10T04:19:38.747Z"}}
FRAME:583:48cd49f774673818
{"type":"TASK_STAGED","task":{"task_id":"DIFF-TASK-1001-972","title":"Differential Test Task 972","priority":"P0","working_dir":"C:/Users/lol/2026-workspace/courier/scratch/expedition_test_c","required_capability":"WORKSPACE_WRITE","version":1,"state":"STAGED"},"passport":{"task_id":"DIFF-TASK-1001-972","task_version":1,"goal_id":"GOAL-CANONICAL","scope_paths":["c:/users/lol/2026-workspace/courier/scratch/expedition_test_c"],"max_capability":"WORKSPACE_WRITE","signature":"685bb59ded2d9df704f70a19f8a5ea6b5b0d1e35a1879c7d64c8851cf37faeab","issued_at":"2026-09-10T04:19:38.752Z"}}
FRAME:575:15d56cb162353884
{"type":"TASK_STAGED","task":{"task_id":"DIFF-TASK-1001-974","title":"Differential Test Task 974","priority":"P2","working_dir":"C:/Users/lol/2026-workspace/courier/scratch/expedition_test_a","required_capability":"EXTERNAL_FS","version":1,"state":"STAGED"},"passport":{"task_id":"DIFF-TASK-1001-974","task_version":1,"goal_id":"GOAL-CANONICAL","scope_paths":["c:/users/lol/2026-workspace/courier/scratch/expedition_test_a"],"max_capability":"EXTERNAL_FS","signature":"00f2fc20e91b24014d06ee538e4d9ca8cf776eabe2660bcc39285b35fc82bbee","issued_at":"2026-09-10T04:19:38.753Z"}}
FRAME:605:3a939e1b7ad268c4
{"type":"TASK_STAGED","task":{"task_id":"DIFF-TASK-1001-977","title":"Differential Test Task 977","priority":"P2","working_dir":"C:/Users/lol/2026-workspace/courier/scratch/expedition_test_c/data/cache","required_capability":"WORKSPACE_WRITE","version":1,"state":"STAGED"},"passport":{"task_id":"DIFF-TASK-1001-977","task_version":1,"goal_id":"GOAL-CANONICAL","scope_paths":["c:/users/lol/2026-workspace/courier/scratch/expedition_test_c/data/cache"],"max_capability":"WORKSPACE_WRITE","signature":"b88677fd28f406b3067a30ddd1deed1fefaae9a95a5365dfa98dd64598943258","issued_at":"2026-09-10T04:19:38.753Z"}}
FRAME:583:2e1fb8937a57879c
{"type":"TASK_STAGED","task":{"task_id":"DIFF-TASK-1001-982","title":"Differential Test Task 982","priority":"P1","working_dir":"C:/Users/lol/2026-workspace/courier/scratch/expedition_test_b","required_capability":"WORKSPACE_WRITE","version":1,"state":"STAGED"},"passport":{"task_id":"DIFF-TASK-1001-982","task_version":1,"goal_id":"GOAL-CANONICAL","scope_paths":["c:/users/lol/2026-workspace/courier/scratch/expedition_test_b"],"max_capability":"WORKSPACE_WRITE","signature":"5520a0913167592d21f626fa59e306df5442aa08610af061319dc4683e1d7d84","issued_at":"2026-09-10T04:19:38.759Z"}}
FRAME:593:4535f4261acb99da
{"type":"TASK_STAGED","task":{"task_id":"DIFF-TASK-1001-985","title":"Differential Test Task 985","priority":"P1","working_dir":"C:/Users/lol/2026-workspace/courier/scratch/expedition_test_b/logs","required_capability":"WORKSPACE_WRITE","version":1,"state":"STAGED"},"passport":{"task_id":"DIFF-TASK-1001-985","task_version":1,"goal_id":"GOAL-CANONICAL","scope_paths":["c:/users/lol/2026-workspace/courier/scratch/expedition_test_b/logs"],"max_capability":"WORKSPACE_WRITE","signature":"ccf0b68d3bc3680d978f6f67dc937d2fd2d2f295e7908271ada58440343ea4b2","issued_at":"2026-09-10T04:19:38.759Z"}}
FRAME:575:5a5f99e801847c16
{"type":"TASK_STAGED","task":{"task_id":"DIFF-TASK-1001-986","title":"Differential Test Task 986","priority":"P0","working_dir":"C:/Users/lol/2026-workspace/courier/scratch/expedition_test_a","required_capability":"EXTERNAL_FS","version":1,"state":"STAGED"},"passport":{"task_id":"DIFF-TASK-1001-986","task_version":1,"goal_id":"GOAL-CANONICAL","scope_paths":["c:/users/lol/2026-workspace/courier/scratch/expedition_test_a"],"max_capability":"EXTERNAL_FS","signature":"2344ab1727a06084fbeaa70c444cf382278fee3342321746a4857a7336c7bbb9","issued_at":"2026-09-10T04:19:38.760Z"}}
FRAME:575:d1de6c5cad98f1b5
{"type":"TASK_STAGED","task":{"task_id":"DIFF-TASK-1001-987","title":"Differential Test Task 987","priority":"P1","working_dir":"C:/Users/lol/2026-workspace/courier/scratch/expedition_test_c","required_capability":"EXTERNAL_FS","version":1,"state":"STAGED"},"passport":{"task_id":"DIFF-TASK-1001-987","task_version":1,"goal_id":"GOAL-CANONICAL","scope_paths":["c:/users/lol/2026-workspace/courier/scratch/expedition_test_c"],"max_capability":"EXTERNAL_FS","signature":"06d2fb0b6111f3175aa9b851902da77176fc5fb82b7b492db3c98a089a5e1b43","issued_at":"2026-09-10T04:19:38.760Z"}}
FRAME:583:f9783ae9bfd56a2e
{"type":"TASK_STAGED","task":{"task_id":"DIFF-TASK-1001-989","title":"Differential Test Task 989","priority":"P2","working_dir":"C:/Users/lol/2026-workspace/courier/scratch/expedition_test_b","required_capability":"WORKSPACE_WRITE","version":1,"state":"STAGED"},"passport":{"task_id":"DIFF-TASK-1001-989","task_version":1,"goal_id":"GOAL-CANONICAL","scope_paths":["c:/users/lol/2026-workspace/courier/scratch/expedition_test_b"],"max_capability":"WORKSPACE_WRITE","signature":"269663e08123e8cd09e784e4e9fd7324521ff074ccee3715a157398ee421d0b2","issued_at":"2026-09-10T04:19:38.766Z"}}
FRAME:583:53fc19c066a4de6b
{"type":"TASK_STAGED","task":{"task_id":"DIFF-TASK-1001-990","title":"Differential Test Task 990","priority":"P0","working_dir":"C:/Users/lol/2026-workspace/courier/scratch/expedition_test_a","required_capability":"WORKSPACE_WRITE","version":1,"state":"STAGED"},"passport":{"task_id":"DIFF-TASK-1001-990","task_version":1,"goal_id":"GOAL-CANONICAL","scope_paths":["c:/users/lol/2026-workspace/courier/scratch/expedition_test_a"],"max_capability":"WORKSPACE_WRITE","signature":"e7811b11294bc15afe4a4544574893e060e36e6406571e8c2b86118f65b5b2d4","issued_at":"2026-09-10T04:19:38.767Z"}}
FRAME:583:a0f4e5fa0a86f0ab
{"type":"TASK_STAGED","task":{"task_id":"DIFF-TASK-1001-991","title":"Differential Test Task 991","priority":"P2","working_dir":"C:/Users/lol/2026-workspace/courier/scratch/expedition_test_a","required_capability":"WORKSPACE_WRITE","version":1,"state":"STAGED"},"passport":{"task_id":"DIFF-TASK-1001-991","task_version":1,"goal_id":"GOAL-CANONICAL","scope_paths":["c:/users/lol/2026-workspace/courier/scratch/expedition_test_a"],"max_capability":"WORKSPACE_WRITE","signature":"7bbee2e72661fa92844ad9fd1d37331f10b30f290c4be6453017ce28e1aa2a4d","issued_at":"2026-09-10T04:19:38.767Z"}}
FRAME:583:d3ffc04207855cdf
{"type":"TASK_STAGED","task":{"task_id":"DIFF-TASK-1001-992","title":"Differential Test Task 992","priority":"P1","working_dir":"C:/Users/lol/2026-workspace/courier/scratch/expedition_test_a","required_capability":"WORKSPACE_WRITE","version":1,"state":"STAGED"},"passport":{"task_id":"DIFF-TASK-1001-992","task_version":1,"goal_id":"GOAL-CANONICAL","scope_paths":["c:/users/lol/2026-workspace/courier/scratch/expedition_test_a"],"max_capability":"WORKSPACE_WRITE","signature":"16e2e60d40066bbe4729b2277c131eb4f5aee5a5f099a315d13e0c1c86602f27","issued_at":"2026-09-10T04:19:38.767Z"}}
FRAME:583:5d45e41e22ad9f62
{"type":"TASK_STAGED","task":{"task_id":"DIFF-TASK-1001-997","title":"Differential Test Task 997","priority":"P1","working_dir":"C:/Users/lol/2026-workspace/courier/scratch/expedition_test_b","required_capability":"WORKSPACE_WRITE","version":1,"state":"STAGED"},"passport":{"task_id":"DIFF-TASK-1001-997","task_version":1,"goal_id":"GOAL-CANONICAL","scope_paths":["c:/users/lol/2026-workspace/courier/scratch/expedition_test_b"],"max_capability":"WORKSPACE_WRITE","signature":"8d9e0b6db7aa6137ef269787962927e60052e1a32d3792e5f43b68cb3f65bf40","issued_at":"2026-09-10T04:19:38.780Z"}}
FRAME:583:0d715cb89c8a1b1b
{"type":"TASK_STAGED","task":{"task_id":"DIFF-TASK-1001-998","title":"Differential Test Task 998","priority":"P1","working_dir":"C:/Users/lol/2026-workspace/courier/scratch/expedition_test_a","required_capability":"WORKSPACE_WRITE","version":1,"state":"STAGED"},"passport":{"task_id":"DIFF-TASK-1001-998","task_version":1,"goal_id":"GOAL-CANONICAL","scope_paths":["c:/users/lol/2026-workspace/courier/scratch/expedition_test_a"],"max_capability":"WORKSPACE_WRITE","signature":"9098fb54433b9eb7f9fad06c218b372f1cb775e131623bc4a344a9dac072c9a4","issued_at":"2026-09-10T04:19:38.780Z"}}
